"rt","stimulus","response","trial_type","trial_index","time_elapsed","internal_node_id","subject_id","study_id","session_id","participant_id","consent_response","consent_timestamp","view_history","trial_type_label","no","exp_id","condition","item_type","item_id","is_practice","word","word_index","word_count","too_fast","correct_answer","response_label","correct"
"5532","
  <div class=""consent-text"">

    <h2>Consent Agreement</h2>

    <p>
      Please read this consent agreement carefully before deciding whether to participate in this experiment.
    </p>

    <p>
      <strong>Description:</strong>
      You are invited to participate in a research study about language and cognition.
      The purpose of the research is to understand how people process and comprehend complex sentences.
      This research will be conducted through the Prolific platform, including participants from the US, UK, and Canada.
    </p>

    <p>
      <strong>Time Involvement:</strong>
      The task will last the amount of time advertised on Prolific.
      You are free to withdraw from the study at any time.
    </p>

    <p>
      <strong>Risks and Benefits:</strong>
      Study data will be stored securely, in compliance with Stanford University standards,
      minimizing the risk of confidentiality breach.
      This study advances our scientific understanding of how people process complex sentences.
      We cannot and do not guarantee or promise that you will receive any benefits from this study.
    </p>

    <p>
      <strong>Compensation:</strong>
      You will receive payment in the amount advertised on Prolific.
      If you do not complete this study, you will receive prorated payment based on the time that you have spent.
      Additionally, you may be eligible for bonus payments as described in the instructions.
    </p>

    <p>
      <strong>Participant's Rights:</strong>
      If you have read this form and have decided to participate in this project,
      please understand your participation is voluntary and you have the right to withdraw your consent
      or discontinue participation at any time without penalty or loss of benefits to which you are otherwise entitled.
      The alternative is not to participate.
      You have the right to refuse to answer particular questions.
      The results of this research study may be presented at scientific or professional meetings
      or published in scientific journals.
      Your individual privacy will be maintained in all published and written data resulting from the study.
      In accordance with scientific norms, the data from this study may be used or shared with other researchers
      for future research (after removing personally identifying information) without additional consent from you.
    </p>

    <p>
      <strong>Contact Information:</strong>
      If you have any questions, concerns, or complaints about this research,
      its procedures, risks, and benefits, contact Oliver Lee
      (<a href=""mailto:oliver.lee@stanford.edu"">oliver.lee@stanford.edu</a>, 217-549-6923).
    </p>

    <p>
      <strong>Independent Contact:</strong>
      If you are not satisfied with how this study is being conducted,
      or if you have any concerns, complaints, or general questions about the research
      or your rights as a participant, please contact the Stanford Institutional Review Board (IRB)
      to speak to someone independent of the research team at 650-723-2480
      or toll free at 1-866-680-2906,
      or email at irbnonmed@stanford.edu.

      You can also write to the Stanford IRB,
      Stanford University, 1705 El Camino Real, Palo Alto, CA 94306.

      Please save or print a copy of this page for your records.
    </p>

    <p>
      <strong>
        If you agree to participate in this research, please click ""I agree"".
      </strong>
    </p>

  </div>
  ","0","html-button-response","0","5550","0.0-0.0","5d537c0cecc84200153075e9","6a04f72bb0f4a868caeeb473","6a05526634fbb9d50ec646a9","2bomnjjb","agree","2026-05-14T04:41:23.120Z","","","","","","","","","","","","","","",""
"25434","","","instructions","1","30987","0.0-1.0","5d537c0cecc84200153075e9","6a04f72bb0f4a868caeeb473","6a05526634fbb9d50ec646a9","2bomnjjb","","","[{""page_index"":0,""viewing_time"":10901},{""page_index"":1,""viewing_time"":11822},{""page_index"":2,""viewing_time"":2711}]","instructions","","","","","","","","","","","","",""
"null","<span class=""fixation"">+</span>","null","html-keyboard-response","2","31497","0.0-2.0","5d537c0cecc84200153075e9","6a04f72bb0f4a868caeeb473","6a05526634fbb9d50ec646a9","2bomnjjb","","","","fixation","P1","practice","practice","practice","p1","1","","","","","","",""
"1077","<div class=""spr-display"">--- --- --- -- --- ----"," ","html-keyboard-response","3","32575","0.0-3.0","5d537c0cecc84200153075e9","6a04f72bb0f4a868caeeb473","6a05526634fbb9d50ec646a9","2bomnjjb","","","","prompt","P1","practice","practice","practice","p1","1","","","","","","",""
"392","<div class=""spr-display"">The --- --- -- --- ----</div>"," ","html-keyboard-response","4","32967","0.0-4.0","5d537c0cecc84200153075e9","6a04f72bb0f4a868caeeb473","6a05526634fbb9d50ec646a9","2bomnjjb","","","","spr_word","P1","practice","practice","practice","p1","1","The","0","6","false","","",""
"352","<div class=""spr-display"">The cat --- -- --- ----</div>"," ","html-keyboard-response","5","33320","0.0-5.0","5d537c0cecc84200153075e9","6a04f72bb0f4a868caeeb473","6a05526634fbb9d50ec646a9","2bomnjjb","","","","spr_word","P1","practice","practice","practice","p1","1","cat","1","6","false","","",""
"367","<div class=""spr-display"">The cat sat -- --- ----</div>"," ","html-keyboard-response","6","33688","0.0-6.0","5d537c0cecc84200153075e9","6a04f72bb0f4a868caeeb473","6a05526634fbb9d50ec646a9","2bomnjjb","","","","spr_word","P1","practice","practice","practice","p1","1","sat","2","6","false","","",""
"323","<div class=""spr-display"">The cat sat on --- ----</div>"," ","html-keyboard-response","7","34012","0.0-7.0","5d537c0cecc84200153075e9","6a04f72bb0f4a868caeeb473","6a05526634fbb9d50ec646a9","2bomnjjb","","","","spr_word","P1","practice","practice","practice","p1","1","on","3","6","false","","",""
"325","<div class=""spr-display"">The cat sat on the ----</div>"," ","html-keyboard-response","8","34338","0.0-8.0","5d537c0cecc84200153075e9","6a04f72bb0f4a868caeeb473","6a05526634fbb9d50ec646a9","2bomnjjb","","","","spr_word","P1","practice","practice","practice","p1","1","the","4","6","false","","",""
"1025","<div class=""spr-display"">The cat sat on the mat.</div>"," ","html-keyboard-response","9","35364","0.0-9.0","5d537c0cecc84200153075e9","6a04f72bb0f4a868caeeb473","6a05526634fbb9d50ec646a9","2bomnjjb","","","","spr_word","P1","practice","practice","practice","p1","1","mat.","5","6","false","","",""
"2416","<div class=""comprehension-box"">
                    <p>Was there an animal mentioned in the sentence?</p>
                    <p>Press <span class=""key-label"">F</span> for <strong>Yes</strong> &nbsp;|&nbsp;
                    Press <span class=""key-label"">J</span> for <strong>No</strong></p>
                </div>","f","html-keyboard-response","10","37781","0.0-10.0","5d537c0cecc84200153075e9","6a04f72bb0f4a868caeeb473","6a05526634fbb9d50ec646a9","2bomnjjb","","","","comprehension","P1","practice","practice","practice","p1","1","","","","","f","Yes","true"
"940","<div class=""comprehension-box"">
                    <p class=""feedback-correct"">Correct!</p>
                    <p style=""margin-top:20px; font-size:16px; color:#555;"">
                    Press <span class=""key-label"">SPACE</span> to continue.
                    </p>
                </div>"," ","html-keyboard-response","11","38722","0.0-11.0","5d537c0cecc84200153075e9","6a04f72bb0f4a868caeeb473","6a05526634fbb9d50ec646a9","2bomnjjb","","","","feedback","P1","practice","practice","practice","p1","1","","","","","","",""
"null","<span class=""fixation"">+</span>","null","html-keyboard-response","12","39228","0.0-12.0","5d537c0cecc84200153075e9","6a04f72bb0f4a868caeeb473","6a05526634fbb9d50ec646a9","2bomnjjb","","","","fixation","P2","practice","practice","practice","p2","1","","","","","","",""
"408","<div class=""spr-display"">--- ------ - --- ----- -- --- -------"," ","html-keyboard-response","13","39637","0.0-13.0","5d537c0cecc84200153075e9","6a04f72bb0f4a868caeeb473","6a05526634fbb9d50ec646a9","2bomnjjb","","","","prompt","P2","practice","practice","practice","p2","1","","","","","","",""
"376","<div class=""spr-display"">She ------ - --- ----- -- --- -------</div>"," ","html-keyboard-response","14","40013","0.0-14.0","5d537c0cecc84200153075e9","6a04f72bb0f4a868caeeb473","6a05526634fbb9d50ec646a9","2bomnjjb","","","","spr_word","P2","practice","practice","practice","p2","1","She","0","8","false","","",""
"302","<div class=""spr-display"">She bought - --- ----- -- --- -------</div>"," ","html-keyboard-response","15","40316","0.0-15.0","5d537c0cecc84200153075e9","6a04f72bb0f4a868caeeb473","6a05526634fbb9d50ec646a9","2bomnjjb","","","","spr_word","P2","practice","practice","practice","p2","1","bought","1","8","false","","",""
"413","<div class=""spr-display"">She bought a --- ----- -- --- -------</div>"," ","html-keyboard-response","16","40730","0.0-16.0","5d537c0cecc84200153075e9","6a04f72bb0f4a868caeeb473","6a05526634fbb9d50ec646a9","2bomnjjb","","","","spr_word","P2","practice","practice","practice","p2","1","a","2","8","false","","",""
"295","<div class=""spr-display"">She bought a red ----- -- --- -------</div>"," ","html-keyboard-response","17","41026","0.0-17.0","5d537c0cecc84200153075e9","6a04f72bb0f4a868caeeb473","6a05526634fbb9d50ec646a9","2bomnjjb","","","","spr_word","P2","practice","practice","practice","p2","1","red","3","8","false","","",""
"335","<div class=""spr-display"">She bought a red dress -- --- -------</div>"," ","html-keyboard-response","18","41361","0.0-18.0","5d537c0cecc84200153075e9","6a04f72bb0f4a868caeeb473","6a05526634fbb9d50ec646a9","2bomnjjb","","","","spr_word","P2","practice","practice","practice","p2","1","dress","4","8","false","","",""
"292","<div class=""spr-display"">She bought a red dress at --- -------</div>"," ","html-keyboard-response","19","41654","0.0-19.0","5d537c0cecc84200153075e9","6a04f72bb0f4a868caeeb473","6a05526634fbb9d50ec646a9","2bomnjjb","","","","spr_word","P2","practice","practice","practice","p2","1","at","5","8","false","","",""
"287","<div class=""spr-display"">She bought a red dress at the -------</div>"," ","html-keyboard-response","20","41941","0.0-20.0","5d537c0cecc84200153075e9","6a04f72bb0f4a868caeeb473","6a05526634fbb9d50ec646a9","2bomnjjb","","","","spr_word","P2","practice","practice","practice","p2","1","the","6","8","false","","",""
"956","<div class=""spr-display"">She bought a red dress at the market.</div>"," ","html-keyboard-response","21","42898","0.0-21.0","5d537c0cecc84200153075e9","6a04f72bb0f4a868caeeb473","6a05526634fbb9d50ec646a9","2bomnjjb","","","","spr_word","P2","practice","practice","practice","p2","1","market.","7","8","false","","",""
"2149","<div class=""comprehension-box"">
                    <p>Did she buy something blue?</p>
                    <p>Press <span class=""key-label"">F</span> for <strong>Yes</strong> &nbsp;|&nbsp;
                    Press <span class=""key-label"">J</span> for <strong>No</strong></p>
                </div>","j","html-keyboard-response","22","45048","0.0-22.0","5d537c0cecc84200153075e9","6a04f72bb0f4a868caeeb473","6a05526634fbb9d50ec646a9","2bomnjjb","","","","comprehension","P2","practice","practice","practice","p2","1","","","","","j","No","true"
"780","<div class=""comprehension-box"">
                    <p class=""feedback-correct"">Correct!</p>
                    <p style=""margin-top:20px; font-size:16px; color:#555;"">
                    Press <span class=""key-label"">SPACE</span> to continue.
                    </p>
                </div>"," ","html-keyboard-response","23","45828","0.0-23.0","5d537c0cecc84200153075e9","6a04f72bb0f4a868caeeb473","6a05526634fbb9d50ec646a9","2bomnjjb","","","","feedback","P2","practice","practice","practice","p2","1","","","","","","",""
"null","<span class=""fixation"">+</span>","null","html-keyboard-response","24","46341","0.0-24.0","5d537c0cecc84200153075e9","6a04f72bb0f4a868caeeb473","6a05526634fbb9d50ec646a9","2bomnjjb","","","","fixation","P3","practice","practice","practice","p3","1","","","","","","",""
"72","<div class=""spr-display"">--- -------- ------ -------- -- --- ---- ----- -------"," ","html-keyboard-response","25","46414","0.0-25.0","5d537c0cecc84200153075e9","6a04f72bb0f4a868caeeb473","6a05526634fbb9d50ec646a9","2bomnjjb","","","","prompt","P3","practice","practice","practice","p3","1","","","","","","",""
"449","<div class=""spr-display"">The -------- ------ -------- -- --- ---- ----- -------</div>"," ","html-keyboard-response","26","46864","0.0-26.0","5d537c0cecc84200153075e9","6a04f72bb0f4a868caeeb473","6a05526634fbb9d50ec646a9","2bomnjjb","","","","spr_word","P3","practice","practice","practice","p3","1","The","0","9","false","","",""
"302","<div class=""spr-display"">The children ------ -------- -- --- ---- ----- -------</div>"," ","html-keyboard-response","27","47166","0.0-27.0","5d537c0cecc84200153075e9","6a04f72bb0f4a868caeeb473","6a05526634fbb9d50ec646a9","2bomnjjb","","","","spr_word","P3","practice","practice","practice","p3","1","children","1","9","false","","",""
"373","<div class=""spr-display"">The children played -------- -- --- ---- ----- -------</div>"," ","html-keyboard-response","28","47540","0.0-28.0","5d537c0cecc84200153075e9","6a04f72bb0f4a868caeeb473","6a05526634fbb9d50ec646a9","2bomnjjb","","","","spr_word","P3","practice","practice","practice","p3","1","played","2","9","false","","",""
"951","<div class=""spr-display"">The children played football -- --- ---- ----- -------</div>"," ","html-keyboard-response","29","48491","0.0-29.0","5d537c0cecc84200153075e9","6a04f72bb0f4a868caeeb473","6a05526634fbb9d50ec646a9","2bomnjjb","","","","spr_word","P3","practice","practice","practice","p3","1","football","3","9","false","","",""
"305","<div class=""spr-display"">The children played football in --- ---- ----- -------</div>"," ","html-keyboard-response","30","48797","0.0-30.0","5d537c0cecc84200153075e9","6a04f72bb0f4a868caeeb473","6a05526634fbb9d50ec646a9","2bomnjjb","","","","spr_word","P3","practice","practice","practice","p3","1","in","4","9","false","","",""
"289","<div class=""spr-display"">The children played football in the ---- ----- -------</div>"," ","html-keyboard-response","31","49086","0.0-31.0","5d537c0cecc84200153075e9","6a04f72bb0f4a868caeeb473","6a05526634fbb9d50ec646a9","2bomnjjb","","","","spr_word","P3","practice","practice","practice","p3","1","the","5","9","false","","",""
"288","<div class=""spr-display"">The children played football in the park ----- -------</div>"," ","html-keyboard-response","32","49374","0.0-32.0","5d537c0cecc84200153075e9","6a04f72bb0f4a868caeeb473","6a05526634fbb9d50ec646a9","2bomnjjb","","","","spr_word","P3","practice","practice","practice","p3","1","park","6","9","false","","",""
"458","<div class=""spr-display"">The children played football in the park after -------</div>"," ","html-keyboard-response","33","49833","0.0-33.0","5d537c0cecc84200153075e9","6a04f72bb0f4a868caeeb473","6a05526634fbb9d50ec646a9","2bomnjjb","","","","spr_word","P3","practice","practice","practice","p3","1","after","7","9","false","","",""
"940","<div class=""spr-display"">The children played football in the park after school.</div>"," ","html-keyboard-response","34","50774","0.0-34.0","5d537c0cecc84200153075e9","6a04f72bb0f4a868caeeb473","6a05526634fbb9d50ec646a9","2bomnjjb","","","","spr_word","P3","practice","practice","practice","p3","1","school.","8","9","false","","",""
"2605","<div class=""comprehension-box"">
                    <p>Were the children outdoors?</p>
                    <p>Press <span class=""key-label"">F</span> for <strong>Yes</strong> &nbsp;|&nbsp;
                    Press <span class=""key-label"">J</span> for <strong>No</strong></p>
                </div>","f","html-keyboard-response","35","53379","0.0-35.0","5d537c0cecc84200153075e9","6a04f72bb0f4a868caeeb473","6a05526634fbb9d50ec646a9","2bomnjjb","","","","comprehension","P3","practice","practice","practice","p3","1","","","","","f","Yes","true"
"860","<div class=""comprehension-box"">
                    <p class=""feedback-correct"">Correct!</p>
                    <p style=""margin-top:20px; font-size:16px; color:#555;"">
                    Press <span class=""key-label"">SPACE</span> to continue.
                    </p>
                </div>"," ","html-keyboard-response","36","54240","0.0-36.0","5d537c0cecc84200153075e9","6a04f72bb0f4a868caeeb473","6a05526634fbb9d50ec646a9","2bomnjjb","","","","feedback","P3","practice","practice","practice","p3","1","","","","","","",""
"null","<span class=""fixation"">+</span>","null","html-keyboard-response","37","54754","0.0-37.0","5d537c0cecc84200153075e9","6a04f72bb0f4a868caeeb473","6a05526634fbb9d50ec646a9","2bomnjjb","","","","fixation","P4","practice","practice","practice","p4","1","","","","","","",""
"402","<div class=""spr-display"">-- --- --- ---- -- --- ------- ----- ------ --------"," ","html-keyboard-response","38","55157","0.0-38.0","5d537c0cecc84200153075e9","6a04f72bb0f4a868caeeb473","6a05526634fbb9d50ec646a9","2bomnjjb","","","","prompt","P4","practice","practice","practice","p4","1","","","","","","",""
"306","<div class=""spr-display"">He --- --- ---- -- --- ------- ----- ------ --------</div>"," ","html-keyboard-response","39","55464","0.0-39.0","5d537c0cecc84200153075e9","6a04f72bb0f4a868caeeb473","6a05526634fbb9d50ec646a9","2bomnjjb","","","","spr_word","P4","practice","practice","practice","p4","1","He","0","10","false","","",""
"298","<div class=""spr-display"">He put --- ---- -- --- ------- ----- ------ --------</div>"," ","html-keyboard-response","40","55763","0.0-40.0","5d537c0cecc84200153075e9","6a04f72bb0f4a868caeeb473","6a05526634fbb9d50ec646a9","2bomnjjb","","","","spr_word","P4","practice","practice","practice","p4","1","put","1","10","false","","",""
"276","<div class=""spr-display"">He put his ---- -- --- ------- ----- ------ --------</div>"," ","html-keyboard-response","41","56040","0.0-41.0","5d537c0cecc84200153075e9","6a04f72bb0f4a868caeeb473","6a05526634fbb9d50ec646a9","2bomnjjb","","","","spr_word","P4","practice","practice","practice","p4","1","his","2","10","false","","",""
"260","<div class=""spr-display"">He put his keys -- --- ------- ----- ------ --------</div>"," ","html-keyboard-response","42","56301","0.0-42.0","5d537c0cecc84200153075e9","6a04f72bb0f4a868caeeb473","6a05526634fbb9d50ec646a9","2bomnjjb","","","","spr_word","P4","practice","practice","practice","p4","1","keys","3","10","false","","",""
"261","<div class=""spr-display"">He put his keys on --- ------- ----- ------ --------</div>"," ","html-keyboard-response","43","56563","0.0-43.0","5d537c0cecc84200153075e9","6a04f72bb0f4a868caeeb473","6a05526634fbb9d50ec646a9","2bomnjjb","","","","spr_word","P4","practice","practice","practice","p4","1","on","4","10","false","","",""
"299","<div class=""spr-display"">He put his keys on the ------- ----- ------ --------</div>"," ","html-keyboard-response","44","56862","0.0-44.0","5d537c0cecc84200153075e9","6a04f72bb0f4a868caeeb473","6a05526634fbb9d50ec646a9","2bomnjjb","","","","spr_word","P4","practice","practice","practice","p4","1","the","5","10","false","","",""
"261","<div class=""spr-display"">He put his keys on the kitchen ----- ------ --------</div>"," ","html-keyboard-response","45","57124","0.0-45.0","5d537c0cecc84200153075e9","6a04f72bb0f4a868caeeb473","6a05526634fbb9d50ec646a9","2bomnjjb","","","","spr_word","P4","practice","practice","practice","p4","1","kitchen","6","10","false","","",""
"322","<div class=""spr-display"">He put his keys on the kitchen table ------ --------</div>"," ","html-keyboard-response","46","57446","0.0-46.0","5d537c0cecc84200153075e9","6a04f72bb0f4a868caeeb473","6a05526634fbb9d50ec646a9","2bomnjjb","","","","spr_word","P4","practice","practice","practice","p4","1","table","7","10","false","","",""
"292","<div class=""spr-display"">He put his keys on the kitchen table before --------</div>"," ","html-keyboard-response","47","57738","0.0-47.0","5d537c0cecc84200153075e9","6a04f72bb0f4a868caeeb473","6a05526634fbb9d50ec646a9","2bomnjjb","","","","spr_word","P4","practice","practice","practice","p4","1","before","8","10","false","","",""
"875","<div class=""spr-display"">He put his keys on the kitchen table before leaving.</div>"," ","html-keyboard-response","48","58614","0.0-48.0","5d537c0cecc84200153075e9","6a04f72bb0f4a868caeeb473","6a05526634fbb9d50ec646a9","2bomnjjb","","","","spr_word","P4","practice","practice","practice","p4","1","leaving.","9","10","false","","",""
"2201","<div class=""comprehension-box"">
                    <p>Did he lose his keys?</p>
                    <p>Press <span class=""key-label"">F</span> for <strong>Yes</strong> &nbsp;|&nbsp;
                    Press <span class=""key-label"">J</span> for <strong>No</strong></p>
                </div>","f","html-keyboard-response","49","60816","0.0-49.0","5d537c0cecc84200153075e9","6a04f72bb0f4a868caeeb473","6a05526634fbb9d50ec646a9","2bomnjjb","","","","comprehension","P4","practice","practice","practice","p4","1","","","","","j","Yes","false"
"3144","<div class=""comprehension-box"">
                    <p class=""feedback-incorrect"">Incorrect</p>
                    <p style=""font-size:18px;"">The correct answer was <strong>No</strong>.</p>
                    <p style=""margin-top:20px; font-size:16px; color:#555;"">
                    Press <span class=""key-label"">SPACE</span> to continue.
                    </p>
                </div>"," ","html-keyboard-response","50","63961","0.0-50.0","5d537c0cecc84200153075e9","6a04f72bb0f4a868caeeb473","6a05526634fbb9d50ec646a9","2bomnjjb","","","","feedback","P4","practice","practice","practice","p4","1","","","","","","",""
"null","<span class=""fixation"">+</span>","null","html-keyboard-response","51","64469","0.0-51.0","5d537c0cecc84200153075e9","6a04f72bb0f4a868caeeb473","6a05526634fbb9d50ec646a9","2bomnjjb","","","","fixation","P5","practice","practice","practice","p5","1","","","","","","",""
"129","<div class=""spr-display"">--- --- ------- ------- -- ---- --- --------"," ","html-keyboard-response","52","64599","0.0-52.0","5d537c0cecc84200153075e9","6a04f72bb0f4a868caeeb473","6a05526634fbb9d50ec646a9","2bomnjjb","","","","prompt","P5","practice","practice","practice","p5","1","","","","","","",""
"465","<div class=""spr-display"">The --- ------- ------- -- ---- --- --------</div>"," ","html-keyboard-response","53","65065","0.0-53.0","5d537c0cecc84200153075e9","6a04f72bb0f4a868caeeb473","6a05526634fbb9d50ec646a9","2bomnjjb","","","","spr_word","P5","practice","practice","practice","p5","1","The","0","8","false","","",""
"345","<div class=""spr-display"">The old ------- ------- -- ---- --- --------</div>"," ","html-keyboard-response","54","65410","0.0-54.0","5d537c0cecc84200153075e9","6a04f72bb0f4a868caeeb473","6a05526634fbb9d50ec646a9","2bomnjjb","","","","spr_word","P5","practice","practice","practice","p5","1","old","1","8","false","","",""
"352","<div class=""spr-display"">The old library ------- -- ---- --- --------</div>"," ","html-keyboard-response","55","65763","0.0-55.0","5d537c0cecc84200153075e9","6a04f72bb0f4a868caeeb473","6a05526634fbb9d50ec646a9","2bomnjjb","","","","spr_word","P5","practice","practice","practice","p5","1","library","2","8","false","","",""
"400","<div class=""spr-display"">The old library smelled -- ---- --- --------</div>"," ","html-keyboard-response","56","66163","0.0-56.0","5d537c0cecc84200153075e9","6a04f72bb0f4a868caeeb473","6a05526634fbb9d50ec646a9","2bomnjjb","","","","spr_word","P5","practice","practice","practice","p5","1","smelled","3","8","false","","",""
"345","<div class=""spr-display"">The old library smelled of ---- --- --------</div>"," ","html-keyboard-response","57","66509","0.0-57.0","5d537c0cecc84200153075e9","6a04f72bb0f4a868caeeb473","6a05526634fbb9d50ec646a9","2bomnjjb","","","","spr_word","P5","practice","practice","practice","p5","1","of","4","8","false","","",""
"308","<div class=""spr-display"">The old library smelled of dust --- --------</div>"," ","html-keyboard-response","58","66817","0.0-58.0","5d537c0cecc84200153075e9","6a04f72bb0f4a868caeeb473","6a05526634fbb9d50ec646a9","2bomnjjb","","","","spr_word","P5","practice","practice","practice","p5","1","dust","5","8","false","","",""
"278","<div class=""spr-display"">The old library smelled of dust and --------</div>"," ","html-keyboard-response","59","67096","0.0-59.0","5d537c0cecc84200153075e9","6a04f72bb0f4a868caeeb473","6a05526634fbb9d50ec646a9","2bomnjjb","","","","spr_word","P5","practice","practice","practice","p5","1","and","6","8","false","","",""
"824","<div class=""spr-display"">The old library smelled of dust and leather.</div>"," ","html-keyboard-response","60","67921","0.0-60.0","5d537c0cecc84200153075e9","6a04f72bb0f4a868caeeb473","6a05526634fbb9d50ec646a9","2bomnjjb","","","","spr_word","P5","practice","practice","practice","p5","1","leather.","7","8","false","","",""
"2489","<div class=""comprehension-box"">
                    <p>Was the setting a library?</p>
                    <p>Press <span class=""key-label"">F</span> for <strong>Yes</strong> &nbsp;|&nbsp;
                    Press <span class=""key-label"">J</span> for <strong>No</strong></p>
                </div>","f","html-keyboard-response","61","70410","0.0-61.0","5d537c0cecc84200153075e9","6a04f72bb0f4a868caeeb473","6a05526634fbb9d50ec646a9","2bomnjjb","","","","comprehension","P5","practice","practice","practice","p5","1","","","","","f","Yes","true"
"723","<div class=""comprehension-box"">
                    <p class=""feedback-correct"">Correct!</p>
                    <p style=""margin-top:20px; font-size:16px; color:#555;"">
                    Press <span class=""key-label"">SPACE</span> to continue.
                    </p>
                </div>"," ","html-keyboard-response","62","71134","0.0-62.0","5d537c0cecc84200153075e9","6a04f72bb0f4a868caeeb473","6a05526634fbb9d50ec646a9","2bomnjjb","","","","feedback","P5","practice","practice","practice","p5","1","","","","","","",""
"null","<span class=""fixation"">+</span>","null","html-keyboard-response","63","71644","0.0-63.0","5d537c0cecc84200153075e9","6a04f72bb0f4a868caeeb473","6a05526634fbb9d50ec646a9","2bomnjjb","","","","fixation","P6","practice","practice","practice","p6","1","","","","","","",""
"484","<div class=""spr-display"">----- ------ --- ------ ----- ------ --------"," ","html-keyboard-response","64","72130","0.0-64.0","5d537c0cecc84200153075e9","6a04f72bb0f4a868caeeb473","6a05526634fbb9d50ec646a9","2bomnjjb","","","","prompt","P6","practice","practice","practice","p6","1","","","","","","",""
"341","<div class=""spr-display"">Maria ------ --- ------ ----- ------ --------</div>"," ","html-keyboard-response","65","72471","0.0-65.0","5d537c0cecc84200153075e9","6a04f72bb0f4a868caeeb473","6a05526634fbb9d50ec646a9","2bomnjjb","","","","spr_word","P6","practice","practice","practice","p6","1","Maria","0","7","false","","",""
"277","<div class=""spr-display"">Maria called --- ------ ----- ------ --------</div>"," ","html-keyboard-response","66","72749","0.0-66.0","5d537c0cecc84200153075e9","6a04f72bb0f4a868caeeb473","6a05526634fbb9d50ec646a9","2bomnjjb","","","","spr_word","P6","practice","practice","practice","p6","1","called","1","7","false","","",""
"304","<div class=""spr-display"">Maria called her ------ ----- ------ --------</div>"," ","html-keyboard-response","67","73054","0.0-67.0","5d537c0cecc84200153075e9","6a04f72bb0f4a868caeeb473","6a05526634fbb9d50ec646a9","2bomnjjb","","","","spr_word","P6","practice","practice","practice","p6","1","her","2","7","false","","",""
"285","<div class=""spr-display"">Maria called her sister ----- ------ --------</div>"," ","html-keyboard-response","68","73339","0.0-68.0","5d537c0cecc84200153075e9","6a04f72bb0f4a868caeeb473","6a05526634fbb9d50ec646a9","2bomnjjb","","","","spr_word","P6","practice","practice","practice","p6","1","sister","3","7","false","","",""
"285","<div class=""spr-display"">Maria called her sister every ------ --------</div>"," ","html-keyboard-response","69","73624","0.0-69.0","5d537c0cecc84200153075e9","6a04f72bb0f4a868caeeb473","6a05526634fbb9d50ec646a9","2bomnjjb","","","","spr_word","P6","practice","practice","practice","p6","1","every","4","7","false","","",""
"285","<div class=""spr-display"">Maria called her sister every Sunday --------</div>"," ","html-keyboard-response","70","73910","0.0-70.0","5d537c0cecc84200153075e9","6a04f72bb0f4a868caeeb473","6a05526634fbb9d50ec646a9","2bomnjjb","","","","spr_word","P6","practice","practice","practice","p6","1","Sunday","5","7","false","","",""
"686","<div class=""spr-display"">Maria called her sister every Sunday morning.</div>"," ","html-keyboard-response","71","74596","0.0-71.0","5d537c0cecc84200153075e9","6a04f72bb0f4a868caeeb473","6a05526634fbb9d50ec646a9","2bomnjjb","","","","spr_word","P6","practice","practice","practice","p6","1","morning.","6","7","false","","",""
"2713","<div class=""comprehension-box"">
                    <p>Did Maria call her brother?</p>
                    <p>Press <span class=""key-label"">F</span> for <strong>Yes</strong> &nbsp;|&nbsp;
                    Press <span class=""key-label"">J</span> for <strong>No</strong></p>
                </div>","j","html-keyboard-response","72","77310","0.0-72.0","5d537c0cecc84200153075e9","6a04f72bb0f4a868caeeb473","6a05526634fbb9d50ec646a9","2bomnjjb","","","","comprehension","P6","practice","practice","practice","p6","1","","","","","j","No","true"
"855","<div class=""comprehension-box"">
                    <p class=""feedback-correct"">Correct!</p>
                    <p style=""margin-top:20px; font-size:16px; color:#555;"">
                    Press <span class=""key-label"">SPACE</span> to continue.
                    </p>
                </div>"," ","html-keyboard-response","73","78166","0.0-73.0","5d537c0cecc84200153075e9","6a04f72bb0f4a868caeeb473","6a05526634fbb9d50ec646a9","2bomnjjb","","","","feedback","P6","practice","practice","practice","p6","1","","","","","","",""
"3989","<div style=""max-width:600px; margin:0 auto; text-align:center; line-height:1.8;"">
                <h2>Practice complete!</h2>
                <p>You are now ready to begin the main experiment.</p>
                <p>Remember:<br>
                    <span class=""key-label"">SPACE</span> - advance words<br>
                    <span class=""key-label"">F</span> - Yes &nbsp;|&nbsp;
                    <span class=""key-label"">J</span> - No
                </p>
                <p>Press <span class=""key-label"">SPACE</span> to start.</p>
                </div>"," ","html-keyboard-response","74","82156","0.0-74.0","5d537c0cecc84200153075e9","6a04f72bb0f4a868caeeb473","6a05526634fbb9d50ec646a9","2bomnjjb","","","","practice_end","","","","","","","","","","","","",""
"null","<span class=""fixation"">+</span>","null","html-keyboard-response","75","82667","0.0-75.0","5d537c0cecc84200153075e9","6a04f72bb0f4a868caeeb473","6a05526634fbb9d50ec646a9","2bomnjjb","","","","fixation","105","1b_2a","a","3","1b_2a-3","0","","","","","","",""
"438","<div class=""spr-display"">--- ----- ------- --- --- ------ --------- ---- --- ------ ------- ----- ------ --- ------------ ---- ----- --------- ---"," ","html-keyboard-response","76","83106","0.0-76.0","5d537c0cecc84200153075e9","6a04f72bb0f4a868caeeb473","6a05526634fbb9d50ec646a9","2bomnjjb","","","","prompt","105","1b_2a","a","3","1b_2a-3","0","","","","","","",""
"313","<div class=""spr-display"">The ----- ------- --- --- ------ --------- ---- --- ------ ------- ----- ------ --- ------------ ---- ----- --------- ---</div>"," ","html-keyboard-response","77","83420","0.0-77.0","5d537c0cecc84200153075e9","6a04f72bb0f4a868caeeb473","6a05526634fbb9d50ec646a9","2bomnjjb","","","","spr_word","105","1b_2a","a","3","1b_2a-3","0","The","0","19","false","","",""
"270","<div class=""spr-display"">The pilot ------- --- --- ------ --------- ---- --- ------ ------- ----- ------ --- ------------ ---- ----- --------- ---</div>"," ","html-keyboard-response","78","83690","0.0-78.0","5d537c0cecc84200153075e9","6a04f72bb0f4a868caeeb473","6a05526634fbb9d50ec646a9","2bomnjjb","","","","spr_word","105","1b_2a","a","3","1b_2a-3","0","pilot","1","19","false","","",""
"303","<div class=""spr-display"">The pilot noticed --- --- ------ --------- ---- --- ------ ------- ----- ------ --- ------------ ---- ----- --------- ---</div>"," ","html-keyboard-response","79","83994","0.0-79.0","5d537c0cecc84200153075e9","6a04f72bb0f4a868caeeb473","6a05526634fbb9d50ec646a9","2bomnjjb","","","","spr_word","105","1b_2a","a","3","1b_2a-3","0","noticed","2","19","false","","",""
"276","<div class=""spr-display"">The pilot noticed who --- ------ --------- ---- --- ------ ------- ----- ------ --- ------------ ---- ----- --------- ---</div>"," ","html-keyboard-response","80","84271","0.0-80.0","5d537c0cecc84200153075e9","6a04f72bb0f4a868caeeb473","6a05526634fbb9d50ec646a9","2bomnjjb","","","","spr_word","105","1b_2a","a","3","1b_2a-3","0","who","3","19","false","","",""
"281","<div class=""spr-display"">The pilot noticed who the ------ --------- ---- --- ------ ------- ----- ------ --- ------------ ---- ----- --------- ---</div>"," ","html-keyboard-response","81","84554","0.0-81.0","5d537c0cecc84200153075e9","6a04f72bb0f4a868caeeb473","6a05526634fbb9d50ec646a9","2bomnjjb","","","","spr_word","105","1b_2a","a","3","1b_2a-3","0","the","4","19","false","","",""
"266","<div class=""spr-display"">The pilot noticed who the pretty --------- ---- --- ------ ------- ----- ------ --- ------------ ---- ----- --------- ---</div>"," ","html-keyboard-response","82","84820","0.0-82.0","5d537c0cecc84200153075e9","6a04f72bb0f4a868caeeb473","6a05526634fbb9d50ec646a9","2bomnjjb","","","","spr_word","105","1b_2a","a","3","1b_2a-3","0","pretty","5","19","false","","",""
"255","<div class=""spr-display"">The pilot noticed who the pretty attendant ---- --- ------ ------- ----- ------ --- ------------ ---- ----- --------- ---</div>"," ","html-keyboard-response","83","85076","0.0-83.0","5d537c0cecc84200153075e9","6a04f72bb0f4a868caeeb473","6a05526634fbb9d50ec646a9","2bomnjjb","","","","spr_word","105","1b_2a","a","3","1b_2a-3","0","attendant","6","19","false","","",""
"252","<div class=""spr-display"">The pilot noticed who the pretty attendant that --- ------ ------- ----- ------ --- ------------ ---- ----- --------- ---</div>"," ","html-keyboard-response","84","85328","0.0-84.0","5d537c0cecc84200153075e9","6a04f72bb0f4a868caeeb473","6a05526634fbb9d50ec646a9","2bomnjjb","","","","spr_word","105","1b_2a","a","3","1b_2a-3","0","that","7","19","false","","",""
"242","<div class=""spr-display"">The pilot noticed who the pretty attendant that the ------ ------- ----- ------ --- ------------ ---- ----- --------- ---</div>"," ","html-keyboard-response","85","85571","0.0-85.0","5d537c0cecc84200153075e9","6a04f72bb0f4a868caeeb473","6a05526634fbb9d50ec646a9","2bomnjjb","","","","spr_word","105","1b_2a","a","3","1b_2a-3","0","the","8","19","false","","",""
"246","<div class=""spr-display"">The pilot noticed who the pretty attendant that the famous ------- ----- ------ --- ------------ ---- ----- --------- ---</div>"," ","html-keyboard-response","86","85817","0.0-86.0","5d537c0cecc84200153075e9","6a04f72bb0f4a868caeeb473","6a05526634fbb9d50ec646a9","2bomnjjb","","","","spr_word","105","1b_2a","a","3","1b_2a-3","0","famous","9","19","false","","",""
"241","<div class=""spr-display"">The pilot noticed who the pretty attendant that the famous airline ----- ------ --- ------------ ---- ----- --------- ---</div>"," ","html-keyboard-response","87","86058","0.0-87.0","5d537c0cecc84200153075e9","6a04f72bb0f4a868caeeb473","6a05526634fbb9d50ec646a9","2bomnjjb","","","","spr_word","105","1b_2a","a","3","1b_2a-3","0","airline","10","19","false","","",""
"226","<div class=""spr-display"">The pilot noticed who the pretty attendant that the famous airline hired ------ --- ------------ ---- ----- --------- ---</div>"," ","html-keyboard-response","88","86285","0.0-88.0","5d537c0cecc84200153075e9","6a04f72bb0f4a868caeeb473","6a05526634fbb9d50ec646a9","2bomnjjb","","","","spr_word","105","1b_2a","a","3","1b_2a-3","0","hired","11","19","false","","",""
"237","<div class=""spr-display"">The pilot noticed who the pretty attendant that the famous airline hired kindly --- ------------ ---- ----- --------- ---</div>"," ","html-keyboard-response","89","86522","0.0-89.0","5d537c0cecc84200153075e9","6a04f72bb0f4a868caeeb473","6a05526634fbb9d50ec646a9","2bomnjjb","","","","spr_word","105","1b_2a","a","3","1b_2a-3","0","kindly","12","19","false","","",""
"227","<div class=""spr-display"">The pilot noticed who the pretty attendant that the famous airline hired kindly and ------------ ---- ----- --------- ---</div>"," ","html-keyboard-response","90","86750","0.0-90.0","5d537c0cecc84200153075e9","6a04f72bb0f4a868caeeb473","6a05526634fbb9d50ec646a9","2bomnjjb","","","","spr_word","105","1b_2a","a","3","1b_2a-3","0","and","13","19","false","","",""
"241","<div class=""spr-display"">The pilot noticed who the pretty attendant that the famous airline hired kindly and thoughtfully ---- ----- --------- ---</div>"," ","html-keyboard-response","91","86991","0.0-91.0","5d537c0cecc84200153075e9","6a04f72bb0f4a868caeeb473","6a05526634fbb9d50ec646a9","2bomnjjb","","","","spr_word","105","1b_2a","a","3","1b_2a-3","0","thoughtfully","14","19","false","","",""
"255","<div class=""spr-display"">The pilot noticed who the pretty attendant that the famous airline hired kindly and thoughtfully gave ----- --------- ---</div>"," ","html-keyboard-response","92","87248","0.0-92.0","5d537c0cecc84200153075e9","6a04f72bb0f4a868caeeb473","6a05526634fbb9d50ec646a9","2bomnjjb","","","","spr_word","105","1b_2a","a","3","1b_2a-3","0","gave","15","19","false","","",""
"253","<div class=""spr-display"">The pilot noticed who the pretty attendant that the famous airline hired kindly and thoughtfully gave extra --------- ---</div>"," ","html-keyboard-response","93","87502","0.0-93.0","5d537c0cecc84200153075e9","6a04f72bb0f4a868caeeb473","6a05526634fbb9d50ec646a9","2bomnjjb","","","","spr_word","105","1b_2a","a","3","1b_2a-3","0","extra","16","19","false","","",""
"230","<div class=""spr-display"">The pilot noticed who the pretty attendant that the famous airline hired kindly and thoughtfully gave extra attention ---</div>"," ","html-keyboard-response","94","87733","0.0-94.0","5d537c0cecc84200153075e9","6a04f72bb0f4a868caeeb473","6a05526634fbb9d50ec646a9","2bomnjjb","","","","spr_word","105","1b_2a","a","3","1b_2a-3","0","attention","17","19","false","","",""
"2508","<div class=""spr-display"">The pilot noticed who the pretty attendant that the famous airline hired kindly and thoughtfully gave extra attention to.</div>"," ","html-keyboard-response","95","90241","0.0-95.0","5d537c0cecc84200153075e9","6a04f72bb0f4a868caeeb473","6a05526634fbb9d50ec646a9","2bomnjjb","","","","spr_word","105","1b_2a","a","3","1b_2a-3","0","to.","18","19","false","","",""
"2495","<div class=""comprehension-box"">
                    <p>undefined</p>
                    <p>Press <span class=""key-label"">F</span> for <strong>Yes</strong> &nbsp;|&nbsp;
                    Press <span class=""key-label"">J</span> for <strong>No</strong></p>
                </div>","j","html-keyboard-response","96","92737","0.0-96.0","5d537c0cecc84200153075e9","6a04f72bb0f4a868caeeb473","6a05526634fbb9d50ec646a9","2bomnjjb","","","","comprehension","105","1b_2a","a","3","1b_2a-3","0","","","","","","No","false"
"3227","<div class=""comprehension-box"">
                    <p class=""feedback-incorrect"">Incorrect</p>
                    <p style=""font-size:18px;"">The correct answer was <strong>No</strong>.</p>
                    <p style=""margin-top:20px; font-size:16px; color:#555;"">
                    Press <span class=""key-label"">SPACE</span> to continue.
                    </p>
                </div>"," ","html-keyboard-response","97","95965","0.0-97.0","5d537c0cecc84200153075e9","6a04f72bb0f4a868caeeb473","6a05526634fbb9d50ec646a9","2bomnjjb","","","","feedback","105","1b_2a","a","3","1b_2a-3","0","","","","","","",""
"null","<span class=""fixation"">+</span>","null","html-keyboard-response","98","96467","0.0-98.0","5d537c0cecc84200153075e9","6a04f72bb0f4a868caeeb473","6a05526634fbb9d50ec646a9","2bomnjjb","","","","fixation","135","1b_2a","c","10","1b_2a-10","0","","","","","","",""
"455","<div class=""spr-display"">--- ------ --------- ---- --- -------- ---- ---- --- -------- ------- ----- ---------- --- ---------- ------ --- --------- -- --- -------"," ","html-keyboard-response","99","96923","0.0-99.0","5d537c0cecc84200153075e9","6a04f72bb0f4a868caeeb473","6a05526634fbb9d50ec646a9","2bomnjjb","","","","prompt","135","1b_2a","c","10","1b_2a-10","0","","","","","","",""
"279","<div class=""spr-display"">The ------ --------- ---- --- -------- ---- ---- --- -------- ------- ----- ---------- --- ---------- ------ --- --------- -- --- -------</div>"," ","html-keyboard-response","100","97202","0.0-100.0","5d537c0cecc84200153075e9","6a04f72bb0f4a868caeeb473","6a05526634fbb9d50ec646a9","2bomnjjb","","","","spr_word","135","1b_2a","c","10","1b_2a-10","0","The","0","21","false","","",""
"285","<div class=""spr-display"">The critic --------- ---- --- -------- ---- ---- --- -------- ------- ----- ---------- --- ---------- ------ --- --------- -- --- -------</div>"," ","html-keyboard-response","101","97488","0.0-101.0","5d537c0cecc84200153075e9","6a04f72bb0f4a868caeeb473","6a05526634fbb9d50ec646a9","2bomnjjb","","","","spr_word","135","1b_2a","c","10","1b_2a-10","0","critic","1","21","false","","",""
"311","<div class=""spr-display"">The critic mentioned ---- --- -------- ---- ---- --- -------- ------- ----- ---------- --- ---------- ------ --- --------- -- --- -------</div>"," ","html-keyboard-response","102","97801","0.0-102.0","5d537c0cecc84200153075e9","6a04f72bb0f4a868caeeb473","6a05526634fbb9d50ec646a9","2bomnjjb","","","","spr_word","135","1b_2a","c","10","1b_2a-10","0","mentioned","2","21","false","","",""
"301","<div class=""spr-display"">The critic mentioned that --- -------- ---- ---- --- -------- ------- ----- ---------- --- ---------- ------ --- --------- -- --- -------</div>"," ","html-keyboard-response","103","98102","0.0-103.0","5d537c0cecc84200153075e9","6a04f72bb0f4a868caeeb473","6a05526634fbb9d50ec646a9","2bomnjjb","","","","spr_word","135","1b_2a","c","10","1b_2a-10","0","that","3","21","false","","",""
"267","<div class=""spr-display"">The critic mentioned that the -------- ---- ---- --- -------- ------- ----- ---------- --- ---------- ------ --- --------- -- --- -------</div>"," ","html-keyboard-response","104","98370","0.0-104.0","5d537c0cecc84200153075e9","6a04f72bb0f4a868caeeb473","6a05526634fbb9d50ec646a9","2bomnjjb","","","","spr_word","135","1b_2a","c","10","1b_2a-10","0","the","4","21","false","","",""
"251","<div class=""spr-display"">The critic mentioned that the renowned ---- ---- --- -------- ------- ----- ---------- --- ---------- ------ --- --------- -- --- -------</div>"," ","html-keyboard-response","105","98622","0.0-105.0","5d537c0cecc84200153075e9","6a04f72bb0f4a868caeeb473","6a05526634fbb9d50ec646a9","2bomnjjb","","","","spr_word","135","1b_2a","c","10","1b_2a-10","0","renowned","5","21","false","","",""
"261","<div class=""spr-display"">The critic mentioned that the renowned chef ---- --- -------- ------- ----- ---------- --- ---------- ------ --- --------- -- --- -------</div>"," ","html-keyboard-response","106","98883","0.0-106.0","5d537c0cecc84200153075e9","6a04f72bb0f4a868caeeb473","6a05526634fbb9d50ec646a9","2bomnjjb","","","","spr_word","135","1b_2a","c","10","1b_2a-10","0","chef","6","21","false","","",""
"286","<div class=""spr-display"">The critic mentioned that the renowned chef that --- -------- ------- ----- ---------- --- ---------- ------ --- --------- -- --- -------</div>"," ","html-keyboard-response","107","99169","0.0-107.0","5d537c0cecc84200153075e9","6a04f72bb0f4a868caeeb473","6a05526634fbb9d50ec646a9","2bomnjjb","","","","spr_word","135","1b_2a","c","10","1b_2a-10","0","that","7","21","false","","",""
"252","<div class=""spr-display"">The critic mentioned that the renowned chef that the -------- ------- ----- ---------- --- ---------- ------ --- --------- -- --- -------</div>"," ","html-keyboard-response","108","99422","0.0-108.0","5d537c0cecc84200153075e9","6a04f72bb0f4a868caeeb473","6a05526634fbb9d50ec646a9","2bomnjjb","","","","spr_word","135","1b_2a","c","10","1b_2a-10","0","the","8","21","false","","",""
"230","<div class=""spr-display"">The critic mentioned that the renowned chef that the friendly ------- ----- ---------- --- ---------- ------ --- --------- -- --- -------</div>"," ","html-keyboard-response","109","99653","0.0-109.0","5d537c0cecc84200153075e9","6a04f72bb0f4a868caeeb473","6a05526634fbb9d50ec646a9","2bomnjjb","","","","spr_word","135","1b_2a","c","10","1b_2a-10","0","friendly","9","21","false","","",""
"251","<div class=""spr-display"">The critic mentioned that the renowned chef that the friendly hostess ----- ---------- --- ---------- ------ --- --------- -- --- -------</div>"," ","html-keyboard-response","110","99905","0.0-110.0","5d537c0cecc84200153075e9","6a04f72bb0f4a868caeeb473","6a05526634fbb9d50ec646a9","2bomnjjb","","","","spr_word","135","1b_2a","c","10","1b_2a-10","0","hostess","10","21","false","","",""
"210","<div class=""spr-display"">The critic mentioned that the renowned chef that the friendly hostess liked ---------- --- ---------- ------ --- --------- -- --- -------</div>"," ","html-keyboard-response","111","100117","0.0-111.0","5d537c0cecc84200153075e9","6a04f72bb0f4a868caeeb473","6a05526634fbb9d50ec646a9","2bomnjjb","","","","spr_word","135","1b_2a","c","10","1b_2a-10","0","liked","11","21","false","","",""
"231","<div class=""spr-display"">The critic mentioned that the renowned chef that the friendly hostess liked frequently --- ---------- ------ --- --------- -- --- -------</div>"," ","html-keyboard-response","112","100348","0.0-112.0","5d537c0cecc84200153075e9","6a04f72bb0f4a868caeeb473","6a05526634fbb9d50ec646a9","2bomnjjb","","","","spr_word","135","1b_2a","c","10","1b_2a-10","0","frequently","12","21","false","","",""
"248","<div class=""spr-display"">The critic mentioned that the renowned chef that the friendly hostess liked frequently and ---------- ------ --- --------- -- --- -------</div>"," ","html-keyboard-response","113","100596","0.0-113.0","5d537c0cecc84200153075e9","6a04f72bb0f4a868caeeb473","6a05526634fbb9d50ec646a9","2bomnjjb","","","","spr_word","135","1b_2a","c","10","1b_2a-10","0","and","13","21","false","","",""
"235","<div class=""spr-display"">The critic mentioned that the renowned chef that the friendly hostess liked frequently and cheerfully ------ --- --------- -- --- -------</div>"," ","html-keyboard-response","114","100832","0.0-114.0","5d537c0cecc84200153075e9","6a04f72bb0f4a868caeeb473","6a05526634fbb9d50ec646a9","2bomnjjb","","","","spr_word","135","1b_2a","c","10","1b_2a-10","0","cheerfully","14","21","false","","",""
"232","<div class=""spr-display"">The critic mentioned that the renowned chef that the friendly hostess liked frequently and cheerfully served --- --------- -- --- -------</div>"," ","html-keyboard-response","115","101064","0.0-115.0","5d537c0cecc84200153075e9","6a04f72bb0f4a868caeeb473","6a05526634fbb9d50ec646a9","2bomnjjb","","","","spr_word","135","1b_2a","c","10","1b_2a-10","0","served","15","21","false","","",""
"232","<div class=""spr-display"">The critic mentioned that the renowned chef that the friendly hostess liked frequently and cheerfully served the --------- -- --- -------</div>"," ","html-keyboard-response","116","101296","0.0-116.0","5d537c0cecc84200153075e9","6a04f72bb0f4a868caeeb473","6a05526634fbb9d50ec646a9","2bomnjjb","","","","spr_word","135","1b_2a","c","10","1b_2a-10","0","the","16","21","false","","",""
"220","<div class=""spr-display"">The critic mentioned that the renowned chef that the friendly hostess liked frequently and cheerfully served the appetizer -- --- -------</div>"," ","html-keyboard-response","117","101517","0.0-117.0","5d537c0cecc84200153075e9","6a04f72bb0f4a868caeeb473","6a05526634fbb9d50ec646a9","2bomnjjb","","","","spr_word","135","1b_2a","c","10","1b_2a-10","0","appetizer","17","21","false","","",""
"253","<div class=""spr-display"">The critic mentioned that the renowned chef that the friendly hostess liked frequently and cheerfully served the appetizer to --- -------</div>"," ","html-keyboard-response","118","101770","0.0-118.0","5d537c0cecc84200153075e9","6a04f72bb0f4a868caeeb473","6a05526634fbb9d50ec646a9","2bomnjjb","","","","spr_word","135","1b_2a","c","10","1b_2a-10","0","to","18","21","false","","",""
"343","<div class=""spr-display"">The critic mentioned that the renowned chef that the friendly hostess liked frequently and cheerfully served the appetizer to the -------</div>"," ","html-keyboard-response","119","102114","0.0-119.0","5d537c0cecc84200153075e9","6a04f72bb0f4a868caeeb473","6a05526634fbb9d50ec646a9","2bomnjjb","","","","spr_word","135","1b_2a","c","10","1b_2a-10","0","the","19","21","false","","",""
"704","<div class=""spr-display"">The critic mentioned that the renowned chef that the friendly hostess liked frequently and cheerfully served the appetizer to the patron.</div>"," ","html-keyboard-response","120","102819","0.0-120.0","5d537c0cecc84200153075e9","6a04f72bb0f4a868caeeb473","6a05526634fbb9d50ec646a9","2bomnjjb","","","","spr_word","135","1b_2a","c","10","1b_2a-10","0","patron.","20","21","false","","",""
"2266","<div class=""comprehension-box"">
                    <p>undefined</p>
                    <p>Press <span class=""key-label"">F</span> for <strong>Yes</strong> &nbsp;|&nbsp;
                    Press <span class=""key-label"">J</span> for <strong>No</strong></p>
                </div>","f","html-keyboard-response","121","105085","0.0-121.0","5d537c0cecc84200153075e9","6a04f72bb0f4a868caeeb473","6a05526634fbb9d50ec646a9","2bomnjjb","","","","comprehension","135","1b_2a","c","10","1b_2a-10","0","","","","","","Yes","false"
"996","<div class=""comprehension-box"">
                    <p class=""feedback-incorrect"">Incorrect</p>
                    <p style=""font-size:18px;"">The correct answer was <strong>No</strong>.</p>
                    <p style=""margin-top:20px; font-size:16px; color:#555;"">
                    Press <span class=""key-label"">SPACE</span> to continue.
                    </p>
                </div>"," ","html-keyboard-response","122","106082","0.0-122.0","5d537c0cecc84200153075e9","6a04f72bb0f4a868caeeb473","6a05526634fbb9d50ec646a9","2bomnjjb","","","","feedback","135","1b_2a","c","10","1b_2a-10","0","","","","","","",""
"null","<span class=""fixation"">+</span>","null","html-keyboard-response","123","106585","0.0-123.0","5d537c0cecc84200153075e9","6a04f72bb0f4a868caeeb473","6a05526634fbb9d50ec646a9","2bomnjjb","","","","fixation","142","1b_2a","b","12","1b_2a-12","0","","","","","","",""
"547","<div class=""spr-display"">--- ----- --------- --- --- ----- ------ ---- --- ----- ----- ------ --------- --- ----------- ------ --- ---- --- --- -------"," ","html-keyboard-response","124","107133","0.0-124.0","5d537c0cecc84200153075e9","6a04f72bb0f4a868caeeb473","6a05526634fbb9d50ec646a9","2bomnjjb","","","","prompt","142","1b_2a","b","12","1b_2a-12","0","","","","","","",""
"199","<div class=""spr-display"">The ----- --------- --- --- ----- ------ ---- --- ----- ----- ------ --------- --- ----------- ------ --- ---- --- --- -------</div>"," ","html-keyboard-response","125","107332","0.0-125.0","5d537c0cecc84200153075e9","6a04f72bb0f4a868caeeb473","6a05526634fbb9d50ec646a9","2bomnjjb","","","","spr_word","142","1b_2a","b","12","1b_2a-12","0","The","0","21","false","","",""
"206","<div class=""spr-display"">The baker --------- --- --- ----- ------ ---- --- ----- ----- ------ --------- --- ----------- ------ --- ---- --- --- -------</div>"," ","html-keyboard-response","126","107539","0.0-126.0","5d537c0cecc84200153075e9","6a04f72bb0f4a868caeeb473","6a05526634fbb9d50ec646a9","2bomnjjb","","","","spr_word","142","1b_2a","b","12","1b_2a-12","0","baker","1","21","false","","",""
"191","<div class=""spr-display"">The baker mentioned --- --- ----- ------ ---- --- ----- ----- ------ --------- --- ----------- ------ --- ---- --- --- -------</div>"," ","html-keyboard-response","127","107731","0.0-127.0","5d537c0cecc84200153075e9","6a04f72bb0f4a868caeeb473","6a05526634fbb9d50ec646a9","2bomnjjb","","","","spr_word","142","1b_2a","b","12","1b_2a-12","0","mentioned","2","21","false","","",""
"190","<div class=""spr-display"">The baker mentioned how --- ----- ------ ---- --- ----- ----- ------ --------- --- ----------- ------ --- ---- --- --- -------</div>"," ","html-keyboard-response","128","107922","0.0-128.0","5d537c0cecc84200153075e9","6a04f72bb0f4a868caeeb473","6a05526634fbb9d50ec646a9","2bomnjjb","","","","spr_word","142","1b_2a","b","12","1b_2a-12","0","how","3","21","false","","",""
"191","<div class=""spr-display"">The baker mentioned how the ----- ------ ---- --- ----- ----- ------ --------- --- ----------- ------ --- ---- --- --- -------</div>"," ","html-keyboard-response","129","108114","0.0-129.0","5d537c0cecc84200153075e9","6a04f72bb0f4a868caeeb473","6a05526634fbb9d50ec646a9","2bomnjjb","","","","spr_word","142","1b_2a","b","12","1b_2a-12","0","the","4","21","false","","",""
"198","<div class=""spr-display"">The baker mentioned how the young ------ ---- --- ----- ----- ------ --------- --- ----------- ------ --- ---- --- --- -------</div>"," ","html-keyboard-response","130","108312","0.0-130.0","5d537c0cecc84200153075e9","6a04f72bb0f4a868caeeb473","6a05526634fbb9d50ec646a9","2bomnjjb","","","","spr_word","142","1b_2a","b","12","1b_2a-12","0","young","5","21","false","","",""
"205","<div class=""spr-display"">The baker mentioned how the young mother ---- --- ----- ----- ------ --------- --- ----------- ------ --- ---- --- --- -------</div>"," ","html-keyboard-response","131","108518","0.0-131.0","5d537c0cecc84200153075e9","6a04f72bb0f4a868caeeb473","6a05526634fbb9d50ec646a9","2bomnjjb","","","","spr_word","142","1b_2a","b","12","1b_2a-12","0","mother","6","21","false","","",""
"202","<div class=""spr-display"">The baker mentioned how the young mother that --- ----- ----- ------ --------- --- ----------- ------ --- ---- --- --- -------</div>"," ","html-keyboard-response","132","108720","0.0-132.0","5d537c0cecc84200153075e9","6a04f72bb0f4a868caeeb473","6a05526634fbb9d50ec646a9","2bomnjjb","","","","spr_word","142","1b_2a","b","12","1b_2a-12","0","that","7","21","false","","",""
"200","<div class=""spr-display"">The baker mentioned how the young mother that the ----- ----- ------ --------- --- ----------- ------ --- ---- --- --- -------</div>"," ","html-keyboard-response","133","108921","0.0-133.0","5d537c0cecc84200153075e9","6a04f72bb0f4a868caeeb473","6a05526634fbb9d50ec646a9","2bomnjjb","","","","spr_word","142","1b_2a","b","12","1b_2a-12","0","the","8","21","false","","",""
"211","<div class=""spr-display"">The baker mentioned how the young mother that the sweet ----- ------ --------- --- ----------- ------ --- ---- --- --- -------</div>"," ","html-keyboard-response","134","109133","0.0-134.0","5d537c0cecc84200153075e9","6a04f72bb0f4a868caeeb473","6a05526634fbb9d50ec646a9","2bomnjjb","","","","spr_word","142","1b_2a","b","12","1b_2a-12","0","sweet","9","21","false","","",""
"199","<div class=""spr-display"">The baker mentioned how the young mother that the sweet child ------ --------- --- ----------- ------ --- ---- --- --- -------</div>"," ","html-keyboard-response","135","109333","0.0-135.0","5d537c0cecc84200153075e9","6a04f72bb0f4a868caeeb473","6a05526634fbb9d50ec646a9","2bomnjjb","","","","spr_word","142","1b_2a","b","12","1b_2a-12","0","child","10","21","false","","",""
"191","<div class=""spr-display"">The baker mentioned how the young mother that the sweet child hugged --------- --- ----------- ------ --- ---- --- --- -------</div>"," ","html-keyboard-response","136","109524","0.0-136.0","5d537c0cecc84200153075e9","6a04f72bb0f4a868caeeb473","6a05526634fbb9d50ec646a9","2bomnjjb","","","","spr_word","142","1b_2a","b","12","1b_2a-12","0","hugged","11","21","false","","",""
"200","<div class=""spr-display"">The baker mentioned how the young mother that the sweet child hugged hurriedly --- ----------- ------ --- ---- --- --- -------</div>"," ","html-keyboard-response","137","109725","0.0-137.0","5d537c0cecc84200153075e9","6a04f72bb0f4a868caeeb473","6a05526634fbb9d50ec646a9","2bomnjjb","","","","spr_word","142","1b_2a","b","12","1b_2a-12","0","hurriedly","12","21","false","","",""
"201","<div class=""spr-display"">The baker mentioned how the young mother that the sweet child hugged hurriedly and ----------- ------ --- ---- --- --- -------</div>"," ","html-keyboard-response","138","109926","0.0-138.0","5d537c0cecc84200153075e9","6a04f72bb0f4a868caeeb473","6a05526634fbb9d50ec646a9","2bomnjjb","","","","spr_word","142","1b_2a","b","12","1b_2a-12","0","and","13","21","false","","",""
"186","<div class=""spr-display"">The baker mentioned how the young mother that the sweet child hugged hurriedly and frantically ------ --- ---- --- --- -------</div>"," ","html-keyboard-response","139","110113","0.0-139.0","5d537c0cecc84200153075e9","6a04f72bb0f4a868caeeb473","6a05526634fbb9d50ec646a9","2bomnjjb","","","","spr_word","142","1b_2a","b","12","1b_2a-12","0","frantically","14","21","false","","",""
"196","<div class=""spr-display"">The baker mentioned how the young mother that the sweet child hugged hurriedly and frantically bought --- ---- --- --- -------</div>"," ","html-keyboard-response","140","110310","0.0-140.0","5d537c0cecc84200153075e9","6a04f72bb0f4a868caeeb473","6a05526634fbb9d50ec646a9","2bomnjjb","","","","spr_word","142","1b_2a","b","12","1b_2a-12","0","bought","15","21","false","","",""
"203","<div class=""spr-display"">The baker mentioned how the young mother that the sweet child hugged hurriedly and frantically bought the ---- --- --- -------</div>"," ","html-keyboard-response","141","110514","0.0-141.0","5d537c0cecc84200153075e9","6a04f72bb0f4a868caeeb473","6a05526634fbb9d50ec646a9","2bomnjjb","","","","spr_word","142","1b_2a","b","12","1b_2a-12","0","the","16","21","false","","",""
"198","<div class=""spr-display"">The baker mentioned how the young mother that the sweet child hugged hurriedly and frantically bought the cake --- --- -------</div>"," ","html-keyboard-response","142","110712","0.0-142.0","5d537c0cecc84200153075e9","6a04f72bb0f4a868caeeb473","6a05526634fbb9d50ec646a9","2bomnjjb","","","","spr_word","142","1b_2a","b","12","1b_2a-12","0","cake","17","21","false","","",""
"201","<div class=""spr-display"">The baker mentioned how the young mother that the sweet child hugged hurriedly and frantically bought the cake for --- -------</div>"," ","html-keyboard-response","143","110914","0.0-143.0","5d537c0cecc84200153075e9","6a04f72bb0f4a868caeeb473","6a05526634fbb9d50ec646a9","2bomnjjb","","","","spr_word","142","1b_2a","b","12","1b_2a-12","0","for","18","21","false","","",""
"207","<div class=""spr-display"">The baker mentioned how the young mother that the sweet child hugged hurriedly and frantically bought the cake for her -------</div>"," ","html-keyboard-response","144","111121","0.0-144.0","5d537c0cecc84200153075e9","6a04f72bb0f4a868caeeb473","6a05526634fbb9d50ec646a9","2bomnjjb","","","","spr_word","142","1b_2a","b","12","1b_2a-12","0","her","19","21","false","","",""
"185","<div class=""spr-display"">The baker mentioned how the young mother that the sweet child hugged hurriedly and frantically bought the cake for her sister.</div>"," ","html-keyboard-response","145","111307","0.0-145.0","5d537c0cecc84200153075e9","6a04f72bb0f4a868caeeb473","6a05526634fbb9d50ec646a9","2bomnjjb","","","","spr_word","142","1b_2a","b","12","1b_2a-12","0","sister.","20","21","false","","",""
"1385","<div class=""comprehension-box"">
                    <p>undefined</p>
                    <p>Press <span class=""key-label"">F</span> for <strong>Yes</strong> &nbsp;|&nbsp;
                    Press <span class=""key-label"">J</span> for <strong>No</strong></p>
                </div>","j","html-keyboard-response","146","112693","0.0-146.0","5d537c0cecc84200153075e9","6a04f72bb0f4a868caeeb473","6a05526634fbb9d50ec646a9","2bomnjjb","","","","comprehension","142","1b_2a","b","12","1b_2a-12","0","","","","","","No","false"
"1044","<div class=""comprehension-box"">
                    <p class=""feedback-incorrect"">Incorrect</p>
                    <p style=""font-size:18px;"">The correct answer was <strong>No</strong>.</p>
                    <p style=""margin-top:20px; font-size:16px; color:#555;"">
                    Press <span class=""key-label"">SPACE</span> to continue.
                    </p>
                </div>"," ","html-keyboard-response","147","113737","0.0-147.0","5d537c0cecc84200153075e9","6a04f72bb0f4a868caeeb473","6a05526634fbb9d50ec646a9","2bomnjjb","","","","feedback","142","1b_2a","b","12","1b_2a-12","0","","","","","","",""
"null","<span class=""fixation"">+</span>","null","html-keyboard-response","148","114242","0.0-148.0","5d537c0cecc84200153075e9","6a04f72bb0f4a868caeeb473","6a05526634fbb9d50ec646a9","2bomnjjb","","","","fixation","117","1b_2a","a","6","1b_2a-6","0","","","","","","",""
"144","<div class=""spr-display"">--- ----- ---------- --- --- ---- ------ ---- --- --- ------- ---------- ---------- --- ---------- ------ - ----- ----"," ","html-keyboard-response","149","114387","0.0-149.0","5d537c0cecc84200153075e9","6a04f72bb0f4a868caeeb473","6a05526634fbb9d50ec646a9","2bomnjjb","","","","prompt","117","1b_2a","a","6","1b_2a-6","0","","","","","","",""
"213","<div class=""spr-display"">The ----- ---------- --- --- ---- ------ ---- --- --- ------- ---------- ---------- --- ---------- ------ - ----- ----</div>"," ","html-keyboard-response","150","114600","0.0-150.0","5d537c0cecc84200153075e9","6a04f72bb0f4a868caeeb473","6a05526634fbb9d50ec646a9","2bomnjjb","","","","spr_word","117","1b_2a","a","6","1b_2a-6","0","The","0","19","false","","",""
"197","<div class=""spr-display"">The clerk ---------- --- --- ---- ------ ---- --- --- ------- ---------- ---------- --- ---------- ------ - ----- ----</div>"," ","html-keyboard-response","151","114798","0.0-151.0","5d537c0cecc84200153075e9","6a04f72bb0f4a868caeeb473","6a05526634fbb9d50ec646a9","2bomnjjb","","","","spr_word","117","1b_2a","a","6","1b_2a-6","0","clerk","1","19","false","","",""
"194","<div class=""spr-display"">The clerk remembered --- --- ---- ------ ---- --- --- ------- ---------- ---------- --- ---------- ------ - ----- ----</div>"," ","html-keyboard-response","152","114993","0.0-152.0","5d537c0cecc84200153075e9","6a04f72bb0f4a868caeeb473","6a05526634fbb9d50ec646a9","2bomnjjb","","","","spr_word","117","1b_2a","a","6","1b_2a-6","0","remembered","2","19","false","","",""
"191","<div class=""spr-display"">The clerk remembered who --- ---- ------ ---- --- --- ------- ---------- ---------- --- ---------- ------ - ----- ----</div>"," ","html-keyboard-response","153","115184","0.0-153.0","5d537c0cecc84200153075e9","6a04f72bb0f4a868caeeb473","6a05526634fbb9d50ec646a9","2bomnjjb","","","","spr_word","117","1b_2a","a","6","1b_2a-6","0","who","3","19","false","","",""
"202","<div class=""spr-display"">The clerk remembered who the ---- ------ ---- --- --- ------- ---------- ---------- --- ---------- ------ - ----- ----</div>"," ","html-keyboard-response","154","115386","0.0-154.0","5d537c0cecc84200153075e9","6a04f72bb0f4a868caeeb473","6a05526634fbb9d50ec646a9","2bomnjjb","","","","spr_word","117","1b_2a","a","6","1b_2a-6","0","the","4","19","false","","",""
"198","<div class=""spr-display"">The clerk remembered who the rich ------ ---- --- --- ------- ---------- ---------- --- ---------- ------ - ----- ----</div>"," ","html-keyboard-response","155","115585","0.0-155.0","5d537c0cecc84200153075e9","6a04f72bb0f4a868caeeb473","6a05526634fbb9d50ec646a9","2bomnjjb","","","","spr_word","117","1b_2a","a","6","1b_2a-6","0","rich","5","19","false","","",""
"197","<div class=""spr-display"">The clerk remembered who the rich banker ---- --- --- ------- ---------- ---------- --- ---------- ------ - ----- ----</div>"," ","html-keyboard-response","156","115783","0.0-156.0","5d537c0cecc84200153075e9","6a04f72bb0f4a868caeeb473","6a05526634fbb9d50ec646a9","2bomnjjb","","","","spr_word","117","1b_2a","a","6","1b_2a-6","0","banker","6","19","false","","",""
"195","<div class=""spr-display"">The clerk remembered who the rich banker that --- --- ------- ---------- ---------- --- ---------- ------ - ----- ----</div>"," ","html-keyboard-response","157","115979","0.0-157.0","5d537c0cecc84200153075e9","6a04f72bb0f4a868caeeb473","6a05526634fbb9d50ec646a9","2bomnjjb","","","","spr_word","117","1b_2a","a","6","1b_2a-6","0","that","7","19","false","","",""
"191","<div class=""spr-display"">The clerk remembered who the rich banker that the --- ------- ---------- ---------- --- ---------- ------ - ----- ----</div>"," ","html-keyboard-response","158","116171","0.0-158.0","5d537c0cecc84200153075e9","6a04f72bb0f4a868caeeb473","6a05526634fbb9d50ec646a9","2bomnjjb","","","","spr_word","117","1b_2a","a","6","1b_2a-6","0","the","8","19","false","","",""
"196","<div class=""spr-display"">The clerk remembered who the rich banker that the new ------- ---------- ---------- --- ---------- ------ - ----- ----</div>"," ","html-keyboard-response","159","116367","0.0-159.0","5d537c0cecc84200153075e9","6a04f72bb0f4a868caeeb473","6a05526634fbb9d50ec646a9","2bomnjjb","","","","spr_word","117","1b_2a","a","6","1b_2a-6","0","new","9","19","false","","",""
"190","<div class=""spr-display"">The clerk remembered who the rich banker that the new manager ---------- ---------- --- ---------- ------ - ----- ----</div>"," ","html-keyboard-response","160","116557","0.0-160.0","5d537c0cecc84200153075e9","6a04f72bb0f4a868caeeb473","6a05526634fbb9d50ec646a9","2bomnjjb","","","","spr_word","117","1b_2a","a","6","1b_2a-6","0","manager","10","19","false","","",""
"191","<div class=""spr-display"">The clerk remembered who the rich banker that the new manager distrusted ---------- --- ---------- ------ - ----- ----</div>"," ","html-keyboard-response","161","116749","0.0-161.0","5d537c0cecc84200153075e9","6a04f72bb0f4a868caeeb473","6a05526634fbb9d50ec646a9","2bomnjjb","","","","spr_word","117","1b_2a","a","6","1b_2a-6","0","distrusted","11","19","false","","",""
"201","<div class=""spr-display"">The clerk remembered who the rich banker that the new manager distrusted cautiously --- ---------- ------ - ----- ----</div>"," ","html-keyboard-response","162","116951","0.0-162.0","5d537c0cecc84200153075e9","6a04f72bb0f4a868caeeb473","6a05526634fbb9d50ec646a9","2bomnjjb","","","","spr_word","117","1b_2a","a","6","1b_2a-6","0","cautiously","12","19","false","","",""
"197","<div class=""spr-display"">The clerk remembered who the rich banker that the new manager distrusted cautiously and ---------- ------ - ----- ----</div>"," ","html-keyboard-response","163","117149","0.0-163.0","5d537c0cecc84200153075e9","6a04f72bb0f4a868caeeb473","6a05526634fbb9d50ec646a9","2bomnjjb","","","","spr_word","117","1b_2a","a","6","1b_2a-6","0","and","13","19","false","","",""
"202","<div class=""spr-display"">The clerk remembered who the rich banker that the new manager distrusted cautiously and wrongfully ------ - ----- ----</div>"," ","html-keyboard-response","164","117351","0.0-164.0","5d537c0cecc84200153075e9","6a04f72bb0f4a868caeeb473","6a05526634fbb9d50ec646a9","2bomnjjb","","","","spr_word","117","1b_2a","a","6","1b_2a-6","0","wrongfully","14","19","false","","",""
"205","<div class=""spr-display"">The clerk remembered who the rich banker that the new manager distrusted cautiously and wrongfully cashed - ----- ----</div>"," ","html-keyboard-response","165","117558","0.0-165.0","5d537c0cecc84200153075e9","6a04f72bb0f4a868caeeb473","6a05526634fbb9d50ec646a9","2bomnjjb","","","","spr_word","117","1b_2a","a","6","1b_2a-6","0","cashed","15","19","false","","",""
"184","<div class=""spr-display"">The clerk remembered who the rich banker that the new manager distrusted cautiously and wrongfully cashed a ----- ----</div>"," ","html-keyboard-response","166","117742","0.0-166.0","5d537c0cecc84200153075e9","6a04f72bb0f4a868caeeb473","6a05526634fbb9d50ec646a9","2bomnjjb","","","","spr_word","117","1b_2a","a","6","1b_2a-6","0","a","16","19","false","","",""
"227","<div class=""spr-display"">The clerk remembered who the rich banker that the new manager distrusted cautiously and wrongfully cashed a check ----</div>"," ","html-keyboard-response","167","117970","0.0-167.0","5d537c0cecc84200153075e9","6a04f72bb0f4a868caeeb473","6a05526634fbb9d50ec646a9","2bomnjjb","","","","spr_word","117","1b_2a","a","6","1b_2a-6","0","check","17","19","false","","",""
"1060","<div class=""spr-display"">The clerk remembered who the rich banker that the new manager distrusted cautiously and wrongfully cashed a check for.</div>"," ","html-keyboard-response","168","119031","0.0-168.0","5d537c0cecc84200153075e9","6a04f72bb0f4a868caeeb473","6a05526634fbb9d50ec646a9","2bomnjjb","","","","spr_word","117","1b_2a","a","6","1b_2a-6","0","for.","18","19","false","","",""
"741","<div class=""comprehension-box"">
                    <p>undefined</p>
                    <p>Press <span class=""key-label"">F</span> for <strong>Yes</strong> &nbsp;|&nbsp;
                    Press <span class=""key-label"">J</span> for <strong>No</strong></p>
                </div>","j","html-keyboard-response","169","119773","0.0-169.0","5d537c0cecc84200153075e9","6a04f72bb0f4a868caeeb473","6a05526634fbb9d50ec646a9","2bomnjjb","","","","comprehension","117","1b_2a","a","6","1b_2a-6","0","","","","","","No","false"
"3422","<div class=""comprehension-box"">
                    <p class=""feedback-incorrect"">Incorrect</p>
                    <p style=""font-size:18px;"">The correct answer was <strong>No</strong>.</p>
                    <p style=""margin-top:20px; font-size:16px; color:#555;"">
                    Press <span class=""key-label"">SPACE</span> to continue.
                    </p>
                </div>"," ","html-keyboard-response","170","123195","0.0-170.0","5d537c0cecc84200153075e9","6a04f72bb0f4a868caeeb473","6a05526634fbb9d50ec646a9","2bomnjjb","","","","feedback","117","1b_2a","a","6","1b_2a-6","0","","","","","","",""
"null","<span class=""fixation"">+</span>","null","html-keyboard-response","171","123708","0.0-171.0","5d537c0cecc84200153075e9","6a04f72bb0f4a868caeeb473","6a05526634fbb9d50ec646a9","2bomnjjb","","","","fixation","112","1b_2a","d","4","1b_2a-4","0","","","","","","",""
"162","<div class=""spr-display"">--- ----- ---------- --- --- ------- --------- ---- --- -------------- --------- ----- -------- --- ---------- ------- --- ----- -- --- -----------"," ","html-keyboard-response","172","123871","0.0-172.0","5d537c0cecc84200153075e9","6a04f72bb0f4a868caeeb473","6a05526634fbb9d50ec646a9","2bomnjjb","","","","prompt","112","1b_2a","d","4","1b_2a-4","0","","","","","","",""
"200","<div class=""spr-display"">The ----- ---------- --- --- ------- --------- ---- --- -------------- --------- ----- -------- --- ---------- ------- --- ----- -- --- -----------</div>"," ","html-keyboard-response","173","124072","0.0-173.0","5d537c0cecc84200153075e9","6a04f72bb0f4a868caeeb473","6a05526634fbb9d50ec646a9","2bomnjjb","","","","spr_word","112","1b_2a","d","4","1b_2a-4","0","The","0","21","false","","",""
"205","<div class=""spr-display"">The panel ---------- --- --- ------- --------- ---- --- -------------- --------- ----- -------- --- ---------- ------- --- ----- -- --- -----------</div>"," ","html-keyboard-response","174","124277","0.0-174.0","5d537c0cecc84200153075e9","6a04f72bb0f4a868caeeb473","6a05526634fbb9d50ec646a9","2bomnjjb","","","","spr_word","112","1b_2a","d","4","1b_2a-4","0","panel","1","21","false","","",""
"201","<div class=""spr-display"">The panel remembered --- --- ------- --------- ---- --- -------------- --------- ----- -------- --- ---------- ------- --- ----- -- --- -----------</div>"," ","html-keyboard-response","175","124479","0.0-175.0","5d537c0cecc84200153075e9","6a04f72bb0f4a868caeeb473","6a05526634fbb9d50ec646a9","2bomnjjb","","","","spr_word","112","1b_2a","d","4","1b_2a-4","0","remembered","2","21","false","","",""
"206","<div class=""spr-display"">The panel remembered why --- ------- --------- ---- --- -------------- --------- ----- -------- --- ---------- ------- --- ----- -- --- -----------</div>"," ","html-keyboard-response","176","124685","0.0-176.0","5d537c0cecc84200153075e9","6a04f72bb0f4a868caeeb473","6a05526634fbb9d50ec646a9","2bomnjjb","","","","spr_word","112","1b_2a","d","4","1b_2a-4","0","why","3","21","false","","",""
"211","<div class=""spr-display"">The panel remembered why the ------- --------- ---- --- -------------- --------- ----- -------- --- ---------- ------- --- ----- -- --- -----------</div>"," ","html-keyboard-response","177","124897","0.0-177.0","5d537c0cecc84200153075e9","6a04f72bb0f4a868caeeb473","6a05526634fbb9d50ec646a9","2bomnjjb","","","","spr_word","112","1b_2a","d","4","1b_2a-4","0","the","4","21","false","","",""
"201","<div class=""spr-display"">The panel remembered why the awkward --------- ---- --- -------------- --------- ----- -------- --- ---------- ------- --- ----- -- --- -----------</div>"," ","html-keyboard-response","178","125099","0.0-178.0","5d537c0cecc84200153075e9","6a04f72bb0f4a868caeeb473","6a05526634fbb9d50ec646a9","2bomnjjb","","","","spr_word","112","1b_2a","d","4","1b_2a-4","0","awkward","5","21","false","","",""
"202","<div class=""spr-display"">The panel remembered why the awkward scientist ---- --- -------------- --------- ----- -------- --- ---------- ------- --- ----- -- --- -----------</div>"," ","html-keyboard-response","179","125301","0.0-179.0","5d537c0cecc84200153075e9","6a04f72bb0f4a868caeeb473","6a05526634fbb9d50ec646a9","2bomnjjb","","","","spr_word","112","1b_2a","d","4","1b_2a-4","0","scientist","6","21","false","","",""
"210","<div class=""spr-display"">The panel remembered why the awkward scientist that --- -------------- --------- ----- -------- --- ---------- ------- --- ----- -- --- -----------</div>"," ","html-keyboard-response","180","125512","0.0-180.0","5d537c0cecc84200153075e9","6a04f72bb0f4a868caeeb473","6a05526634fbb9d50ec646a9","2bomnjjb","","","","spr_word","112","1b_2a","d","4","1b_2a-4","0","that","7","21","false","","",""
"211","<div class=""spr-display"">The panel remembered why the awkward scientist that the -------------- --------- ----- -------- --- ---------- ------- --- ----- -- --- -----------</div>"," ","html-keyboard-response","181","125723","0.0-181.0","5d537c0cecc84200153075e9","6a04f72bb0f4a868caeeb473","6a05526634fbb9d50ec646a9","2bomnjjb","","","","spr_word","112","1b_2a","d","4","1b_2a-4","0","the","8","21","false","","",""
"206","<div class=""spr-display"">The panel remembered why the awkward scientist that the unconventional --------- ----- -------- --- ---------- ------- --- ----- -- --- -----------</div>"," ","html-keyboard-response","182","125929","0.0-182.0","5d537c0cecc84200153075e9","6a04f72bb0f4a868caeeb473","6a05526634fbb9d50ec646a9","2bomnjjb","","","","spr_word","112","1b_2a","d","4","1b_2a-4","0","unconventional","9","21","false","","",""
"206","<div class=""spr-display"">The panel remembered why the awkward scientist that the unconventional professor ----- -------- --- ---------- ------- --- ----- -- --- -----------</div>"," ","html-keyboard-response","183","126136","0.0-183.0","5d537c0cecc84200153075e9","6a04f72bb0f4a868caeeb473","6a05526634fbb9d50ec646a9","2bomnjjb","","","","spr_word","112","1b_2a","d","4","1b_2a-4","0","professor","10","21","false","","",""
"197","<div class=""spr-display"">The panel remembered why the awkward scientist that the unconventional professor liked -------- --- ---------- ------- --- ----- -- --- -----------</div>"," ","html-keyboard-response","184","126334","0.0-184.0","5d537c0cecc84200153075e9","6a04f72bb0f4a868caeeb473","6a05526634fbb9d50ec646a9","2bomnjjb","","","","spr_word","112","1b_2a","d","4","1b_2a-4","0","liked","11","21","false","","",""
"200","<div class=""spr-display"">The panel remembered why the awkward scientist that the unconventional professor liked benignly --- ---------- ------- --- ----- -- --- -----------</div>"," ","html-keyboard-response","185","126535","0.0-185.0","5d537c0cecc84200153075e9","6a04f72bb0f4a868caeeb473","6a05526634fbb9d50ec646a9","2bomnjjb","","","","spr_word","112","1b_2a","d","4","1b_2a-4","0","benignly","12","21","false","","",""
"206","<div class=""spr-display"">The panel remembered why the awkward scientist that the unconventional professor liked benignly and ---------- ------- --- ----- -- --- -----------</div>"," ","html-keyboard-response","186","126742","0.0-186.0","5d537c0cecc84200153075e9","6a04f72bb0f4a868caeeb473","6a05526634fbb9d50ec646a9","2bomnjjb","","","","spr_word","112","1b_2a","d","4","1b_2a-4","0","and","13","21","false","","",""
"207","<div class=""spr-display"">The panel remembered why the awkward scientist that the unconventional professor liked benignly and hesitantly ------- --- ----- -- --- -----------</div>"," ","html-keyboard-response","187","126950","0.0-187.0","5d537c0cecc84200153075e9","6a04f72bb0f4a868caeeb473","6a05526634fbb9d50ec646a9","2bomnjjb","","","","spr_word","112","1b_2a","d","4","1b_2a-4","0","hesitantly","14","21","false","","",""
"194","<div class=""spr-display"">The panel remembered why the awkward scientist that the unconventional professor liked benignly and hesitantly awarded --- ----- -- --- -----------</div>"," ","html-keyboard-response","188","127144","0.0-188.0","5d537c0cecc84200153075e9","6a04f72bb0f4a868caeeb473","6a05526634fbb9d50ec646a9","2bomnjjb","","","","spr_word","112","1b_2a","d","4","1b_2a-4","0","awarded","15","21","false","","",""
"203","<div class=""spr-display"">The panel remembered why the awkward scientist that the unconventional professor liked benignly and hesitantly awarded the ----- -- --- -----------</div>"," ","html-keyboard-response","189","127348","0.0-189.0","5d537c0cecc84200153075e9","6a04f72bb0f4a868caeeb473","6a05526634fbb9d50ec646a9","2bomnjjb","","","","spr_word","112","1b_2a","d","4","1b_2a-4","0","the","16","21","false","","",""
"203","<div class=""spr-display"">The panel remembered why the awkward scientist that the unconventional professor liked benignly and hesitantly awarded the grant -- --- -----------</div>"," ","html-keyboard-response","190","127552","0.0-190.0","5d537c0cecc84200153075e9","6a04f72bb0f4a868caeeb473","6a05526634fbb9d50ec646a9","2bomnjjb","","","","spr_word","112","1b_2a","d","4","1b_2a-4","0","grant","17","21","false","","",""
"223","<div class=""spr-display"">The panel remembered why the awkward scientist that the unconventional professor liked benignly and hesitantly awarded the grant to --- -----------</div>"," ","html-keyboard-response","191","127775","0.0-191.0","5d537c0cecc84200153075e9","6a04f72bb0f4a868caeeb473","6a05526634fbb9d50ec646a9","2bomnjjb","","","","spr_word","112","1b_2a","d","4","1b_2a-4","0","to","18","21","false","","",""
"210","<div class=""spr-display"">The panel remembered why the awkward scientist that the unconventional professor liked benignly and hesitantly awarded the grant to the -----------</div>"," ","html-keyboard-response","192","127986","0.0-192.0","5d537c0cecc84200153075e9","6a04f72bb0f4a868caeeb473","6a05526634fbb9d50ec646a9","2bomnjjb","","","","spr_word","112","1b_2a","d","4","1b_2a-4","0","the","19","21","false","","",""
"201","<div class=""spr-display"">The panel remembered why the awkward scientist that the unconventional professor liked benignly and hesitantly awarded the grant to the researcher.</div>"," ","html-keyboard-response","193","128188","0.0-193.0","5d537c0cecc84200153075e9","6a04f72bb0f4a868caeeb473","6a05526634fbb9d50ec646a9","2bomnjjb","","","","spr_word","112","1b_2a","d","4","1b_2a-4","0","researcher.","20","21","false","","",""
"1342","<div class=""comprehension-box"">
                    <p>undefined</p>
                    <p>Press <span class=""key-label"">F</span> for <strong>Yes</strong> &nbsp;|&nbsp;
                    Press <span class=""key-label"">J</span> for <strong>No</strong></p>
                </div>","f","html-keyboard-response","194","129530","0.0-194.0","5d537c0cecc84200153075e9","6a04f72bb0f4a868caeeb473","6a05526634fbb9d50ec646a9","2bomnjjb","","","","comprehension","112","1b_2a","d","4","1b_2a-4","0","","","","","","Yes","false"
"2285","<div class=""comprehension-box"">
                    <p class=""feedback-incorrect"">Incorrect</p>
                    <p style=""font-size:18px;"">The correct answer was <strong>No</strong>.</p>
                    <p style=""margin-top:20px; font-size:16px; color:#555;"">
                    Press <span class=""key-label"">SPACE</span> to continue.
                    </p>
                </div>"," ","html-keyboard-response","195","131816","0.0-195.0","5d537c0cecc84200153075e9","6a04f72bb0f4a868caeeb473","6a05526634fbb9d50ec646a9","2bomnjjb","","","","feedback","112","1b_2a","d","4","1b_2a-4","0","","","","","","",""
"null","<span class=""fixation"">+</span>","null","html-keyboard-response","196","132325","0.0-196.0","5d537c0cecc84200153075e9","6a04f72bb0f4a868caeeb473","6a05526634fbb9d50ec646a9","2bomnjjb","","","","fixation","145","1b_2a","a","13","1b_2a-13","0","","","","","","",""
"166","<div class=""spr-display"">--- ------- --------- --- --- --------- ----- ---- --- --- ------ ----------- -------- --- ---------- -------- --- ---- ---"," ","html-keyboard-response","197","132491","0.0-197.0","5d537c0cecc84200153075e9","6a04f72bb0f4a868caeeb473","6a05526634fbb9d50ec646a9","2bomnjjb","","","","prompt","145","1b_2a","a","13","1b_2a-13","0","","","","","","",""
"206","<div class=""spr-display"">The ------- --------- --- --- --------- ----- ---- --- --- ------ ----------- -------- --- ---------- -------- --- ---- ---</div>"," ","html-keyboard-response","198","132697","0.0-198.0","5d537c0cecc84200153075e9","6a04f72bb0f4a868caeeb473","6a05526634fbb9d50ec646a9","2bomnjjb","","","","spr_word","145","1b_2a","a","13","1b_2a-13","0","The","0","19","false","","",""
"216","<div class=""spr-display"">The surgeon --------- --- --- --------- ----- ---- --- --- ------ ----------- -------- --- ---------- -------- --- ---- ---</div>"," ","html-keyboard-response","199","132914","0.0-199.0","5d537c0cecc84200153075e9","6a04f72bb0f4a868caeeb473","6a05526634fbb9d50ec646a9","2bomnjjb","","","","spr_word","145","1b_2a","a","13","1b_2a-13","0","surgeon","1","19","false","","",""
"206","<div class=""spr-display"">The surgeon disclosed --- --- --------- ----- ---- --- --- ------ ----------- -------- --- ---------- -------- --- ---- ---</div>"," ","html-keyboard-response","200","133121","0.0-200.0","5d537c0cecc84200153075e9","6a04f72bb0f4a868caeeb473","6a05526634fbb9d50ec646a9","2bomnjjb","","","","spr_word","145","1b_2a","a","13","1b_2a-13","0","disclosed","2","19","false","","",""
"191","<div class=""spr-display"">The surgeon disclosed who --- --------- ----- ---- --- --- ------ ----------- -------- --- ---------- -------- --- ---- ---</div>"," ","html-keyboard-response","201","133313","0.0-201.0","5d537c0cecc84200153075e9","6a04f72bb0f4a868caeeb473","6a05526634fbb9d50ec646a9","2bomnjjb","","","","spr_word","145","1b_2a","a","13","1b_2a-13","0","who","3","19","false","","",""
"201","<div class=""spr-display"">The surgeon disclosed who the --------- ----- ---- --- --- ------ ----------- -------- --- ---------- -------- --- ---- ---</div>"," ","html-keyboard-response","202","133514","0.0-202.0","5d537c0cecc84200153075e9","6a04f72bb0f4a868caeeb473","6a05526634fbb9d50ec646a9","2bomnjjb","","","","spr_word","145","1b_2a","a","13","1b_2a-13","0","the","4","19","false","","",""
"196","<div class=""spr-display"">The surgeon disclosed who the ambitious ----- ---- --- --- ------ ----------- -------- --- ---------- -------- --- ---- ---</div>"," ","html-keyboard-response","203","133710","0.0-203.0","5d537c0cecc84200153075e9","6a04f72bb0f4a868caeeb473","6a05526634fbb9d50ec646a9","2bomnjjb","","","","spr_word","145","1b_2a","a","13","1b_2a-13","0","ambitious","5","19","false","","",""
"213","<div class=""spr-display"">The surgeon disclosed who the ambitious nurse ---- --- --- ------ ----------- -------- --- ---------- -------- --- ---- ---</div>"," ","html-keyboard-response","204","133924","0.0-204.0","5d537c0cecc84200153075e9","6a04f72bb0f4a868caeeb473","6a05526634fbb9d50ec646a9","2bomnjjb","","","","spr_word","145","1b_2a","a","13","1b_2a-13","0","nurse","6","19","false","","",""
"205","<div class=""spr-display"">The surgeon disclosed who the ambitious nurse that --- --- ------ ----------- -------- --- ---------- -------- --- ---- ---</div>"," ","html-keyboard-response","205","134129","0.0-205.0","5d537c0cecc84200153075e9","6a04f72bb0f4a868caeeb473","6a05526634fbb9d50ec646a9","2bomnjjb","","","","spr_word","145","1b_2a","a","13","1b_2a-13","0","that","7","19","false","","",""
"211","<div class=""spr-display"">The surgeon disclosed who the ambitious nurse that the --- ------ ----------- -------- --- ---------- -------- --- ---- ---</div>"," ","html-keyboard-response","206","134341","0.0-206.0","5d537c0cecc84200153075e9","6a04f72bb0f4a868caeeb473","6a05526634fbb9d50ec646a9","2bomnjjb","","","","spr_word","145","1b_2a","a","13","1b_2a-13","0","the","8","19","false","","",""
"201","<div class=""spr-display"">The surgeon disclosed who the ambitious nurse that the old ------ ----------- -------- --- ---------- -------- --- ---- ---</div>"," ","html-keyboard-response","207","134543","0.0-207.0","5d537c0cecc84200153075e9","6a04f72bb0f4a868caeeb473","6a05526634fbb9d50ec646a9","2bomnjjb","","","","spr_word","145","1b_2a","a","13","1b_2a-13","0","old","9","19","false","","",""
"199","<div class=""spr-display"">The surgeon disclosed who the ambitious nurse that the old doctor ----------- -------- --- ---------- -------- --- ---- ---</div>"," ","html-keyboard-response","208","134742","0.0-208.0","5d537c0cecc84200153075e9","6a04f72bb0f4a868caeeb473","6a05526634fbb9d50ec646a9","2bomnjjb","","","","spr_word","145","1b_2a","a","13","1b_2a-13","0","doctor","10","19","false","","",""
"199","<div class=""spr-display"">The surgeon disclosed who the ambitious nurse that the old doctor recommended -------- --- ---------- -------- --- ---- ---</div>"," ","html-keyboard-response","209","134942","0.0-209.0","5d537c0cecc84200153075e9","6a04f72bb0f4a868caeeb473","6a05526634fbb9d50ec646a9","2bomnjjb","","","","spr_word","145","1b_2a","a","13","1b_2a-13","0","recommended","11","19","false","","",""
"203","<div class=""spr-display"">The surgeon disclosed who the ambitious nurse that the old doctor recommended unfairly --- ---------- -------- --- ---- ---</div>"," ","html-keyboard-response","210","135145","0.0-210.0","5d537c0cecc84200153075e9","6a04f72bb0f4a868caeeb473","6a05526634fbb9d50ec646a9","2bomnjjb","","","","spr_word","145","1b_2a","a","13","1b_2a-13","0","unfairly","12","19","false","","",""
"214","<div class=""spr-display"">The surgeon disclosed who the ambitious nurse that the old doctor recommended unfairly and ---------- -------- --- ---- ---</div>"," ","html-keyboard-response","211","135360","0.0-211.0","5d537c0cecc84200153075e9","6a04f72bb0f4a868caeeb473","6a05526634fbb9d50ec646a9","2bomnjjb","","","","spr_word","145","1b_2a","a","13","1b_2a-13","0","and","13","19","false","","",""
"183","<div class=""spr-display"">The surgeon disclosed who the ambitious nurse that the old doctor recommended unfairly and ignorantly -------- --- ---- ---</div>"," ","html-keyboard-response","212","135543","0.0-212.0","5d537c0cecc84200153075e9","6a04f72bb0f4a868caeeb473","6a05526634fbb9d50ec646a9","2bomnjjb","","","","spr_word","145","1b_2a","a","13","1b_2a-13","0","ignorantly","14","19","false","","",""
"195","<div class=""spr-display"">The surgeon disclosed who the ambitious nurse that the old doctor recommended unfairly and ignorantly promised --- ---- ---</div>"," ","html-keyboard-response","213","135740","0.0-213.0","5d537c0cecc84200153075e9","6a04f72bb0f4a868caeeb473","6a05526634fbb9d50ec646a9","2bomnjjb","","","","spr_word","145","1b_2a","a","13","1b_2a-13","0","promised","15","19","false","","",""
"181","<div class=""spr-display"">The surgeon disclosed who the ambitious nurse that the old doctor recommended unfairly and ignorantly promised the ---- ---</div>"," ","html-keyboard-response","214","135921","0.0-214.0","5d537c0cecc84200153075e9","6a04f72bb0f4a868caeeb473","6a05526634fbb9d50ec646a9","2bomnjjb","","","","spr_word","145","1b_2a","a","13","1b_2a-13","0","the","16","19","false","","",""
"197","<div class=""spr-display"">The surgeon disclosed who the ambitious nurse that the old doctor recommended unfairly and ignorantly promised the cure ---</div>"," ","html-keyboard-response","215","136119","0.0-215.0","5d537c0cecc84200153075e9","6a04f72bb0f4a868caeeb473","6a05526634fbb9d50ec646a9","2bomnjjb","","","","spr_word","145","1b_2a","a","13","1b_2a-13","0","cure","17","19","false","","",""
"331","<div class=""spr-display"">The surgeon disclosed who the ambitious nurse that the old doctor recommended unfairly and ignorantly promised the cure to.</div>"," ","html-keyboard-response","216","136450","0.0-216.0","5d537c0cecc84200153075e9","6a04f72bb0f4a868caeeb473","6a05526634fbb9d50ec646a9","2bomnjjb","","","","spr_word","145","1b_2a","a","13","1b_2a-13","0","to.","18","19","false","","",""
"887","<div class=""comprehension-box"">
                    <p>undefined</p>
                    <p>Press <span class=""key-label"">F</span> for <strong>Yes</strong> &nbsp;|&nbsp;
                    Press <span class=""key-label"">J</span> for <strong>No</strong></p>
                </div>","j","html-keyboard-response","217","137338","0.0-217.0","5d537c0cecc84200153075e9","6a04f72bb0f4a868caeeb473","6a05526634fbb9d50ec646a9","2bomnjjb","","","","comprehension","145","1b_2a","a","13","1b_2a-13","0","","","","","","No","false"
"1493","<div class=""comprehension-box"">
                    <p class=""feedback-incorrect"">Incorrect</p>
                    <p style=""font-size:18px;"">The correct answer was <strong>No</strong>.</p>
                    <p style=""margin-top:20px; font-size:16px; color:#555;"">
                    Press <span class=""key-label"">SPACE</span> to continue.
                    </p>
                </div>"," ","html-keyboard-response","218","138832","0.0-218.0","5d537c0cecc84200153075e9","6a04f72bb0f4a868caeeb473","6a05526634fbb9d50ec646a9","2bomnjjb","","","","feedback","145","1b_2a","a","13","1b_2a-13","0","","","","","","",""
"null","<span class=""fixation"">+</span>","null","html-keyboard-response","219","139339","0.0-219.0","5d537c0cecc84200153075e9","6a04f72bb0f4a868caeeb473","6a05526634fbb9d50ec646a9","2bomnjjb","","","","fixation","129","1b_2a","a","9","1b_2a-9","0","","","","","","",""
"8498","<div class=""spr-display"">--- ----- -------- --- --- --------- ------- ---- --- ------ ---------- -------- ----------- --- ---------- ------- --- ----- -----"," ","html-keyboard-response","220","147839","0.0-220.0","5d537c0cecc84200153075e9","6a04f72bb0f4a868caeeb473","6a05526634fbb9d50ec646a9","2bomnjjb","","","","prompt","129","1b_2a","a","9","1b_2a-9","0","","","","","","",""
"228","<div class=""spr-display"">The ----- -------- --- --- --------- ------- ---- --- ------ ---------- -------- ----------- --- ---------- ------- --- ----- -----</div>"," ","html-keyboard-response","221","148066","0.0-221.0","5d537c0cecc84200153075e9","6a04f72bb0f4a868caeeb473","6a05526634fbb9d50ec646a9","2bomnjjb","","","","spr_word","129","1b_2a","a","9","1b_2a-9","0","The","0","19","false","","",""
"201","<div class=""spr-display"">The boxer -------- --- --- --------- ------- ---- --- ------ ---------- -------- ----------- --- ---------- ------- --- ----- -----</div>"," ","html-keyboard-response","222","148269","0.0-222.0","5d537c0cecc84200153075e9","6a04f72bb0f4a868caeeb473","6a05526634fbb9d50ec646a9","2bomnjjb","","","","spr_word","129","1b_2a","a","9","1b_2a-9","0","boxer","1","19","false","","",""
"203","<div class=""spr-display"">The boxer revealed --- --- --------- ------- ---- --- ------ ---------- -------- ----------- --- ---------- ------- --- ----- -----</div>"," ","html-keyboard-response","223","148472","0.0-223.0","5d537c0cecc84200153075e9","6a04f72bb0f4a868caeeb473","6a05526634fbb9d50ec646a9","2bomnjjb","","","","spr_word","129","1b_2a","a","9","1b_2a-9","0","revealed","2","19","false","","",""
"201","<div class=""spr-display"">The boxer revealed who --- --------- ------- ---- --- ------ ---------- -------- ----------- --- ---------- ------- --- ----- -----</div>"," ","html-keyboard-response","224","148674","0.0-224.0","5d537c0cecc84200153075e9","6a04f72bb0f4a868caeeb473","6a05526634fbb9d50ec646a9","2bomnjjb","","","","spr_word","129","1b_2a","a","9","1b_2a-9","0","who","3","19","false","","",""
"207","<div class=""spr-display"">The boxer revealed who the --------- ------- ---- --- ------ ---------- -------- ----------- --- ---------- ------- --- ----- -----</div>"," ","html-keyboard-response","225","148882","0.0-225.0","5d537c0cecc84200153075e9","6a04f72bb0f4a868caeeb473","6a05526634fbb9d50ec646a9","2bomnjjb","","","","spr_word","129","1b_2a","a","9","1b_2a-9","0","the","4","19","false","","",""
"190","<div class=""spr-display"">The boxer revealed who the excellent ------- ---- --- ------ ---------- -------- ----------- --- ---------- ------- --- ----- -----</div>"," ","html-keyboard-response","226","149072","0.0-226.0","5d537c0cecc84200153075e9","6a04f72bb0f4a868caeeb473","6a05526634fbb9d50ec646a9","2bomnjjb","","","","spr_word","129","1b_2a","a","9","1b_2a-9","0","excellent","5","19","false","","",""
"206","<div class=""spr-display"">The boxer revealed who the excellent trainer ---- --- ------ ---------- -------- ----------- --- ---------- ------- --- ----- -----</div>"," ","html-keyboard-response","227","149278","0.0-227.0","5d537c0cecc84200153075e9","6a04f72bb0f4a868caeeb473","6a05526634fbb9d50ec646a9","2bomnjjb","","","","spr_word","129","1b_2a","a","9","1b_2a-9","0","trainer","6","19","false","","",""
"206","<div class=""spr-display"">The boxer revealed who the excellent trainer that --- ------ ---------- -------- ----------- --- ---------- ------- --- ----- -----</div>"," ","html-keyboard-response","228","149485","0.0-228.0","5d537c0cecc84200153075e9","6a04f72bb0f4a868caeeb473","6a05526634fbb9d50ec646a9","2bomnjjb","","","","spr_word","129","1b_2a","a","9","1b_2a-9","0","that","7","19","false","","",""
"197","<div class=""spr-display"">The boxer revealed who the excellent trainer that the ------ ---------- -------- ----------- --- ---------- ------- --- ----- -----</div>"," ","html-keyboard-response","229","149682","0.0-229.0","5d537c0cecc84200153075e9","6a04f72bb0f4a868caeeb473","6a05526634fbb9d50ec646a9","2bomnjjb","","","","spr_word","129","1b_2a","a","9","1b_2a-9","0","the","8","19","false","","",""
"185","<div class=""spr-display"">The boxer revealed who the excellent trainer that the fierce ---------- -------- ----------- --- ---------- ------- --- ----- -----</div>"," ","html-keyboard-response","230","149869","0.0-230.0","5d537c0cecc84200153075e9","6a04f72bb0f4a868caeeb473","6a05526634fbb9d50ec646a9","2bomnjjb","","","","spr_word","129","1b_2a","a","9","1b_2a-9","0","fierce","9","19","false","","",""
"213","<div class=""spr-display"">The boxer revealed who the excellent trainer that the fierce competitor -------- ----------- --- ---------- ------- --- ----- -----</div>"," ","html-keyboard-response","231","150082","0.0-231.0","5d537c0cecc84200153075e9","6a04f72bb0f4a868caeeb473","6a05526634fbb9d50ec646a9","2bomnjjb","","","","spr_word","129","1b_2a","a","9","1b_2a-9","0","competitor","10","19","false","","",""
"193","<div class=""spr-display"">The boxer revealed who the excellent trainer that the fierce competitor utilized ----------- --- ---------- ------- --- ----- -----</div>"," ","html-keyboard-response","232","150276","0.0-232.0","5d537c0cecc84200153075e9","6a04f72bb0f4a868caeeb473","6a05526634fbb9d50ec646a9","2bomnjjb","","","","spr_word","129","1b_2a","a","9","1b_2a-9","0","utilized","11","19","false","","",""
"202","<div class=""spr-display"">The boxer revealed who the excellent trainer that the fierce competitor utilized effectively --- ---------- ------- --- ----- -----</div>"," ","html-keyboard-response","233","150479","0.0-233.0","5d537c0cecc84200153075e9","6a04f72bb0f4a868caeeb473","6a05526634fbb9d50ec646a9","2bomnjjb","","","","spr_word","129","1b_2a","a","9","1b_2a-9","0","effectively","12","19","false","","",""
"211","<div class=""spr-display"">The boxer revealed who the excellent trainer that the fierce competitor utilized effectively and ---------- ------- --- ----- -----</div>"," ","html-keyboard-response","234","150690","0.0-234.0","5d537c0cecc84200153075e9","6a04f72bb0f4a868caeeb473","6a05526634fbb9d50ec646a9","2bomnjjb","","","","spr_word","129","1b_2a","a","9","1b_2a-9","0","and","13","19","false","","",""
"207","<div class=""spr-display"">The boxer revealed who the excellent trainer that the fierce competitor utilized effectively and frequently ------- --- ----- -----</div>"," ","html-keyboard-response","235","150898","0.0-235.0","5d537c0cecc84200153075e9","6a04f72bb0f4a868caeeb473","6a05526634fbb9d50ec646a9","2bomnjjb","","","","spr_word","129","1b_2a","a","9","1b_2a-9","0","frequently","14","19","false","","",""
"191","<div class=""spr-display"">The boxer revealed who the excellent trainer that the fierce competitor utilized effectively and frequently learned --- ----- -----</div>"," ","html-keyboard-response","236","151090","0.0-236.0","5d537c0cecc84200153075e9","6a04f72bb0f4a868caeeb473","6a05526634fbb9d50ec646a9","2bomnjjb","","","","spr_word","129","1b_2a","a","9","1b_2a-9","0","learned","15","19","false","","",""
"195","<div class=""spr-display"">The boxer revealed who the excellent trainer that the fierce competitor utilized effectively and frequently learned his ----- -----</div>"," ","html-keyboard-response","237","151286","0.0-237.0","5d537c0cecc84200153075e9","6a04f72bb0f4a868caeeb473","6a05526634fbb9d50ec646a9","2bomnjjb","","","","spr_word","129","1b_2a","a","9","1b_2a-9","0","his","16","19","false","","",""
"209","<div class=""spr-display"">The boxer revealed who the excellent trainer that the fierce competitor utilized effectively and frequently learned his trade -----</div>"," ","html-keyboard-response","238","151495","0.0-238.0","5d537c0cecc84200153075e9","6a04f72bb0f4a868caeeb473","6a05526634fbb9d50ec646a9","2bomnjjb","","","","spr_word","129","1b_2a","a","9","1b_2a-9","0","trade","17","19","false","","",""
"272","<div class=""spr-display"">The boxer revealed who the excellent trainer that the fierce competitor utilized effectively and frequently learned his trade from.</div>"," ","html-keyboard-response","239","151768","0.0-239.0","5d537c0cecc84200153075e9","6a04f72bb0f4a868caeeb473","6a05526634fbb9d50ec646a9","2bomnjjb","","","","spr_word","129","1b_2a","a","9","1b_2a-9","0","from.","18","19","false","","",""
"1139","<div class=""comprehension-box"">
                    <p>undefined</p>
                    <p>Press <span class=""key-label"">F</span> for <strong>Yes</strong> &nbsp;|&nbsp;
                    Press <span class=""key-label"">J</span> for <strong>No</strong></p>
                </div>","j","html-keyboard-response","240","152908","0.0-240.0","5d537c0cecc84200153075e9","6a04f72bb0f4a868caeeb473","6a05526634fbb9d50ec646a9","2bomnjjb","","","","comprehension","129","1b_2a","a","9","1b_2a-9","0","","","","","","No","false"
"1140","<div class=""comprehension-box"">
                    <p class=""feedback-incorrect"">Incorrect</p>
                    <p style=""font-size:18px;"">The correct answer was <strong>No</strong>.</p>
                    <p style=""margin-top:20px; font-size:16px; color:#555;"">
                    Press <span class=""key-label"">SPACE</span> to continue.
                    </p>
                </div>"," ","html-keyboard-response","241","154049","0.0-241.0","5d537c0cecc84200153075e9","6a04f72bb0f4a868caeeb473","6a05526634fbb9d50ec646a9","2bomnjjb","","","","feedback","129","1b_2a","a","9","1b_2a-9","0","","","","","","",""
"null","<span class=""fixation"">+</span>","null","html-keyboard-response","242","154553","0.0-242.0","5d537c0cecc84200153075e9","6a04f72bb0f4a868caeeb473","6a05526634fbb9d50ec646a9","2bomnjjb","","","","fixation","119","1b_2a","c","6","1b_2a-6","0","","","","","","",""
"37","<div class=""spr-display"">--- ----- ---------- ---- --- ---- ------ ---- --- --- ------- ---------- ---------- --- ---------- ------ - ----- --- --- ------"," ","html-keyboard-response","243","154590","0.0-243.0","5d537c0cecc84200153075e9","6a04f72bb0f4a868caeeb473","6a05526634fbb9d50ec646a9","2bomnjjb","","","","prompt","119","1b_2a","c","6","1b_2a-6","0","","","","","","",""
"211","<div class=""spr-display"">The ----- ---------- ---- --- ---- ------ ---- --- --- ------- ---------- ---------- --- ---------- ------ - ----- --- --- ------</div>"," ","html-keyboard-response","244","154802","0.0-244.0","5d537c0cecc84200153075e9","6a04f72bb0f4a868caeeb473","6a05526634fbb9d50ec646a9","2bomnjjb","","","","spr_word","119","1b_2a","c","6","1b_2a-6","0","The","0","21","false","","",""
"196","<div class=""spr-display"">The clerk ---------- ---- --- ---- ------ ---- --- --- ------- ---------- ---------- --- ---------- ------ - ----- --- --- ------</div>"," ","html-keyboard-response","245","154999","0.0-245.0","5d537c0cecc84200153075e9","6a04f72bb0f4a868caeeb473","6a05526634fbb9d50ec646a9","2bomnjjb","","","","spr_word","119","1b_2a","c","6","1b_2a-6","0","clerk","1","21","false","","",""
"208","<div class=""spr-display"">The clerk remembered ---- --- ---- ------ ---- --- --- ------- ---------- ---------- --- ---------- ------ - ----- --- --- ------</div>"," ","html-keyboard-response","246","155207","0.0-246.0","5d537c0cecc84200153075e9","6a04f72bb0f4a868caeeb473","6a05526634fbb9d50ec646a9","2bomnjjb","","","","spr_word","119","1b_2a","c","6","1b_2a-6","0","remembered","2","21","false","","",""
"200","<div class=""spr-display"">The clerk remembered that --- ---- ------ ---- --- --- ------- ---------- ---------- --- ---------- ------ - ----- --- --- ------</div>"," ","html-keyboard-response","247","155408","0.0-247.0","5d537c0cecc84200153075e9","6a04f72bb0f4a868caeeb473","6a05526634fbb9d50ec646a9","2bomnjjb","","","","spr_word","119","1b_2a","c","6","1b_2a-6","0","that","3","21","false","","",""
"212","<div class=""spr-display"">The clerk remembered that the ---- ------ ---- --- --- ------- ---------- ---------- --- ---------- ------ - ----- --- --- ------</div>"," ","html-keyboard-response","248","155620","0.0-248.0","5d537c0cecc84200153075e9","6a04f72bb0f4a868caeeb473","6a05526634fbb9d50ec646a9","2bomnjjb","","","","spr_word","119","1b_2a","c","6","1b_2a-6","0","the","4","21","false","","",""
"203","<div class=""spr-display"">The clerk remembered that the rich ------ ---- --- --- ------- ---------- ---------- --- ---------- ------ - ----- --- --- ------</div>"," ","html-keyboard-response","249","155824","0.0-249.0","5d537c0cecc84200153075e9","6a04f72bb0f4a868caeeb473","6a05526634fbb9d50ec646a9","2bomnjjb","","","","spr_word","119","1b_2a","c","6","1b_2a-6","0","rich","5","21","false","","",""
"213","<div class=""spr-display"">The clerk remembered that the rich banker ---- --- --- ------- ---------- ---------- --- ---------- ------ - ----- --- --- ------</div>"," ","html-keyboard-response","250","156038","0.0-250.0","5d537c0cecc84200153075e9","6a04f72bb0f4a868caeeb473","6a05526634fbb9d50ec646a9","2bomnjjb","","","","spr_word","119","1b_2a","c","6","1b_2a-6","0","banker","6","21","false","","",""
"207","<div class=""spr-display"">The clerk remembered that the rich banker that --- --- ------- ---------- ---------- --- ---------- ------ - ----- --- --- ------</div>"," ","html-keyboard-response","251","156245","0.0-251.0","5d537c0cecc84200153075e9","6a04f72bb0f4a868caeeb473","6a05526634fbb9d50ec646a9","2bomnjjb","","","","spr_word","119","1b_2a","c","6","1b_2a-6","0","that","7","21","false","","",""
"208","<div class=""spr-display"">The clerk remembered that the rich banker that the --- ------- ---------- ---------- --- ---------- ------ - ----- --- --- ------</div>"," ","html-keyboard-response","252","156454","0.0-252.0","5d537c0cecc84200153075e9","6a04f72bb0f4a868caeeb473","6a05526634fbb9d50ec646a9","2bomnjjb","","","","spr_word","119","1b_2a","c","6","1b_2a-6","0","the","8","21","false","","",""
"201","<div class=""spr-display"">The clerk remembered that the rich banker that the new ------- ---------- ---------- --- ---------- ------ - ----- --- --- ------</div>"," ","html-keyboard-response","253","156655","0.0-253.0","5d537c0cecc84200153075e9","6a04f72bb0f4a868caeeb473","6a05526634fbb9d50ec646a9","2bomnjjb","","","","spr_word","119","1b_2a","c","6","1b_2a-6","0","new","9","21","false","","",""
"199","<div class=""spr-display"">The clerk remembered that the rich banker that the new manager ---------- ---------- --- ---------- ------ - ----- --- --- ------</div>"," ","html-keyboard-response","254","156855","0.0-254.0","5d537c0cecc84200153075e9","6a04f72bb0f4a868caeeb473","6a05526634fbb9d50ec646a9","2bomnjjb","","","","spr_word","119","1b_2a","c","6","1b_2a-6","0","manager","10","21","false","","",""
"193","<div class=""spr-display"">The clerk remembered that the rich banker that the new manager distrusted ---------- --- ---------- ------ - ----- --- --- ------</div>"," ","html-keyboard-response","255","157049","0.0-255.0","5d537c0cecc84200153075e9","6a04f72bb0f4a868caeeb473","6a05526634fbb9d50ec646a9","2bomnjjb","","","","spr_word","119","1b_2a","c","6","1b_2a-6","0","distrusted","11","21","false","","",""
"200","<div class=""spr-display"">The clerk remembered that the rich banker that the new manager distrusted cautiously --- ---------- ------ - ----- --- --- ------</div>"," ","html-keyboard-response","256","157250","0.0-256.0","5d537c0cecc84200153075e9","6a04f72bb0f4a868caeeb473","6a05526634fbb9d50ec646a9","2bomnjjb","","","","spr_word","119","1b_2a","c","6","1b_2a-6","0","cautiously","12","21","false","","",""
"217","<div class=""spr-display"">The clerk remembered that the rich banker that the new manager distrusted cautiously and ---------- ------ - ----- --- --- ------</div>"," ","html-keyboard-response","257","157467","0.0-257.0","5d537c0cecc84200153075e9","6a04f72bb0f4a868caeeb473","6a05526634fbb9d50ec646a9","2bomnjjb","","","","spr_word","119","1b_2a","c","6","1b_2a-6","0","and","13","21","false","","",""
"210","<div class=""spr-display"">The clerk remembered that the rich banker that the new manager distrusted cautiously and wrongfully ------ - ----- --- --- ------</div>"," ","html-keyboard-response","258","157678","0.0-258.0","5d537c0cecc84200153075e9","6a04f72bb0f4a868caeeb473","6a05526634fbb9d50ec646a9","2bomnjjb","","","","spr_word","119","1b_2a","c","6","1b_2a-6","0","wrongfully","14","21","false","","",""
"195","<div class=""spr-display"">The clerk remembered that the rich banker that the new manager distrusted cautiously and wrongfully cashed - ----- --- --- ------</div>"," ","html-keyboard-response","259","157874","0.0-259.0","5d537c0cecc84200153075e9","6a04f72bb0f4a868caeeb473","6a05526634fbb9d50ec646a9","2bomnjjb","","","","spr_word","119","1b_2a","c","6","1b_2a-6","0","cashed","15","21","false","","",""
"206","<div class=""spr-display"">The clerk remembered that the rich banker that the new manager distrusted cautiously and wrongfully cashed a ----- --- --- ------</div>"," ","html-keyboard-response","260","158081","0.0-260.0","5d537c0cecc84200153075e9","6a04f72bb0f4a868caeeb473","6a05526634fbb9d50ec646a9","2bomnjjb","","","","spr_word","119","1b_2a","c","6","1b_2a-6","0","a","16","21","false","","",""
"201","<div class=""spr-display"">The clerk remembered that the rich banker that the new manager distrusted cautiously and wrongfully cashed a check --- --- ------</div>"," ","html-keyboard-response","261","158282","0.0-261.0","5d537c0cecc84200153075e9","6a04f72bb0f4a868caeeb473","6a05526634fbb9d50ec646a9","2bomnjjb","","","","spr_word","119","1b_2a","c","6","1b_2a-6","0","check","17","21","false","","",""
"202","<div class=""spr-display"">The clerk remembered that the rich banker that the new manager distrusted cautiously and wrongfully cashed a check for --- ------</div>"," ","html-keyboard-response","262","158485","0.0-262.0","5d537c0cecc84200153075e9","6a04f72bb0f4a868caeeb473","6a05526634fbb9d50ec646a9","2bomnjjb","","","","spr_word","119","1b_2a","c","6","1b_2a-6","0","for","18","21","false","","",""
"205","<div class=""spr-display"">The clerk remembered that the rich banker that the new manager distrusted cautiously and wrongfully cashed a check for the ------</div>"," ","html-keyboard-response","263","158691","0.0-263.0","5d537c0cecc84200153075e9","6a04f72bb0f4a868caeeb473","6a05526634fbb9d50ec646a9","2bomnjjb","","","","spr_word","119","1b_2a","c","6","1b_2a-6","0","the","19","21","false","","",""
"201","<div class=""spr-display"">The clerk remembered that the rich banker that the new manager distrusted cautiously and wrongfully cashed a check for the agent.</div>"," ","html-keyboard-response","264","158892","0.0-264.0","5d537c0cecc84200153075e9","6a04f72bb0f4a868caeeb473","6a05526634fbb9d50ec646a9","2bomnjjb","","","","spr_word","119","1b_2a","c","6","1b_2a-6","0","agent.","20","21","false","","",""
"2381","<div class=""comprehension-box"">
                    <p>undefined</p>
                    <p>Press <span class=""key-label"">F</span> for <strong>Yes</strong> &nbsp;|&nbsp;
                    Press <span class=""key-label"">J</span> for <strong>No</strong></p>
                </div>","j","html-keyboard-response","265","161274","0.0-265.0","5d537c0cecc84200153075e9","6a04f72bb0f4a868caeeb473","6a05526634fbb9d50ec646a9","2bomnjjb","","","","comprehension","119","1b_2a","c","6","1b_2a-6","0","","","","","","No","false"
"1816","<div class=""comprehension-box"">
                    <p class=""feedback-incorrect"">Incorrect</p>
                    <p style=""font-size:18px;"">The correct answer was <strong>No</strong>.</p>
                    <p style=""margin-top:20px; font-size:16px; color:#555;"">
                    Press <span class=""key-label"">SPACE</span> to continue.
                    </p>
                </div>"," ","html-keyboard-response","266","163090","0.0-266.0","5d537c0cecc84200153075e9","6a04f72bb0f4a868caeeb473","6a05526634fbb9d50ec646a9","2bomnjjb","","","","feedback","119","1b_2a","c","6","1b_2a-6","0","","","","","","",""
"null","<span class=""fixation"">+</span>","null","html-keyboard-response","267","163595","0.0-267.0","5d537c0cecc84200153075e9","6a04f72bb0f4a868caeeb473","6a05526634fbb9d50ec646a9","2bomnjjb","","","","fixation","132","1b_2a","d","9","1b_2a-9","0","","","","","","",""
"171","<div class=""spr-display"">--- ----- -------- --- --- --------- ------- ---- --- ------ ---------- -------- ----------- --- ---------- ------- --- ----- ---- --- -------"," ","html-keyboard-response","268","163766","0.0-268.0","5d537c0cecc84200153075e9","6a04f72bb0f4a868caeeb473","6a05526634fbb9d50ec646a9","2bomnjjb","","","","prompt","132","1b_2a","d","9","1b_2a-9","0","","","","","","",""
"186","<div class=""spr-display"">The ----- -------- --- --- --------- ------- ---- --- ------ ---------- -------- ----------- --- ---------- ------- --- ----- ---- --- -------</div>"," ","html-keyboard-response","269","163953","0.0-269.0","5d537c0cecc84200153075e9","6a04f72bb0f4a868caeeb473","6a05526634fbb9d50ec646a9","2bomnjjb","","","","spr_word","132","1b_2a","d","9","1b_2a-9","0","The","0","21","false","","",""
"185","<div class=""spr-display"">The boxer -------- --- --- --------- ------- ---- --- ------ ---------- -------- ----------- --- ---------- ------- --- ----- ---- --- -------</div>"," ","html-keyboard-response","270","164139","0.0-270.0","5d537c0cecc84200153075e9","6a04f72bb0f4a868caeeb473","6a05526634fbb9d50ec646a9","2bomnjjb","","","","spr_word","132","1b_2a","d","9","1b_2a-9","0","boxer","1","21","false","","",""
"179","<div class=""spr-display"">The boxer revealed --- --- --------- ------- ---- --- ------ ---------- -------- ----------- --- ---------- ------- --- ----- ---- --- -------</div>"," ","html-keyboard-response","271","164318","0.0-271.0","5d537c0cecc84200153075e9","6a04f72bb0f4a868caeeb473","6a05526634fbb9d50ec646a9","2bomnjjb","","","","spr_word","132","1b_2a","d","9","1b_2a-9","0","revealed","2","21","false","","",""
"188","<div class=""spr-display"">The boxer revealed why --- --------- ------- ---- --- ------ ---------- -------- ----------- --- ---------- ------- --- ----- ---- --- -------</div>"," ","html-keyboard-response","272","164507","0.0-272.0","5d537c0cecc84200153075e9","6a04f72bb0f4a868caeeb473","6a05526634fbb9d50ec646a9","2bomnjjb","","","","spr_word","132","1b_2a","d","9","1b_2a-9","0","why","3","21","false","","",""
"190","<div class=""spr-display"">The boxer revealed why the --------- ------- ---- --- ------ ---------- -------- ----------- --- ---------- ------- --- ----- ---- --- -------</div>"," ","html-keyboard-response","273","164698","0.0-273.0","5d537c0cecc84200153075e9","6a04f72bb0f4a868caeeb473","6a05526634fbb9d50ec646a9","2bomnjjb","","","","spr_word","132","1b_2a","d","9","1b_2a-9","0","the","4","21","false","","",""
"191","<div class=""spr-display"">The boxer revealed why the excellent ------- ---- --- ------ ---------- -------- ----------- --- ---------- ------- --- ----- ---- --- -------</div>"," ","html-keyboard-response","274","164889","0.0-274.0","5d537c0cecc84200153075e9","6a04f72bb0f4a868caeeb473","6a05526634fbb9d50ec646a9","2bomnjjb","","","","spr_word","132","1b_2a","d","9","1b_2a-9","0","excellent","5","21","false","","",""
"202","<div class=""spr-display"">The boxer revealed why the excellent trainer ---- --- ------ ---------- -------- ----------- --- ---------- ------- --- ----- ---- --- -------</div>"," ","html-keyboard-response","275","165092","0.0-275.0","5d537c0cecc84200153075e9","6a04f72bb0f4a868caeeb473","6a05526634fbb9d50ec646a9","2bomnjjb","","","","spr_word","132","1b_2a","d","9","1b_2a-9","0","trainer","6","21","false","","",""
"196","<div class=""spr-display"">The boxer revealed why the excellent trainer that --- ------ ---------- -------- ----------- --- ---------- ------- --- ----- ---- --- -------</div>"," ","html-keyboard-response","276","165288","0.0-276.0","5d537c0cecc84200153075e9","6a04f72bb0f4a868caeeb473","6a05526634fbb9d50ec646a9","2bomnjjb","","","","spr_word","132","1b_2a","d","9","1b_2a-9","0","that","7","21","false","","",""
"196","<div class=""spr-display"">The boxer revealed why the excellent trainer that the ------ ---------- -------- ----------- --- ---------- ------- --- ----- ---- --- -------</div>"," ","html-keyboard-response","277","165485","0.0-277.0","5d537c0cecc84200153075e9","6a04f72bb0f4a868caeeb473","6a05526634fbb9d50ec646a9","2bomnjjb","","","","spr_word","132","1b_2a","d","9","1b_2a-9","0","the","8","21","false","","",""
"191","<div class=""spr-display"">The boxer revealed why the excellent trainer that the fierce ---------- -------- ----------- --- ---------- ------- --- ----- ---- --- -------</div>"," ","html-keyboard-response","278","165676","0.0-278.0","5d537c0cecc84200153075e9","6a04f72bb0f4a868caeeb473","6a05526634fbb9d50ec646a9","2bomnjjb","","","","spr_word","132","1b_2a","d","9","1b_2a-9","0","fierce","9","21","false","","",""
"194","<div class=""spr-display"">The boxer revealed why the excellent trainer that the fierce competitor -------- ----------- --- ---------- ------- --- ----- ---- --- -------</div>"," ","html-keyboard-response","279","165870","0.0-279.0","5d537c0cecc84200153075e9","6a04f72bb0f4a868caeeb473","6a05526634fbb9d50ec646a9","2bomnjjb","","","","spr_word","132","1b_2a","d","9","1b_2a-9","0","competitor","10","21","false","","",""
"203","<div class=""spr-display"">The boxer revealed why the excellent trainer that the fierce competitor utilized ----------- --- ---------- ------- --- ----- ---- --- -------</div>"," ","html-keyboard-response","280","166074","0.0-280.0","5d537c0cecc84200153075e9","6a04f72bb0f4a868caeeb473","6a05526634fbb9d50ec646a9","2bomnjjb","","","","spr_word","132","1b_2a","d","9","1b_2a-9","0","utilized","11","21","false","","",""
"205","<div class=""spr-display"">The boxer revealed why the excellent trainer that the fierce competitor utilized effectively --- ---------- ------- --- ----- ---- --- -------</div>"," ","html-keyboard-response","281","166280","0.0-281.0","5d537c0cecc84200153075e9","6a04f72bb0f4a868caeeb473","6a05526634fbb9d50ec646a9","2bomnjjb","","","","spr_word","132","1b_2a","d","9","1b_2a-9","0","effectively","12","21","false","","",""
"187","<div class=""spr-display"">The boxer revealed why the excellent trainer that the fierce competitor utilized effectively and ---------- ------- --- ----- ---- --- -------</div>"," ","html-keyboard-response","282","166468","0.0-282.0","5d537c0cecc84200153075e9","6a04f72bb0f4a868caeeb473","6a05526634fbb9d50ec646a9","2bomnjjb","","","","spr_word","132","1b_2a","d","9","1b_2a-9","0","and","13","21","false","","",""
"188","<div class=""spr-display"">The boxer revealed why the excellent trainer that the fierce competitor utilized effectively and frequently ------- --- ----- ---- --- -------</div>"," ","html-keyboard-response","283","166657","0.0-283.0","5d537c0cecc84200153075e9","6a04f72bb0f4a868caeeb473","6a05526634fbb9d50ec646a9","2bomnjjb","","","","spr_word","132","1b_2a","d","9","1b_2a-9","0","frequently","14","21","false","","",""
"201","<div class=""spr-display"">The boxer revealed why the excellent trainer that the fierce competitor utilized effectively and frequently learned --- ----- ---- --- -------</div>"," ","html-keyboard-response","284","166858","0.0-284.0","5d537c0cecc84200153075e9","6a04f72bb0f4a868caeeb473","6a05526634fbb9d50ec646a9","2bomnjjb","","","","spr_word","132","1b_2a","d","9","1b_2a-9","0","learned","15","21","false","","",""
"201","<div class=""spr-display"">The boxer revealed why the excellent trainer that the fierce competitor utilized effectively and frequently learned his ----- ---- --- -------</div>"," ","html-keyboard-response","285","167060","0.0-285.0","5d537c0cecc84200153075e9","6a04f72bb0f4a868caeeb473","6a05526634fbb9d50ec646a9","2bomnjjb","","","","spr_word","132","1b_2a","d","9","1b_2a-9","0","his","16","21","false","","",""
"216","<div class=""spr-display"">The boxer revealed why the excellent trainer that the fierce competitor utilized effectively and frequently learned his trade ---- --- -------</div>"," ","html-keyboard-response","286","167277","0.0-286.0","5d537c0cecc84200153075e9","6a04f72bb0f4a868caeeb473","6a05526634fbb9d50ec646a9","2bomnjjb","","","","spr_word","132","1b_2a","d","9","1b_2a-9","0","trade","17","21","false","","",""
"242","<div class=""spr-display"">The boxer revealed why the excellent trainer that the fierce competitor utilized effectively and frequently learned his trade from --- -------</div>"," ","html-keyboard-response","287","167520","0.0-287.0","5d537c0cecc84200153075e9","6a04f72bb0f4a868caeeb473","6a05526634fbb9d50ec646a9","2bomnjjb","","","","spr_word","132","1b_2a","d","9","1b_2a-9","0","from","18","21","false","","",""
"230","<div class=""spr-display"">The boxer revealed why the excellent trainer that the fierce competitor utilized effectively and frequently learned his trade from his -------</div>"," ","html-keyboard-response","288","167751","0.0-288.0","5d537c0cecc84200153075e9","6a04f72bb0f4a868caeeb473","6a05526634fbb9d50ec646a9","2bomnjjb","","","","spr_word","132","1b_2a","d","9","1b_2a-9","0","his","19","21","false","","",""
"574","<div class=""spr-display"">The boxer revealed why the excellent trainer that the fierce competitor utilized effectively and frequently learned his trade from his father.</div>"," ","html-keyboard-response","289","168325","0.0-289.0","5d537c0cecc84200153075e9","6a04f72bb0f4a868caeeb473","6a05526634fbb9d50ec646a9","2bomnjjb","","","","spr_word","132","1b_2a","d","9","1b_2a-9","0","father.","20","21","false","","",""
"923","<div class=""comprehension-box"">
                    <p>undefined</p>
                    <p>Press <span class=""key-label"">F</span> for <strong>Yes</strong> &nbsp;|&nbsp;
                    Press <span class=""key-label"">J</span> for <strong>No</strong></p>
                </div>","f","html-keyboard-response","290","169248","0.0-290.0","5d537c0cecc84200153075e9","6a04f72bb0f4a868caeeb473","6a05526634fbb9d50ec646a9","2bomnjjb","","","","comprehension","132","1b_2a","d","9","1b_2a-9","0","","","","","","Yes","false"
"1234","<div class=""comprehension-box"">
                    <p class=""feedback-incorrect"">Incorrect</p>
                    <p style=""font-size:18px;"">The correct answer was <strong>No</strong>.</p>
                    <p style=""margin-top:20px; font-size:16px; color:#555;"">
                    Press <span class=""key-label"">SPACE</span> to continue.
                    </p>
                </div>"," ","html-keyboard-response","291","170483","0.0-291.0","5d537c0cecc84200153075e9","6a04f72bb0f4a868caeeb473","6a05526634fbb9d50ec646a9","2bomnjjb","","","","feedback","132","1b_2a","d","9","1b_2a-9","0","","","","","","",""
"null","<span class=""fixation"">+</span>","null","html-keyboard-response","292","170985","0.0-292.0","5d537c0cecc84200153075e9","6a04f72bb0f4a868caeeb473","6a05526634fbb9d50ec646a9","2bomnjjb","","","","fixation","104","1b_2a","d","2","1b_2a-2","0","","","","","","",""
"31","<div class=""spr-display"">--- ------- ------- --- --- ----- ----- ---- --- ------- ------- ------- --------- --- ------------- ---- ---- --------- -- --- ------------"," ","html-keyboard-response","293","171017","0.0-293.0","5d537c0cecc84200153075e9","6a04f72bb0f4a868caeeb473","6a05526634fbb9d50ec646a9","2bomnjjb","","","","prompt","104","1b_2a","d","2","1b_2a-2","0","","","","","","",""
"204","<div class=""spr-display"">The ------- ------- --- --- ----- ----- ---- --- ------- ------- ------- --------- --- ------------- ---- ---- --------- -- --- ------------</div>"," ","html-keyboard-response","294","171222","0.0-294.0","5d537c0cecc84200153075e9","6a04f72bb0f4a868caeeb473","6a05526634fbb9d50ec646a9","2bomnjjb","","","","spr_word","104","1b_2a","d","2","1b_2a-2","0","The","0","21","false","","",""
"198","<div class=""spr-display"">The student ------- --- --- ----- ----- ---- --- ------- ------- ------- --------- --- ------------- ---- ---- --------- -- --- ------------</div>"," ","html-keyboard-response","295","171420","0.0-295.0","5d537c0cecc84200153075e9","6a04f72bb0f4a868caeeb473","6a05526634fbb9d50ec646a9","2bomnjjb","","","","spr_word","104","1b_2a","d","2","1b_2a-2","0","student","1","21","false","","",""
"195","<div class=""spr-display"">The student noticed --- --- ----- ----- ---- --- ------- ------- ------- --------- --- ------------- ---- ---- --------- -- --- ------------</div>"," ","html-keyboard-response","296","171615","0.0-296.0","5d537c0cecc84200153075e9","6a04f72bb0f4a868caeeb473","6a05526634fbb9d50ec646a9","2bomnjjb","","","","spr_word","104","1b_2a","d","2","1b_2a-2","0","noticed","2","21","false","","",""
"196","<div class=""spr-display"">The student noticed why --- ----- ----- ---- --- ------- ------- ------- --------- --- ------------- ---- ---- --------- -- --- ------------</div>"," ","html-keyboard-response","297","171812","0.0-297.0","5d537c0cecc84200153075e9","6a04f72bb0f4a868caeeb473","6a05526634fbb9d50ec646a9","2bomnjjb","","","","spr_word","104","1b_2a","d","2","1b_2a-2","0","why","3","21","false","","",""
"196","<div class=""spr-display"">The student noticed why the ----- ----- ---- --- ------- ------- ------- --------- --- ------------- ---- ---- --------- -- --- ------------</div>"," ","html-keyboard-response","298","172009","0.0-298.0","5d537c0cecc84200153075e9","6a04f72bb0f4a868caeeb473","6a05526634fbb9d50ec646a9","2bomnjjb","","","","spr_word","104","1b_2a","d","2","1b_2a-2","0","the","4","21","false","","",""
"189","<div class=""spr-display"">The student noticed why the tough ----- ---- --- ------- ------- ------- --------- --- ------------- ---- ---- --------- -- --- ------------</div>"," ","html-keyboard-response","299","172199","0.0-299.0","5d537c0cecc84200153075e9","6a04f72bb0f4a868caeeb473","6a05526634fbb9d50ec646a9","2bomnjjb","","","","spr_word","104","1b_2a","d","2","1b_2a-2","0","tough","5","21","false","","",""
"196","<div class=""spr-display"">The student noticed why the tough coach ---- --- ------- ------- ------- --------- --- ------------- ---- ---- --------- -- --- ------------</div>"," ","html-keyboard-response","300","172396","0.0-300.0","5d537c0cecc84200153075e9","6a04f72bb0f4a868caeeb473","6a05526634fbb9d50ec646a9","2bomnjjb","","","","spr_word","104","1b_2a","d","2","1b_2a-2","0","coach","6","21","false","","",""
"196","<div class=""spr-display"">The student noticed why the tough coach that --- ------- ------- ------- --------- --- ------------- ---- ---- --------- -- --- ------------</div>"," ","html-keyboard-response","301","172592","0.0-301.0","5d537c0cecc84200153075e9","6a04f72bb0f4a868caeeb473","6a05526634fbb9d50ec646a9","2bomnjjb","","","","spr_word","104","1b_2a","d","2","1b_2a-2","0","that","7","21","false","","",""
"197","<div class=""spr-display"">The student noticed why the tough coach that the ------- ------- ------- --------- --- ------------- ---- ---- --------- -- --- ------------</div>"," ","html-keyboard-response","302","172790","0.0-302.0","5d537c0cecc84200153075e9","6a04f72bb0f4a868caeeb473","6a05526634fbb9d50ec646a9","2bomnjjb","","","","spr_word","104","1b_2a","d","2","1b_2a-2","0","the","8","21","false","","",""
"201","<div class=""spr-display"">The student noticed why the tough coach that the popular ------- ------- --------- --- ------------- ---- ---- --------- -- --- ------------</div>"," ","html-keyboard-response","303","172991","0.0-303.0","5d537c0cecc84200153075e9","6a04f72bb0f4a868caeeb473","6a05526634fbb9d50ec646a9","2bomnjjb","","","","spr_word","104","1b_2a","d","2","1b_2a-2","0","popular","9","21","false","","",""
"196","<div class=""spr-display"">The student noticed why the tough coach that the popular athlete ------- --------- --- ------------- ---- ---- --------- -- --- ------------</div>"," ","html-keyboard-response","304","173187","0.0-304.0","5d537c0cecc84200153075e9","6a04f72bb0f4a868caeeb473","6a05526634fbb9d50ec646a9","2bomnjjb","","","","spr_word","104","1b_2a","d","2","1b_2a-2","0","athlete","10","21","false","","",""
"211","<div class=""spr-display"">The student noticed why the tough coach that the popular athlete admired --------- --- ------------- ---- ---- --------- -- --- ------------</div>"," ","html-keyboard-response","305","173399","0.0-305.0","5d537c0cecc84200153075e9","6a04f72bb0f4a868caeeb473","6a05526634fbb9d50ec646a9","2bomnjjb","","","","spr_word","104","1b_2a","d","2","1b_2a-2","0","admired","11","21","false","","",""
"221","<div class=""spr-display"">The student noticed why the tough coach that the popular athlete admired obviously --- ------------- ---- ---- --------- -- --- ------------</div>"," ","html-keyboard-response","306","173621","0.0-306.0","5d537c0cecc84200153075e9","6a04f72bb0f4a868caeeb473","6a05526634fbb9d50ec646a9","2bomnjjb","","","","spr_word","104","1b_2a","d","2","1b_2a-2","0","obviously","12","21","false","","",""
"207","<div class=""spr-display"">The student noticed why the tough coach that the popular athlete admired obviously and ------------- ---- ---- --------- -- --- ------------</div>"," ","html-keyboard-response","307","173828","0.0-307.0","5d537c0cecc84200153075e9","6a04f72bb0f4a868caeeb473","6a05526634fbb9d50ec646a9","2bomnjjb","","","","spr_word","104","1b_2a","d","2","1b_2a-2","0","and","13","21","false","","",""
"205","<div class=""spr-display"">The student noticed why the tough coach that the popular athlete admired obviously and unnecessarily ---- ---- --------- -- --- ------------</div>"," ","html-keyboard-response","308","174034","0.0-308.0","5d537c0cecc84200153075e9","6a04f72bb0f4a868caeeb473","6a05526634fbb9d50ec646a9","2bomnjjb","","","","spr_word","104","1b_2a","d","2","1b_2a-2","0","unnecessarily","14","21","false","","",""
"217","<div class=""spr-display"">The student noticed why the tough coach that the popular athlete admired obviously and unnecessarily paid ---- --------- -- --- ------------</div>"," ","html-keyboard-response","309","174251","0.0-309.0","5d537c0cecc84200153075e9","6a04f72bb0f4a868caeeb473","6a05526634fbb9d50ec646a9","2bomnjjb","","","","spr_word","104","1b_2a","d","2","1b_2a-2","0","paid","15","21","false","","",""
"215","<div class=""spr-display"">The student noticed why the tough coach that the popular athlete admired obviously and unnecessarily paid more --------- -- --- ------------</div>"," ","html-keyboard-response","310","174467","0.0-310.0","5d537c0cecc84200153075e9","6a04f72bb0f4a868caeeb473","6a05526634fbb9d50ec646a9","2bomnjjb","","","","spr_word","104","1b_2a","d","2","1b_2a-2","0","more","16","21","false","","",""
"206","<div class=""spr-display"">The student noticed why the tough coach that the popular athlete admired obviously and unnecessarily paid more attention -- --- ------------</div>"," ","html-keyboard-response","311","174674","0.0-311.0","5d537c0cecc84200153075e9","6a04f72bb0f4a868caeeb473","6a05526634fbb9d50ec646a9","2bomnjjb","","","","spr_word","104","1b_2a","d","2","1b_2a-2","0","attention","17","21","false","","",""
"228","<div class=""spr-display"">The student noticed why the tough coach that the popular athlete admired obviously and unnecessarily paid more attention to --- ------------</div>"," ","html-keyboard-response","312","174903","0.0-312.0","5d537c0cecc84200153075e9","6a04f72bb0f4a868caeeb473","6a05526634fbb9d50ec646a9","2bomnjjb","","","","spr_word","104","1b_2a","d","2","1b_2a-2","0","to","18","21","false","","",""
"219","<div class=""spr-display"">The student noticed why the tough coach that the popular athlete admired obviously and unnecessarily paid more attention to the ------------</div>"," ","html-keyboard-response","313","175123","0.0-313.0","5d537c0cecc84200153075e9","6a04f72bb0f4a868caeeb473","6a05526634fbb9d50ec646a9","2bomnjjb","","","","spr_word","104","1b_2a","d","2","1b_2a-2","0","the","19","21","false","","",""
"247","<div class=""spr-display"">The student noticed why the tough coach that the popular athlete admired obviously and unnecessarily paid more attention to the quarterback.</div>"," ","html-keyboard-response","314","175371","0.0-314.0","5d537c0cecc84200153075e9","6a04f72bb0f4a868caeeb473","6a05526634fbb9d50ec646a9","2bomnjjb","","","","spr_word","104","1b_2a","d","2","1b_2a-2","0","quarterback.","20","21","false","","",""
"935","<div class=""comprehension-box"">
                    <p>undefined</p>
                    <p>Press <span class=""key-label"">F</span> for <strong>Yes</strong> &nbsp;|&nbsp;
                    Press <span class=""key-label"">J</span> for <strong>No</strong></p>
                </div>","j","html-keyboard-response","315","176307","0.0-315.0","5d537c0cecc84200153075e9","6a04f72bb0f4a868caeeb473","6a05526634fbb9d50ec646a9","2bomnjjb","","","","comprehension","104","1b_2a","d","2","1b_2a-2","0","","","","","","No","false"
"1492","<div class=""comprehension-box"">
                    <p class=""feedback-incorrect"">Incorrect</p>
                    <p style=""font-size:18px;"">The correct answer was <strong>No</strong>.</p>
                    <p style=""margin-top:20px; font-size:16px; color:#555;"">
                    Press <span class=""key-label"">SPACE</span> to continue.
                    </p>
                </div>"," ","html-keyboard-response","316","177799","0.0-316.0","5d537c0cecc84200153075e9","6a04f72bb0f4a868caeeb473","6a05526634fbb9d50ec646a9","2bomnjjb","","","","feedback","104","1b_2a","d","2","1b_2a-2","0","","","","","","",""
"null","<span class=""fixation"">+</span>","null","html-keyboard-response","317","178307","0.0-317.0","5d537c0cecc84200153075e9","6a04f72bb0f4a868caeeb473","6a05526634fbb9d50ec646a9","2bomnjjb","","","","fixation","116","1b_2a","d","5","1b_2a-5","0","","","","","","",""
"338","<div class=""spr-display"">--- ------- ---------- --- --- --------- --------- ---- --- --------- ------- ------ -------- --- -------- ---- - ------ -- --- -------"," ","html-keyboard-response","318","178645","0.0-318.0","5d537c0cecc84200153075e9","6a04f72bb0f4a868caeeb473","6a05526634fbb9d50ec646a9","2bomnjjb","","","","prompt","116","1b_2a","d","5","1b_2a-5","0","","","","","","",""
"203","<div class=""spr-display"">The ------- ---------- --- --- --------- --------- ---- --- --------- ------- ------ -------- --- -------- ---- - ------ -- --- -------</div>"," ","html-keyboard-response","319","178849","0.0-319.0","5d537c0cecc84200153075e9","6a04f72bb0f4a868caeeb473","6a05526634fbb9d50ec646a9","2bomnjjb","","","","spr_word","116","1b_2a","d","5","1b_2a-5","0","The","0","21","false","","",""
"203","<div class=""spr-display"">The pianist ---------- --- --- --------- --------- ---- --- --------- ------- ------ -------- --- -------- ---- - ------ -- --- -------</div>"," ","html-keyboard-response","320","179052","0.0-320.0","5d537c0cecc84200153075e9","6a04f72bb0f4a868caeeb473","6a05526634fbb9d50ec646a9","2bomnjjb","","","","spr_word","116","1b_2a","d","5","1b_2a-5","0","pianist","1","21","false","","",""
"191","<div class=""spr-display"">The pianist remembered --- --- --------- --------- ---- --- --------- ------- ------ -------- --- -------- ---- - ------ -- --- -------</div>"," ","html-keyboard-response","321","179244","0.0-321.0","5d537c0cecc84200153075e9","6a04f72bb0f4a868caeeb473","6a05526634fbb9d50ec646a9","2bomnjjb","","","","spr_word","116","1b_2a","d","5","1b_2a-5","0","remembered","2","21","false","","",""
"201","<div class=""spr-display"">The pianist remembered why --- --------- --------- ---- --- --------- ------- ------ -------- --- -------- ---- - ------ -- --- -------</div>"," ","html-keyboard-response","322","179445","0.0-322.0","5d537c0cecc84200153075e9","6a04f72bb0f4a868caeeb473","6a05526634fbb9d50ec646a9","2bomnjjb","","","","spr_word","116","1b_2a","d","5","1b_2a-5","0","why","3","21","false","","",""
"201","<div class=""spr-display"">The pianist remembered why the --------- --------- ---- --- --------- ------- ------ -------- --- -------- ---- - ------ -- --- -------</div>"," ","html-keyboard-response","323","179647","0.0-323.0","5d537c0cecc84200153075e9","6a04f72bb0f4a868caeeb473","6a05526634fbb9d50ec646a9","2bomnjjb","","","","spr_word","116","1b_2a","d","5","1b_2a-5","0","the","4","21","false","","",""
"207","<div class=""spr-display"">The pianist remembered why the competent --------- ---- --- --------- ------- ------ -------- --- -------- ---- - ------ -- --- -------</div>"," ","html-keyboard-response","324","179854","0.0-324.0","5d537c0cecc84200153075e9","6a04f72bb0f4a868caeeb473","6a05526634fbb9d50ec646a9","2bomnjjb","","","","spr_word","116","1b_2a","d","5","1b_2a-5","0","competent","5","21","false","","",""
"185","<div class=""spr-display"">The pianist remembered why the competent conductor ---- --- --------- ------- ------ -------- --- -------- ---- - ------ -- --- -------</div>"," ","html-keyboard-response","325","180040","0.0-325.0","5d537c0cecc84200153075e9","6a04f72bb0f4a868caeeb473","6a05526634fbb9d50ec646a9","2bomnjjb","","","","spr_word","116","1b_2a","d","5","1b_2a-5","0","conductor","6","21","false","","",""
"206","<div class=""spr-display"">The pianist remembered why the competent conductor that --- --------- ------- ------ -------- --- -------- ---- - ------ -- --- -------</div>"," ","html-keyboard-response","326","180246","0.0-326.0","5d537c0cecc84200153075e9","6a04f72bb0f4a868caeeb473","6a05526634fbb9d50ec646a9","2bomnjjb","","","","spr_word","116","1b_2a","d","5","1b_2a-5","0","that","7","21","false","","",""
"201","<div class=""spr-display"">The pianist remembered why the competent conductor that the --------- ------- ------ -------- --- -------- ---- - ------ -- --- -------</div>"," ","html-keyboard-response","327","180448","0.0-327.0","5d537c0cecc84200153075e9","6a04f72bb0f4a868caeeb473","6a05526634fbb9d50ec646a9","2bomnjjb","","","","spr_word","116","1b_2a","d","5","1b_2a-5","0","the","8","21","false","","",""
"196","<div class=""spr-display"">The pianist remembered why the competent conductor that the beautiful ------- ------ -------- --- -------- ---- - ------ -- --- -------</div>"," ","html-keyboard-response","328","180644","0.0-328.0","5d537c0cecc84200153075e9","6a04f72bb0f4a868caeeb473","6a05526634fbb9d50ec646a9","2bomnjjb","","","","spr_word","116","1b_2a","d","5","1b_2a-5","0","beautiful","9","21","false","","",""
"207","<div class=""spr-display"">The pianist remembered why the competent conductor that the beautiful cellist ------ -------- --- -------- ---- - ------ -- --- -------</div>"," ","html-keyboard-response","329","180851","0.0-329.0","5d537c0cecc84200153075e9","6a04f72bb0f4a868caeeb473","6a05526634fbb9d50ec646a9","2bomnjjb","","","","spr_word","116","1b_2a","d","5","1b_2a-5","0","cellist","10","21","false","","",""
"202","<div class=""spr-display"">The pianist remembered why the competent conductor that the beautiful cellist adored -------- --- -------- ---- - ------ -- --- -------</div>"," ","html-keyboard-response","330","181054","0.0-330.0","5d537c0cecc84200153075e9","6a04f72bb0f4a868caeeb473","6a05526634fbb9d50ec646a9","2bomnjjb","","","","spr_word","116","1b_2a","d","5","1b_2a-5","0","adored","11","21","false","","",""
"205","<div class=""spr-display"">The pianist remembered why the competent conductor that the beautiful cellist adored secretly --- -------- ---- - ------ -- --- -------</div>"," ","html-keyboard-response","331","181259","0.0-331.0","5d537c0cecc84200153075e9","6a04f72bb0f4a868caeeb473","6a05526634fbb9d50ec646a9","2bomnjjb","","","","spr_word","116","1b_2a","d","5","1b_2a-5","0","secretly","12","21","false","","",""
"221","<div class=""spr-display"">The pianist remembered why the competent conductor that the beautiful cellist adored secretly and -------- ---- - ------ -- --- -------</div>"," ","html-keyboard-response","332","181481","0.0-332.0","5d537c0cecc84200153075e9","6a04f72bb0f4a868caeeb473","6a05526634fbb9d50ec646a9","2bomnjjb","","","","spr_word","116","1b_2a","d","5","1b_2a-5","0","and","13","21","false","","",""
"202","<div class=""spr-display"">The pianist remembered why the competent conductor that the beautiful cellist adored secretly and woefully ---- - ------ -- --- -------</div>"," ","html-keyboard-response","333","181683","0.0-333.0","5d537c0cecc84200153075e9","6a04f72bb0f4a868caeeb473","6a05526634fbb9d50ec646a9","2bomnjjb","","","","spr_word","116","1b_2a","d","5","1b_2a-5","0","woefully","14","21","false","","",""
"201","<div class=""spr-display"">The pianist remembered why the competent conductor that the beautiful cellist adored secretly and woefully sent - ------ -- --- -------</div>"," ","html-keyboard-response","334","181885","0.0-334.0","5d537c0cecc84200153075e9","6a04f72bb0f4a868caeeb473","6a05526634fbb9d50ec646a9","2bomnjjb","","","","spr_word","116","1b_2a","d","5","1b_2a-5","0","sent","15","21","false","","",""
"198","<div class=""spr-display"">The pianist remembered why the competent conductor that the beautiful cellist adored secretly and woefully sent a ------ -- --- -------</div>"," ","html-keyboard-response","335","182083","0.0-335.0","5d537c0cecc84200153075e9","6a04f72bb0f4a868caeeb473","6a05526634fbb9d50ec646a9","2bomnjjb","","","","spr_word","116","1b_2a","d","5","1b_2a-5","0","a","16","21","false","","",""
"214","<div class=""spr-display"">The pianist remembered why the competent conductor that the beautiful cellist adored secretly and woefully sent a letter -- --- -------</div>"," ","html-keyboard-response","336","182298","0.0-336.0","5d537c0cecc84200153075e9","6a04f72bb0f4a868caeeb473","6a05526634fbb9d50ec646a9","2bomnjjb","","","","spr_word","116","1b_2a","d","5","1b_2a-5","0","letter","17","21","false","","",""
"207","<div class=""spr-display"">The pianist remembered why the competent conductor that the beautiful cellist adored secretly and woefully sent a letter to --- -------</div>"," ","html-keyboard-response","337","182506","0.0-337.0","5d537c0cecc84200153075e9","6a04f72bb0f4a868caeeb473","6a05526634fbb9d50ec646a9","2bomnjjb","","","","spr_word","116","1b_2a","d","5","1b_2a-5","0","to","18","21","false","","",""
"222","<div class=""spr-display"">The pianist remembered why the competent conductor that the beautiful cellist adored secretly and woefully sent a letter to the -------</div>"," ","html-keyboard-response","338","182728","0.0-338.0","5d537c0cecc84200153075e9","6a04f72bb0f4a868caeeb473","6a05526634fbb9d50ec646a9","2bomnjjb","","","","spr_word","116","1b_2a","d","5","1b_2a-5","0","the","19","21","false","","",""
"2048","<div class=""spr-display"">The pianist remembered why the competent conductor that the beautiful cellist adored secretly and woefully sent a letter to the oboist.</div>"," ","html-keyboard-response","339","184777","0.0-339.0","5d537c0cecc84200153075e9","6a04f72bb0f4a868caeeb473","6a05526634fbb9d50ec646a9","2bomnjjb","","","","spr_word","116","1b_2a","d","5","1b_2a-5","0","oboist.","20","21","false","","",""
"801","<div class=""comprehension-box"">
                    <p>undefined</p>
                    <p>Press <span class=""key-label"">F</span> for <strong>Yes</strong> &nbsp;|&nbsp;
                    Press <span class=""key-label"">J</span> for <strong>No</strong></p>
                </div>","j","html-keyboard-response","340","185578","0.0-340.0","5d537c0cecc84200153075e9","6a04f72bb0f4a868caeeb473","6a05526634fbb9d50ec646a9","2bomnjjb","","","","comprehension","116","1b_2a","d","5","1b_2a-5","0","","","","","","No","false"
"1634","<div class=""comprehension-box"">
                    <p class=""feedback-incorrect"">Incorrect</p>
                    <p style=""font-size:18px;"">The correct answer was <strong>No</strong>.</p>
                    <p style=""margin-top:20px; font-size:16px; color:#555;"">
                    Press <span class=""key-label"">SPACE</span> to continue.
                    </p>
                </div>"," ","html-keyboard-response","341","187212","0.0-341.0","5d537c0cecc84200153075e9","6a04f72bb0f4a868caeeb473","6a05526634fbb9d50ec646a9","2bomnjjb","","","","feedback","116","1b_2a","d","5","1b_2a-5","0","","","","","","",""
"null","<span class=""fixation"">+</span>","null","html-keyboard-response","342","187720","0.0-342.0","5d537c0cecc84200153075e9","6a04f72bb0f4a868caeeb473","6a05526634fbb9d50ec646a9","2bomnjjb","","","","fixation","141","1b_2a","a","12","1b_2a-12","0","","","","","","",""
"493","<div class=""spr-display"">--- ----- --------- --- --- ----- ------ ---- --- ----- ----- ------ --------- --- ----------- ------ --- ---- ----"," ","html-keyboard-response","343","188213","0.0-343.0","5d537c0cecc84200153075e9","6a04f72bb0f4a868caeeb473","6a05526634fbb9d50ec646a9","2bomnjjb","","","","prompt","141","1b_2a","a","12","1b_2a-12","0","","","","","","",""
"198","<div class=""spr-display"">The ----- --------- --- --- ----- ------ ---- --- ----- ----- ------ --------- --- ----------- ------ --- ---- ----</div>"," ","html-keyboard-response","344","188411","0.0-344.0","5d537c0cecc84200153075e9","6a04f72bb0f4a868caeeb473","6a05526634fbb9d50ec646a9","2bomnjjb","","","","spr_word","141","1b_2a","a","12","1b_2a-12","0","The","0","19","false","","",""
"441","<div class=""spr-display"">The baker --------- --- --- ----- ------ ---- --- ----- ----- ------ --------- --- ----------- ------ --- ---- ----</div>"," ","html-keyboard-response","345","188853","0.0-345.0","5d537c0cecc84200153075e9","6a04f72bb0f4a868caeeb473","6a05526634fbb9d50ec646a9","2bomnjjb","","","","spr_word","141","1b_2a","a","12","1b_2a-12","0","baker","1","19","false","","",""
"197","<div class=""spr-display"">The baker mentioned --- --- ----- ------ ---- --- ----- ----- ------ --------- --- ----------- ------ --- ---- ----</div>"," ","html-keyboard-response","346","189050","0.0-346.0","5d537c0cecc84200153075e9","6a04f72bb0f4a868caeeb473","6a05526634fbb9d50ec646a9","2bomnjjb","","","","spr_word","141","1b_2a","a","12","1b_2a-12","0","mentioned","2","19","false","","",""
"190","<div class=""spr-display"">The baker mentioned who --- ----- ------ ---- --- ----- ----- ------ --------- --- ----------- ------ --- ---- ----</div>"," ","html-keyboard-response","347","189241","0.0-347.0","5d537c0cecc84200153075e9","6a04f72bb0f4a868caeeb473","6a05526634fbb9d50ec646a9","2bomnjjb","","","","spr_word","141","1b_2a","a","12","1b_2a-12","0","who","3","19","false","","",""
"198","<div class=""spr-display"">The baker mentioned who the ----- ------ ---- --- ----- ----- ------ --------- --- ----------- ------ --- ---- ----</div>"," ","html-keyboard-response","348","189440","0.0-348.0","5d537c0cecc84200153075e9","6a04f72bb0f4a868caeeb473","6a05526634fbb9d50ec646a9","2bomnjjb","","","","spr_word","141","1b_2a","a","12","1b_2a-12","0","the","4","19","false","","",""
"193","<div class=""spr-display"">The baker mentioned who the young ------ ---- --- ----- ----- ------ --------- --- ----------- ------ --- ---- ----</div>"," ","html-keyboard-response","349","189633","0.0-349.0","5d537c0cecc84200153075e9","6a04f72bb0f4a868caeeb473","6a05526634fbb9d50ec646a9","2bomnjjb","","","","spr_word","141","1b_2a","a","12","1b_2a-12","0","young","5","19","false","","",""
"197","<div class=""spr-display"">The baker mentioned who the young mother ---- --- ----- ----- ------ --------- --- ----------- ------ --- ---- ----</div>"," ","html-keyboard-response","350","189831","0.0-350.0","5d537c0cecc84200153075e9","6a04f72bb0f4a868caeeb473","6a05526634fbb9d50ec646a9","2bomnjjb","","","","spr_word","141","1b_2a","a","12","1b_2a-12","0","mother","6","19","false","","",""
"201","<div class=""spr-display"">The baker mentioned who the young mother that --- ----- ----- ------ --------- --- ----------- ------ --- ---- ----</div>"," ","html-keyboard-response","351","190032","0.0-351.0","5d537c0cecc84200153075e9","6a04f72bb0f4a868caeeb473","6a05526634fbb9d50ec646a9","2bomnjjb","","","","spr_word","141","1b_2a","a","12","1b_2a-12","0","that","7","19","false","","",""
"203","<div class=""spr-display"">The baker mentioned who the young mother that the ----- ----- ------ --------- --- ----------- ------ --- ---- ----</div>"," ","html-keyboard-response","352","190236","0.0-352.0","5d537c0cecc84200153075e9","6a04f72bb0f4a868caeeb473","6a05526634fbb9d50ec646a9","2bomnjjb","","","","spr_word","141","1b_2a","a","12","1b_2a-12","0","the","8","19","false","","",""
"201","<div class=""spr-display"">The baker mentioned who the young mother that the sweet ----- ------ --------- --- ----------- ------ --- ---- ----</div>"," ","html-keyboard-response","353","190437","0.0-353.0","5d537c0cecc84200153075e9","6a04f72bb0f4a868caeeb473","6a05526634fbb9d50ec646a9","2bomnjjb","","","","spr_word","141","1b_2a","a","12","1b_2a-12","0","sweet","9","19","false","","",""
"197","<div class=""spr-display"">The baker mentioned who the young mother that the sweet child ------ --------- --- ----------- ------ --- ---- ----</div>"," ","html-keyboard-response","354","190634","0.0-354.0","5d537c0cecc84200153075e9","6a04f72bb0f4a868caeeb473","6a05526634fbb9d50ec646a9","2bomnjjb","","","","spr_word","141","1b_2a","a","12","1b_2a-12","0","child","10","19","false","","",""
"209","<div class=""spr-display"">The baker mentioned who the young mother that the sweet child hugged --------- --- ----------- ------ --- ---- ----</div>"," ","html-keyboard-response","355","190844","0.0-355.0","5d537c0cecc84200153075e9","6a04f72bb0f4a868caeeb473","6a05526634fbb9d50ec646a9","2bomnjjb","","","","spr_word","141","1b_2a","a","12","1b_2a-12","0","hugged","11","19","false","","",""
"200","<div class=""spr-display"">The baker mentioned who the young mother that the sweet child hugged hurriedly --- ----------- ------ --- ---- ----</div>"," ","html-keyboard-response","356","191044","0.0-356.0","5d537c0cecc84200153075e9","6a04f72bb0f4a868caeeb473","6a05526634fbb9d50ec646a9","2bomnjjb","","","","spr_word","141","1b_2a","a","12","1b_2a-12","0","hurriedly","12","19","false","","",""
"217","<div class=""spr-display"">The baker mentioned who the young mother that the sweet child hugged hurriedly and ----------- ------ --- ---- ----</div>"," ","html-keyboard-response","357","191261","0.0-357.0","5d537c0cecc84200153075e9","6a04f72bb0f4a868caeeb473","6a05526634fbb9d50ec646a9","2bomnjjb","","","","spr_word","141","1b_2a","a","12","1b_2a-12","0","and","13","19","false","","",""
"208","<div class=""spr-display"">The baker mentioned who the young mother that the sweet child hugged hurriedly and frantically ------ --- ---- ----</div>"," ","html-keyboard-response","358","191470","0.0-358.0","5d537c0cecc84200153075e9","6a04f72bb0f4a868caeeb473","6a05526634fbb9d50ec646a9","2bomnjjb","","","","spr_word","141","1b_2a","a","12","1b_2a-12","0","frantically","14","19","false","","",""
"203","<div class=""spr-display"">The baker mentioned who the young mother that the sweet child hugged hurriedly and frantically bought --- ---- ----</div>"," ","html-keyboard-response","359","191673","0.0-359.0","5d537c0cecc84200153075e9","6a04f72bb0f4a868caeeb473","6a05526634fbb9d50ec646a9","2bomnjjb","","","","spr_word","141","1b_2a","a","12","1b_2a-12","0","bought","15","19","false","","",""
"192","<div class=""spr-display"">The baker mentioned who the young mother that the sweet child hugged hurriedly and frantically bought the ---- ----</div>"," ","html-keyboard-response","360","191866","0.0-360.0","5d537c0cecc84200153075e9","6a04f72bb0f4a868caeeb473","6a05526634fbb9d50ec646a9","2bomnjjb","","","","spr_word","141","1b_2a","a","12","1b_2a-12","0","the","16","19","false","","",""
"201","<div class=""spr-display"">The baker mentioned who the young mother that the sweet child hugged hurriedly and frantically bought the cake ----</div>"," ","html-keyboard-response","361","192068","0.0-361.0","5d537c0cecc84200153075e9","6a04f72bb0f4a868caeeb473","6a05526634fbb9d50ec646a9","2bomnjjb","","","","spr_word","141","1b_2a","a","12","1b_2a-12","0","cake","17","19","false","","",""
"206","<div class=""spr-display"">The baker mentioned who the young mother that the sweet child hugged hurriedly and frantically bought the cake for.</div>"," ","html-keyboard-response","362","192274","0.0-362.0","5d537c0cecc84200153075e9","6a04f72bb0f4a868caeeb473","6a05526634fbb9d50ec646a9","2bomnjjb","","","","spr_word","141","1b_2a","a","12","1b_2a-12","0","for.","18","19","false","","",""
"2294","<div class=""comprehension-box"">
                    <p>undefined</p>
                    <p>Press <span class=""key-label"">F</span> for <strong>Yes</strong> &nbsp;|&nbsp;
                    Press <span class=""key-label"">J</span> for <strong>No</strong></p>
                </div>","f","html-keyboard-response","363","194569","0.0-363.0","5d537c0cecc84200153075e9","6a04f72bb0f4a868caeeb473","6a05526634fbb9d50ec646a9","2bomnjjb","","","","comprehension","141","1b_2a","a","12","1b_2a-12","0","","","","","","Yes","false"
"1158","<div class=""comprehension-box"">
                    <p class=""feedback-incorrect"">Incorrect</p>
                    <p style=""font-size:18px;"">The correct answer was <strong>No</strong>.</p>
                    <p style=""margin-top:20px; font-size:16px; color:#555;"">
                    Press <span class=""key-label"">SPACE</span> to continue.
                    </p>
                </div>"," ","html-keyboard-response","364","195727","0.0-364.0","5d537c0cecc84200153075e9","6a04f72bb0f4a868caeeb473","6a05526634fbb9d50ec646a9","2bomnjjb","","","","feedback","141","1b_2a","a","12","1b_2a-12","0","","","","","","",""
"null","<span class=""fixation"">+</span>","null","html-keyboard-response","365","196228","0.0-365.0","5d537c0cecc84200153075e9","6a04f72bb0f4a868caeeb473","6a05526634fbb9d50ec646a9","2bomnjjb","","","","fixation","97","1b_2a","a","1","1b_2a-1","0","","","","","","",""
"529","<div class=""spr-display"">--- ---- ------- --- --- -------- ------- ---- --- --------- ---- -------- ---------- --- ------- ---- --- ----- ---"," ","html-keyboard-response","366","196758","0.0-366.0","5d537c0cecc84200153075e9","6a04f72bb0f4a868caeeb473","6a05526634fbb9d50ec646a9","2bomnjjb","","","","prompt","97","1b_2a","a","1","1b_2a-1","0","","","","","","",""
"204","<div class=""spr-display"">The ---- ------- --- --- -------- ------- ---- --- --------- ---- -------- ---------- --- ------- ---- --- ----- ---</div>"," ","html-keyboard-response","367","196962","0.0-367.0","5d537c0cecc84200153075e9","6a04f72bb0f4a868caeeb473","6a05526634fbb9d50ec646a9","2bomnjjb","","","","spr_word","97","1b_2a","a","1","1b_2a-1","0","The","0","19","false","","",""
"189","<div class=""spr-display"">The aide ------- --- --- -------- ------- ---- --- --------- ---- -------- ---------- --- ------- ---- --- ----- ---</div>"," ","html-keyboard-response","368","197153","0.0-368.0","5d537c0cecc84200153075e9","6a04f72bb0f4a868caeeb473","6a05526634fbb9d50ec646a9","2bomnjjb","","","","spr_word","97","1b_2a","a","1","1b_2a-1","0","aide","1","19","false","","",""
"190","<div class=""spr-display"">The aide noticed --- --- -------- ------- ---- --- --------- ---- -------- ---------- --- ------- ---- --- ----- ---</div>"," ","html-keyboard-response","369","197344","0.0-369.0","5d537c0cecc84200153075e9","6a04f72bb0f4a868caeeb473","6a05526634fbb9d50ec646a9","2bomnjjb","","","","spr_word","97","1b_2a","a","1","1b_2a-1","0","noticed","2","19","false","","",""
"196","<div class=""spr-display"">The aide noticed who --- -------- ------- ---- --- --------- ---- -------- ---------- --- ------- ---- --- ----- ---</div>"," ","html-keyboard-response","370","197541","0.0-370.0","5d537c0cecc84200153075e9","6a04f72bb0f4a868caeeb473","6a05526634fbb9d50ec646a9","2bomnjjb","","","","spr_word","97","1b_2a","a","1","1b_2a-1","0","who","3","19","false","","",""
"202","<div class=""spr-display"">The aide noticed who the -------- ------- ---- --- --------- ---- -------- ---------- --- ------- ---- --- ----- ---</div>"," ","html-keyboard-response","371","197743","0.0-371.0","5d537c0cecc84200153075e9","6a04f72bb0f4a868caeeb473","6a05526634fbb9d50ec646a9","2bomnjjb","","","","spr_word","97","1b_2a","a","1","1b_2a-1","0","the","4","19","false","","",""
"191","<div class=""spr-display"">The aide noticed who the generous ------- ---- --- --------- ---- -------- ---------- --- ------- ---- --- ----- ---</div>"," ","html-keyboard-response","372","197936","0.0-372.0","5d537c0cecc84200153075e9","6a04f72bb0f4a868caeeb473","6a05526634fbb9d50ec646a9","2bomnjjb","","","","spr_word","97","1b_2a","a","1","1b_2a-1","0","generous","5","19","false","","",""
"209","<div class=""spr-display"">The aide noticed who the generous teacher ---- --- --------- ---- -------- ---------- --- ------- ---- --- ----- ---</div>"," ","html-keyboard-response","373","198145","0.0-373.0","5d537c0cecc84200153075e9","6a04f72bb0f4a868caeeb473","6a05526634fbb9d50ec646a9","2bomnjjb","","","","spr_word","97","1b_2a","a","1","1b_2a-1","0","teacher","6","19","false","","",""
"192","<div class=""spr-display"">The aide noticed who the generous teacher that --- --------- ---- -------- ---------- --- ------- ---- --- ----- ---</div>"," ","html-keyboard-response","374","198338","0.0-374.0","5d537c0cecc84200153075e9","6a04f72bb0f4a868caeeb473","6a05526634fbb9d50ec646a9","2bomnjjb","","","","spr_word","97","1b_2a","a","1","1b_2a-1","0","that","7","19","false","","",""
"210","<div class=""spr-display"">The aide noticed who the generous teacher that the --------- ---- -------- ---------- --- ------- ---- --- ----- ---</div>"," ","html-keyboard-response","375","198549","0.0-375.0","5d537c0cecc84200153075e9","6a04f72bb0f4a868caeeb473","6a05526634fbb9d50ec646a9","2bomnjjb","","","","spr_word","97","1b_2a","a","1","1b_2a-1","0","the","8","19","false","","",""
"196","<div class=""spr-display"">The aide noticed who the generous teacher that the exemplary ---- -------- ---------- --- ------- ---- --- ----- ---</div>"," ","html-keyboard-response","376","198746","0.0-376.0","5d537c0cecc84200153075e9","6a04f72bb0f4a868caeeb473","6a05526634fbb9d50ec646a9","2bomnjjb","","","","spr_word","97","1b_2a","a","1","1b_2a-1","0","exemplary","9","19","false","","",""
"218","<div class=""spr-display"">The aide noticed who the generous teacher that the exemplary dean -------- ---------- --- ------- ---- --- ----- ---</div>"," ","html-keyboard-response","377","198965","0.0-377.0","5d537c0cecc84200153075e9","6a04f72bb0f4a868caeeb473","6a05526634fbb9d50ec646a9","2bomnjjb","","","","spr_word","97","1b_2a","a","1","1b_2a-1","0","dean","10","19","false","","",""
"214","<div class=""spr-display"">The aide noticed who the generous teacher that the exemplary dean employed ---------- --- ------- ---- --- ----- ---</div>"," ","html-keyboard-response","378","199180","0.0-378.0","5d537c0cecc84200153075e9","6a04f72bb0f4a868caeeb473","6a05526634fbb9d50ec646a9","2bomnjjb","","","","spr_word","97","1b_2a","a","1","1b_2a-1","0","employed","11","19","false","","",""
"199","<div class=""spr-display"">The aide noticed who the generous teacher that the exemplary dean employed graciously --- ------- ---- --- ----- ---</div>"," ","html-keyboard-response","379","199381","0.0-379.0","5d537c0cecc84200153075e9","6a04f72bb0f4a868caeeb473","6a05526634fbb9d50ec646a9","2bomnjjb","","","","spr_word","97","1b_2a","a","1","1b_2a-1","0","graciously","12","19","false","","",""
"216","<div class=""spr-display"">The aide noticed who the generous teacher that the exemplary dean employed graciously and ------- ---- --- ----- ---</div>"," ","html-keyboard-response","380","199597","0.0-380.0","5d537c0cecc84200153075e9","6a04f72bb0f4a868caeeb473","6a05526634fbb9d50ec646a9","2bomnjjb","","","","spr_word","97","1b_2a","a","1","1b_2a-1","0","and","13","19","false","","",""
"202","<div class=""spr-display"">The aide noticed who the generous teacher that the exemplary dean employed graciously and happily ---- --- ----- ---</div>"," ","html-keyboard-response","381","199800","0.0-381.0","5d537c0cecc84200153075e9","6a04f72bb0f4a868caeeb473","6a05526634fbb9d50ec646a9","2bomnjjb","","","","spr_word","97","1b_2a","a","1","1b_2a-1","0","happily","14","19","false","","",""
"201","<div class=""spr-display"">The aide noticed who the generous teacher that the exemplary dean employed graciously and happily gave --- ----- ---</div>"," ","html-keyboard-response","382","200002","0.0-382.0","5d537c0cecc84200153075e9","6a04f72bb0f4a868caeeb473","6a05526634fbb9d50ec646a9","2bomnjjb","","","","spr_word","97","1b_2a","a","1","1b_2a-1","0","gave","15","19","false","","",""
"201","<div class=""spr-display"">The aide noticed who the generous teacher that the exemplary dean employed graciously and happily gave the ----- ---</div>"," ","html-keyboard-response","383","200203","0.0-383.0","5d537c0cecc84200153075e9","6a04f72bb0f4a868caeeb473","6a05526634fbb9d50ec646a9","2bomnjjb","","","","spr_word","97","1b_2a","a","1","1b_2a-1","0","the","16","19","false","","",""
"200","<div class=""spr-display"">The aide noticed who the generous teacher that the exemplary dean employed graciously and happily gave the prize ---</div>"," ","html-keyboard-response","384","200404","0.0-384.0","5d537c0cecc84200153075e9","6a04f72bb0f4a868caeeb473","6a05526634fbb9d50ec646a9","2bomnjjb","","","","spr_word","97","1b_2a","a","1","1b_2a-1","0","prize","17","19","false","","",""
"731","<div class=""spr-display"">The aide noticed who the generous teacher that the exemplary dean employed graciously and happily gave the prize to.</div>"," ","html-keyboard-response","385","201136","0.0-385.0","5d537c0cecc84200153075e9","6a04f72bb0f4a868caeeb473","6a05526634fbb9d50ec646a9","2bomnjjb","","","","spr_word","97","1b_2a","a","1","1b_2a-1","0","to.","18","19","false","","",""
"1821","<div class=""comprehension-box"">
                    <p>undefined</p>
                    <p>Press <span class=""key-label"">F</span> for <strong>Yes</strong> &nbsp;|&nbsp;
                    Press <span class=""key-label"">J</span> for <strong>No</strong></p>
                </div>","f","html-keyboard-response","386","202958","0.0-386.0","5d537c0cecc84200153075e9","6a04f72bb0f4a868caeeb473","6a05526634fbb9d50ec646a9","2bomnjjb","","","","comprehension","97","1b_2a","a","1","1b_2a-1","0","","","","","","Yes","false"
"866","<div class=""comprehension-box"">
                    <p class=""feedback-incorrect"">Incorrect</p>
                    <p style=""font-size:18px;"">The correct answer was <strong>No</strong>.</p>
                    <p style=""margin-top:20px; font-size:16px; color:#555;"">
                    Press <span class=""key-label"">SPACE</span> to continue.
                    </p>
                </div>"," ","html-keyboard-response","387","203824","0.0-387.0","5d537c0cecc84200153075e9","6a04f72bb0f4a868caeeb473","6a05526634fbb9d50ec646a9","2bomnjjb","","","","feedback","97","1b_2a","a","1","1b_2a-1","0","","","","","","",""
"null","<span class=""fixation"">+</span>","null","html-keyboard-response","388","204333","0.0-388.0","5d537c0cecc84200153075e9","6a04f72bb0f4a868caeeb473","6a05526634fbb9d50ec646a9","2bomnjjb","","","","fixation","151","1b_2a","c","14","1b_2a-14","0","","","","","","",""
"139","<div class=""spr-display"">--- ------ --------- ---- --- ---------- ------- ---- --- ------ ----------- ------ ------------- --- --------- ------- -- ------- ---- --- -----------"," ","html-keyboard-response","389","204473","0.0-389.0","5d537c0cecc84200153075e9","6a04f72bb0f4a868caeeb473","6a05526634fbb9d50ec646a9","2bomnjjb","","","","prompt","151","1b_2a","c","14","1b_2a-14","0","","","","","","",""
"228","<div class=""spr-display"">The ------ --------- ---- --- ---------- ------- ---- --- ------ ----------- ------ ------------- --- --------- ------- -- ------- ---- --- -----------</div>"," ","html-keyboard-response","390","204703","0.0-390.0","5d537c0cecc84200153075e9","6a04f72bb0f4a868caeeb473","6a05526634fbb9d50ec646a9","2bomnjjb","","","","spr_word","151","1b_2a","c","14","1b_2a-14","0","The","0","21","false","","",""
"196","<div class=""spr-display"">The farmer --------- ---- --- ---------- ------- ---- --- ------ ----------- ------ ------------- --- --------- ------- -- ------- ---- --- -----------</div>"," ","html-keyboard-response","391","204899","0.0-391.0","5d537c0cecc84200153075e9","6a04f72bb0f4a868caeeb473","6a05526634fbb9d50ec646a9","2bomnjjb","","","","spr_word","151","1b_2a","c","14","1b_2a-14","0","farmer","1","21","false","","",""
"200","<div class=""spr-display"">The farmer disclosed ---- --- ---------- ------- ---- --- ------ ----------- ------ ------------- --- --------- ------- -- ------- ---- --- -----------</div>"," ","html-keyboard-response","392","205100","0.0-392.0","5d537c0cecc84200153075e9","6a04f72bb0f4a868caeeb473","6a05526634fbb9d50ec646a9","2bomnjjb","","","","spr_word","151","1b_2a","c","14","1b_2a-14","0","disclosed","2","21","false","","",""
"200","<div class=""spr-display"">The farmer disclosed that --- ---------- ------- ---- --- ------ ----------- ------ ------------- --- --------- ------- -- ------- ---- --- -----------</div>"," ","html-keyboard-response","393","205301","0.0-393.0","5d537c0cecc84200153075e9","6a04f72bb0f4a868caeeb473","6a05526634fbb9d50ec646a9","2bomnjjb","","","","spr_word","151","1b_2a","c","14","1b_2a-14","0","that","3","21","false","","",""
"210","<div class=""spr-display"">The farmer disclosed that the ---------- ------- ---- --- ------ ----------- ------ ------------- --- --------- ------- -- ------- ---- --- -----------</div>"," ","html-keyboard-response","394","205511","0.0-394.0","5d537c0cecc84200153075e9","6a04f72bb0f4a868caeeb473","6a05526634fbb9d50ec646a9","2bomnjjb","","","","spr_word","151","1b_2a","c","14","1b_2a-14","0","the","4","21","false","","",""
"199","<div class=""spr-display"">The farmer disclosed that the passionate ------- ---- --- ------ ----------- ------ ------------- --- --------- ------- -- ------- ---- --- -----------</div>"," ","html-keyboard-response","395","205711","0.0-395.0","5d537c0cecc84200153075e9","6a04f72bb0f4a868caeeb473","6a05526634fbb9d50ec646a9","2bomnjjb","","","","spr_word","151","1b_2a","c","14","1b_2a-14","0","passionate","5","21","false","","",""
"211","<div class=""spr-display"">The farmer disclosed that the passionate rancher ---- --- ------ ----------- ------ ------------- --- --------- ------- -- ------- ---- --- -----------</div>"," ","html-keyboard-response","396","205923","0.0-396.0","5d537c0cecc84200153075e9","6a04f72bb0f4a868caeeb473","6a05526634fbb9d50ec646a9","2bomnjjb","","","","spr_word","151","1b_2a","c","14","1b_2a-14","0","rancher","6","21","false","","",""
"213","<div class=""spr-display"">The farmer disclosed that the passionate rancher that --- ------ ----------- ------ ------------- --- --------- ------- -- ------- ---- --- -----------</div>"," ","html-keyboard-response","397","206137","0.0-397.0","5d537c0cecc84200153075e9","6a04f72bb0f4a868caeeb473","6a05526634fbb9d50ec646a9","2bomnjjb","","","","spr_word","151","1b_2a","c","14","1b_2a-14","0","that","7","21","false","","",""
"206","<div class=""spr-display"">The farmer disclosed that the passionate rancher that the ------ ----------- ------ ------------- --- --------- ------- -- ------- ---- --- -----------</div>"," ","html-keyboard-response","398","206344","0.0-398.0","5d537c0cecc84200153075e9","6a04f72bb0f4a868caeeb473","6a05526634fbb9d50ec646a9","2bomnjjb","","","","spr_word","151","1b_2a","c","14","1b_2a-14","0","the","8","21","false","","",""
"211","<div class=""spr-display"">The farmer disclosed that the passionate rancher that the boring ----------- ------ ------------- --- --------- ------- -- ------- ---- --- -----------</div>"," ","html-keyboard-response","399","206556","0.0-399.0","5d537c0cecc84200153075e9","6a04f72bb0f4a868caeeb473","6a05526634fbb9d50ec646a9","2bomnjjb","","","","spr_word","151","1b_2a","c","14","1b_2a-14","0","boring","9","21","false","","",""
"201","<div class=""spr-display"">The farmer disclosed that the passionate rancher that the boring businessman ------ ------------- --- --------- ------- -- ------- ---- --- -----------</div>"," ","html-keyboard-response","400","206758","0.0-400.0","5d537c0cecc84200153075e9","6a04f72bb0f4a868caeeb473","6a05526634fbb9d50ec646a9","2bomnjjb","","","","spr_word","151","1b_2a","c","14","1b_2a-14","0","businessman","10","21","false","","",""
"219","<div class=""spr-display"">The farmer disclosed that the passionate rancher that the boring businessman judged ------------- --- --------- ------- -- ------- ---- --- -----------</div>"," ","html-keyboard-response","401","206978","0.0-401.0","5d537c0cecc84200153075e9","6a04f72bb0f4a868caeeb473","6a05526634fbb9d50ec646a9","2bomnjjb","","","","spr_word","151","1b_2a","c","14","1b_2a-14","0","judged","11","21","false","","",""
"210","<div class=""spr-display"">The farmer disclosed that the passionate rancher that the boring businessman judged unnecessarily --- --------- ------- -- ------- ---- --- -----------</div>"," ","html-keyboard-response","402","207190","0.0-402.0","5d537c0cecc84200153075e9","6a04f72bb0f4a868caeeb473","6a05526634fbb9d50ec646a9","2bomnjjb","","","","spr_word","151","1b_2a","c","14","1b_2a-14","0","unnecessarily","12","21","false","","",""
"206","<div class=""spr-display"">The farmer disclosed that the passionate rancher that the boring businessman judged unnecessarily and --------- ------- -- ------- ---- --- -----------</div>"," ","html-keyboard-response","403","207396","0.0-403.0","5d537c0cecc84200153075e9","6a04f72bb0f4a868caeeb473","6a05526634fbb9d50ec646a9","2bomnjjb","","","","spr_word","151","1b_2a","c","14","1b_2a-14","0","and","13","21","false","","",""
"213","<div class=""spr-display"">The farmer disclosed that the passionate rancher that the boring businessman judged unnecessarily and intensely ------- -- ------- ---- --- -----------</div>"," ","html-keyboard-response","404","207610","0.0-404.0","5d537c0cecc84200153075e9","6a04f72bb0f4a868caeeb473","6a05526634fbb9d50ec646a9","2bomnjjb","","","","spr_word","151","1b_2a","c","14","1b_2a-14","0","intensely","14","21","false","","",""
"204","<div class=""spr-display"">The farmer disclosed that the passionate rancher that the boring businessman judged unnecessarily and intensely studied -- ------- ---- --- -----------</div>"," ","html-keyboard-response","405","207815","0.0-405.0","5d537c0cecc84200153075e9","6a04f72bb0f4a868caeeb473","6a05526634fbb9d50ec646a9","2bomnjjb","","","","spr_word","151","1b_2a","c","14","1b_2a-14","0","studied","15","21","false","","",""
"200","<div class=""spr-display"">The farmer disclosed that the passionate rancher that the boring businessman judged unnecessarily and intensely studied in ------- ---- --- -----------</div>"," ","html-keyboard-response","406","208016","0.0-406.0","5d537c0cecc84200153075e9","6a04f72bb0f4a868caeeb473","6a05526634fbb9d50ec646a9","2bomnjjb","","","","spr_word","151","1b_2a","c","14","1b_2a-14","0","in","16","21","false","","",""
"206","<div class=""spr-display"">The farmer disclosed that the passionate rancher that the boring businessman judged unnecessarily and intensely studied in college ---- --- -----------</div>"," ","html-keyboard-response","407","208223","0.0-407.0","5d537c0cecc84200153075e9","6a04f72bb0f4a868caeeb473","6a05526634fbb9d50ec646a9","2bomnjjb","","","","spr_word","151","1b_2a","c","14","1b_2a-14","0","college","17","21","false","","",""
"221","<div class=""spr-display"">The farmer disclosed that the passionate rancher that the boring businessman judged unnecessarily and intensely studied in college with --- -----------</div>"," ","html-keyboard-response","408","208445","0.0-408.0","5d537c0cecc84200153075e9","6a04f72bb0f4a868caeeb473","6a05526634fbb9d50ec646a9","2bomnjjb","","","","spr_word","151","1b_2a","c","14","1b_2a-14","0","with","18","21","false","","",""
"208","<div class=""spr-display"">The farmer disclosed that the passionate rancher that the boring businessman judged unnecessarily and intensely studied in college with the -----------</div>"," ","html-keyboard-response","409","208654","0.0-409.0","5d537c0cecc84200153075e9","6a04f72bb0f4a868caeeb473","6a05526634fbb9d50ec646a9","2bomnjjb","","","","spr_word","151","1b_2a","c","14","1b_2a-14","0","the","19","21","false","","",""
"217","<div class=""spr-display"">The farmer disclosed that the passionate rancher that the boring businessman judged unnecessarily and intensely studied in college with the professors.</div>"," ","html-keyboard-response","410","208872","0.0-410.0","5d537c0cecc84200153075e9","6a04f72bb0f4a868caeeb473","6a05526634fbb9d50ec646a9","2bomnjjb","","","","spr_word","151","1b_2a","c","14","1b_2a-14","0","professors.","20","21","false","","",""
"863","<div class=""comprehension-box"">
                    <p>undefined</p>
                    <p>Press <span class=""key-label"">F</span> for <strong>Yes</strong> &nbsp;|&nbsp;
                    Press <span class=""key-label"">J</span> for <strong>No</strong></p>
                </div>","j","html-keyboard-response","411","209736","0.0-411.0","5d537c0cecc84200153075e9","6a04f72bb0f4a868caeeb473","6a05526634fbb9d50ec646a9","2bomnjjb","","","","comprehension","151","1b_2a","c","14","1b_2a-14","0","","","","","","No","false"
"604","<div class=""comprehension-box"">
                    <p class=""feedback-incorrect"">Incorrect</p>
                    <p style=""font-size:18px;"">The correct answer was <strong>No</strong>.</p>
                    <p style=""margin-top:20px; font-size:16px; color:#555;"">
                    Press <span class=""key-label"">SPACE</span> to continue.
                    </p>
                </div>"," ","html-keyboard-response","412","210341","0.0-412.0","5d537c0cecc84200153075e9","6a04f72bb0f4a868caeeb473","6a05526634fbb9d50ec646a9","2bomnjjb","","","","feedback","151","1b_2a","c","14","1b_2a-14","0","","","","","","",""
"null","<span class=""fixation"">+</span>","null","html-keyboard-response","413","210845","0.0-413.0","5d537c0cecc84200153075e9","6a04f72bb0f4a868caeeb473","6a05526634fbb9d50ec646a9","2bomnjjb","","","","fixation","122","1b_2a","b","7","1b_2a-7","0","","","","","","",""
"156","<div class=""spr-display"">--- ------ -------- --- --- ---- -------- ---- --- -------- ---- ----- ------- --- --------- ------ --- ---- -- --- -------"," ","html-keyboard-response","414","211003","0.0-414.0","5d537c0cecc84200153075e9","6a04f72bb0f4a868caeeb473","6a05526634fbb9d50ec646a9","2bomnjjb","","","","prompt","122","1b_2a","b","7","1b_2a-7","0","","","","","","",""
"248","<div class=""spr-display"">The ------ -------- --- --- ---- -------- ---- --- -------- ---- ----- ------- --- --------- ------ --- ---- -- --- -------</div>"," ","html-keyboard-response","415","211252","0.0-415.0","5d537c0cecc84200153075e9","6a04f72bb0f4a868caeeb473","6a05526634fbb9d50ec646a9","2bomnjjb","","","","spr_word","122","1b_2a","b","7","1b_2a-7","0","The","0","21","false","","",""
"195","<div class=""spr-display"">The busboy -------- --- --- ---- -------- ---- --- -------- ---- ----- ------- --- --------- ------ --- ---- -- --- -------</div>"," ","html-keyboard-response","416","211449","0.0-416.0","5d537c0cecc84200153075e9","6a04f72bb0f4a868caeeb473","6a05526634fbb9d50ec646a9","2bomnjjb","","","","spr_word","122","1b_2a","b","7","1b_2a-7","0","busboy","1","21","false","","",""
"201","<div class=""spr-display"">The busboy revealed --- --- ---- -------- ---- --- -------- ---- ----- ------- --- --------- ------ --- ---- -- --- -------</div>"," ","html-keyboard-response","417","211650","0.0-417.0","5d537c0cecc84200153075e9","6a04f72bb0f4a868caeeb473","6a05526634fbb9d50ec646a9","2bomnjjb","","","","spr_word","122","1b_2a","b","7","1b_2a-7","0","revealed","2","21","false","","",""
"190","<div class=""spr-display"">The busboy revealed how --- ---- -------- ---- --- -------- ---- ----- ------- --- --------- ------ --- ---- -- --- -------</div>"," ","html-keyboard-response","418","211842","0.0-418.0","5d537c0cecc84200153075e9","6a04f72bb0f4a868caeeb473","6a05526634fbb9d50ec646a9","2bomnjjb","","","","spr_word","122","1b_2a","b","7","1b_2a-7","0","how","3","21","false","","",""
"206","<div class=""spr-display"">The busboy revealed how the ---- -------- ---- --- -------- ---- ----- ------- --- --------- ------ --- ---- -- --- -------</div>"," ","html-keyboard-response","419","212049","0.0-419.0","5d537c0cecc84200153075e9","6a04f72bb0f4a868caeeb473","6a05526634fbb9d50ec646a9","2bomnjjb","","","","spr_word","122","1b_2a","b","7","1b_2a-7","0","the","4","21","false","","",""
"194","<div class=""spr-display"">The busboy revealed how the busy -------- ---- --- -------- ---- ----- ------- --- --------- ------ --- ---- -- --- -------</div>"," ","html-keyboard-response","420","212244","0.0-420.0","5d537c0cecc84200153075e9","6a04f72bb0f4a868caeeb473","6a05526634fbb9d50ec646a9","2bomnjjb","","","","spr_word","122","1b_2a","b","7","1b_2a-7","0","busy","5","21","false","","",""
"186","<div class=""spr-display"">The busboy revealed how the busy waitress ---- --- -------- ---- ----- ------- --- --------- ------ --- ---- -- --- -------</div>"," ","html-keyboard-response","421","212431","0.0-421.0","5d537c0cecc84200153075e9","6a04f72bb0f4a868caeeb473","6a05526634fbb9d50ec646a9","2bomnjjb","","","","spr_word","122","1b_2a","b","7","1b_2a-7","0","waitress","6","21","false","","",""
"200","<div class=""spr-display"">The busboy revealed how the busy waitress that --- -------- ---- ----- ------- --- --------- ------ --- ---- -- --- -------</div>"," ","html-keyboard-response","422","212633","0.0-422.0","5d537c0cecc84200153075e9","6a04f72bb0f4a868caeeb473","6a05526634fbb9d50ec646a9","2bomnjjb","","","","spr_word","122","1b_2a","b","7","1b_2a-7","0","that","7","21","false","","",""
"191","<div class=""spr-display"">The busboy revealed how the busy waitress that the -------- ---- ----- ------- --- --------- ------ --- ---- -- --- -------</div>"," ","html-keyboard-response","423","212824","0.0-423.0","5d537c0cecc84200153075e9","6a04f72bb0f4a868caeeb473","6a05526634fbb9d50ec646a9","2bomnjjb","","","","spr_word","122","1b_2a","b","7","1b_2a-7","0","the","8","21","false","","",""
"199","<div class=""spr-display"">The busboy revealed how the busy waitress that the talented ---- ----- ------- --- --------- ------ --- ---- -- --- -------</div>"," ","html-keyboard-response","424","213024","0.0-424.0","5d537c0cecc84200153075e9","6a04f72bb0f4a868caeeb473","6a05526634fbb9d50ec646a9","2bomnjjb","","","","spr_word","122","1b_2a","b","7","1b_2a-7","0","talented","9","21","false","","",""
"198","<div class=""spr-display"">The busboy revealed how the busy waitress that the talented cook ----- ------- --- --------- ------ --- ---- -- --- -------</div>"," ","html-keyboard-response","425","213223","0.0-425.0","5d537c0cecc84200153075e9","6a04f72bb0f4a868caeeb473","6a05526634fbb9d50ec646a9","2bomnjjb","","","","spr_word","122","1b_2a","b","7","1b_2a-7","0","cook","10","21","false","","",""
"190","<div class=""spr-display"">The busboy revealed how the busy waitress that the talented cook hated ------- --- --------- ------ --- ---- -- --- -------</div>"," ","html-keyboard-response","426","213414","0.0-426.0","5d537c0cecc84200153075e9","6a04f72bb0f4a868caeeb473","6a05526634fbb9d50ec646a9","2bomnjjb","","","","spr_word","122","1b_2a","b","7","1b_2a-7","0","hated","11","21","false","","",""
"228","<div class=""spr-display"">The busboy revealed how the busy waitress that the talented cook hated happily --- --------- ------ --- ---- -- --- -------</div>"," ","html-keyboard-response","427","213643","0.0-427.0","5d537c0cecc84200153075e9","6a04f72bb0f4a868caeeb473","6a05526634fbb9d50ec646a9","2bomnjjb","","","","spr_word","122","1b_2a","b","7","1b_2a-7","0","happily","12","21","false","","",""
"200","<div class=""spr-display"">The busboy revealed how the busy waitress that the talented cook hated happily and --------- ------ --- ---- -- --- -------</div>"," ","html-keyboard-response","428","213843","0.0-428.0","5d537c0cecc84200153075e9","6a04f72bb0f4a868caeeb473","6a05526634fbb9d50ec646a9","2bomnjjb","","","","spr_word","122","1b_2a","b","7","1b_2a-7","0","and","13","21","false","","",""
"222","<div class=""spr-display"">The busboy revealed how the busy waitress that the talented cook hated happily and leisurely ------ --- ---- -- --- -------</div>"," ","html-keyboard-response","429","214066","0.0-429.0","5d537c0cecc84200153075e9","6a04f72bb0f4a868caeeb473","6a05526634fbb9d50ec646a9","2bomnjjb","","","","spr_word","122","1b_2a","b","7","1b_2a-7","0","leisurely","14","21","false","","",""
"185","<div class=""spr-display"">The busboy revealed how the busy waitress that the talented cook hated happily and leisurely served --- ---- -- --- -------</div>"," ","html-keyboard-response","430","214251","0.0-430.0","5d537c0cecc84200153075e9","6a04f72bb0f4a868caeeb473","6a05526634fbb9d50ec646a9","2bomnjjb","","","","spr_word","122","1b_2a","b","7","1b_2a-7","0","served","15","21","false","","",""
"214","<div class=""spr-display"">The busboy revealed how the busy waitress that the talented cook hated happily and leisurely served the ---- -- --- -------</div>"," ","html-keyboard-response","431","214466","0.0-431.0","5d537c0cecc84200153075e9","6a04f72bb0f4a868caeeb473","6a05526634fbb9d50ec646a9","2bomnjjb","","","","spr_word","122","1b_2a","b","7","1b_2a-7","0","the","16","21","false","","",""
"201","<div class=""spr-display"">The busboy revealed how the busy waitress that the talented cook hated happily and leisurely served the meal -- --- -------</div>"," ","html-keyboard-response","432","214668","0.0-432.0","5d537c0cecc84200153075e9","6a04f72bb0f4a868caeeb473","6a05526634fbb9d50ec646a9","2bomnjjb","","","","spr_word","122","1b_2a","b","7","1b_2a-7","0","meal","17","21","false","","",""
"202","<div class=""spr-display"">The busboy revealed how the busy waitress that the talented cook hated happily and leisurely served the meal to --- -------</div>"," ","html-keyboard-response","433","214871","0.0-433.0","5d537c0cecc84200153075e9","6a04f72bb0f4a868caeeb473","6a05526634fbb9d50ec646a9","2bomnjjb","","","","spr_word","122","1b_2a","b","7","1b_2a-7","0","to","18","21","false","","",""
"195","<div class=""spr-display"">The busboy revealed how the busy waitress that the talented cook hated happily and leisurely served the meal to the -------</div>"," ","html-keyboard-response","434","215067","0.0-434.0","5d537c0cecc84200153075e9","6a04f72bb0f4a868caeeb473","6a05526634fbb9d50ec646a9","2bomnjjb","","","","spr_word","122","1b_2a","b","7","1b_2a-7","0","the","19","21","false","","",""
"198","<div class=""spr-display"">The busboy revealed how the busy waitress that the talented cook hated happily and leisurely served the meal to the family.</div>"," ","html-keyboard-response","435","215265","0.0-435.0","5d537c0cecc84200153075e9","6a04f72bb0f4a868caeeb473","6a05526634fbb9d50ec646a9","2bomnjjb","","","","spr_word","122","1b_2a","b","7","1b_2a-7","0","family.","20","21","false","","",""
"627","<div class=""comprehension-box"">
                    <p>undefined</p>
                    <p>Press <span class=""key-label"">F</span> for <strong>Yes</strong> &nbsp;|&nbsp;
                    Press <span class=""key-label"">J</span> for <strong>No</strong></p>
                </div>","j","html-keyboard-response","436","215893","0.0-436.0","5d537c0cecc84200153075e9","6a04f72bb0f4a868caeeb473","6a05526634fbb9d50ec646a9","2bomnjjb","","","","comprehension","122","1b_2a","b","7","1b_2a-7","0","","","","","","No","false"
"689","<div class=""comprehension-box"">
                    <p class=""feedback-incorrect"">Incorrect</p>
                    <p style=""font-size:18px;"">The correct answer was <strong>No</strong>.</p>
                    <p style=""margin-top:20px; font-size:16px; color:#555;"">
                    Press <span class=""key-label"">SPACE</span> to continue.
                    </p>
                </div>"," ","html-keyboard-response","437","216583","0.0-437.0","5d537c0cecc84200153075e9","6a04f72bb0f4a868caeeb473","6a05526634fbb9d50ec646a9","2bomnjjb","","","","feedback","122","1b_2a","b","7","1b_2a-7","0","","","","","","",""
"null","<span class=""fixation"">+</span>","null","html-keyboard-response","438","217089","0.0-438.0","5d537c0cecc84200153075e9","6a04f72bb0f4a868caeeb473","6a05526634fbb9d50ec646a9","2bomnjjb","","","","fixation","103","1b_2a","c","2","1b_2a-2","0","","","","","","",""
"117","<div class=""spr-display"">--- ------- ------- ---- --- ----- ----- ---- --- ------- ------- ------- --------- --- ------------- ---- ---- --------- -- --- ------------"," ","html-keyboard-response","439","217208","0.0-439.0","5d537c0cecc84200153075e9","6a04f72bb0f4a868caeeb473","6a05526634fbb9d50ec646a9","2bomnjjb","","","","prompt","103","1b_2a","c","2","1b_2a-2","0","","","","","","",""
"205","<div class=""spr-display"">The ------- ------- ---- --- ----- ----- ---- --- ------- ------- ------- --------- --- ------------- ---- ---- --------- -- --- ------------</div>"," ","html-keyboard-response","440","217414","0.0-440.0","5d537c0cecc84200153075e9","6a04f72bb0f4a868caeeb473","6a05526634fbb9d50ec646a9","2bomnjjb","","","","spr_word","103","1b_2a","c","2","1b_2a-2","0","The","0","21","false","","",""
"202","<div class=""spr-display"">The student ------- ---- --- ----- ----- ---- --- ------- ------- ------- --------- --- ------------- ---- ---- --------- -- --- ------------</div>"," ","html-keyboard-response","441","217617","0.0-441.0","5d537c0cecc84200153075e9","6a04f72bb0f4a868caeeb473","6a05526634fbb9d50ec646a9","2bomnjjb","","","","spr_word","103","1b_2a","c","2","1b_2a-2","0","student","1","21","false","","",""
"198","<div class=""spr-display"">The student noticed ---- --- ----- ----- ---- --- ------- ------- ------- --------- --- ------------- ---- ---- --------- -- --- ------------</div>"," ","html-keyboard-response","442","217816","0.0-442.0","5d537c0cecc84200153075e9","6a04f72bb0f4a868caeeb473","6a05526634fbb9d50ec646a9","2bomnjjb","","","","spr_word","103","1b_2a","c","2","1b_2a-2","0","noticed","2","21","false","","",""
"197","<div class=""spr-display"">The student noticed that --- ----- ----- ---- --- ------- ------- ------- --------- --- ------------- ---- ---- --------- -- --- ------------</div>"," ","html-keyboard-response","443","218014","0.0-443.0","5d537c0cecc84200153075e9","6a04f72bb0f4a868caeeb473","6a05526634fbb9d50ec646a9","2bomnjjb","","","","spr_word","103","1b_2a","c","2","1b_2a-2","0","that","3","21","false","","",""
"201","<div class=""spr-display"">The student noticed that the ----- ----- ---- --- ------- ------- ------- --------- --- ------------- ---- ---- --------- -- --- ------------</div>"," ","html-keyboard-response","444","218215","0.0-444.0","5d537c0cecc84200153075e9","6a04f72bb0f4a868caeeb473","6a05526634fbb9d50ec646a9","2bomnjjb","","","","spr_word","103","1b_2a","c","2","1b_2a-2","0","the","4","21","false","","",""
"201","<div class=""spr-display"">The student noticed that the tough ----- ---- --- ------- ------- ------- --------- --- ------------- ---- ---- --------- -- --- ------------</div>"," ","html-keyboard-response","445","218417","0.0-445.0","5d537c0cecc84200153075e9","6a04f72bb0f4a868caeeb473","6a05526634fbb9d50ec646a9","2bomnjjb","","","","spr_word","103","1b_2a","c","2","1b_2a-2","0","tough","5","21","false","","",""
"211","<div class=""spr-display"">The student noticed that the tough coach ---- --- ------- ------- ------- --------- --- ------------- ---- ---- --------- -- --- ------------</div>"," ","html-keyboard-response","446","218629","0.0-446.0","5d537c0cecc84200153075e9","6a04f72bb0f4a868caeeb473","6a05526634fbb9d50ec646a9","2bomnjjb","","","","spr_word","103","1b_2a","c","2","1b_2a-2","0","coach","6","21","false","","",""
"201","<div class=""spr-display"">The student noticed that the tough coach that --- ------- ------- ------- --------- --- ------------- ---- ---- --------- -- --- ------------</div>"," ","html-keyboard-response","447","218831","0.0-447.0","5d537c0cecc84200153075e9","6a04f72bb0f4a868caeeb473","6a05526634fbb9d50ec646a9","2bomnjjb","","","","spr_word","103","1b_2a","c","2","1b_2a-2","0","that","7","21","false","","",""
"206","<div class=""spr-display"">The student noticed that the tough coach that the ------- ------- ------- --------- --- ------------- ---- ---- --------- -- --- ------------</div>"," ","html-keyboard-response","448","219038","0.0-448.0","5d537c0cecc84200153075e9","6a04f72bb0f4a868caeeb473","6a05526634fbb9d50ec646a9","2bomnjjb","","","","spr_word","103","1b_2a","c","2","1b_2a-2","0","the","8","21","false","","",""
"201","<div class=""spr-display"">The student noticed that the tough coach that the popular ------- ------- --------- --- ------------- ---- ---- --------- -- --- ------------</div>"," ","html-keyboard-response","449","219240","0.0-449.0","5d537c0cecc84200153075e9","6a04f72bb0f4a868caeeb473","6a05526634fbb9d50ec646a9","2bomnjjb","","","","spr_word","103","1b_2a","c","2","1b_2a-2","0","popular","9","21","false","","",""
"199","<div class=""spr-display"">The student noticed that the tough coach that the popular athlete ------- --------- --- ------------- ---- ---- --------- -- --- ------------</div>"," ","html-keyboard-response","450","219440","0.0-450.0","5d537c0cecc84200153075e9","6a04f72bb0f4a868caeeb473","6a05526634fbb9d50ec646a9","2bomnjjb","","","","spr_word","103","1b_2a","c","2","1b_2a-2","0","athlete","10","21","false","","",""
"214","<div class=""spr-display"">The student noticed that the tough coach that the popular athlete admired --------- --- ------------- ---- ---- --------- -- --- ------------</div>"," ","html-keyboard-response","451","219655","0.0-451.0","5d537c0cecc84200153075e9","6a04f72bb0f4a868caeeb473","6a05526634fbb9d50ec646a9","2bomnjjb","","","","spr_word","103","1b_2a","c","2","1b_2a-2","0","admired","11","21","false","","",""
"204","<div class=""spr-display"">The student noticed that the tough coach that the popular athlete admired obviously --- ------------- ---- ---- --------- -- --- ------------</div>"," ","html-keyboard-response","452","219859","0.0-452.0","5d537c0cecc84200153075e9","6a04f72bb0f4a868caeeb473","6a05526634fbb9d50ec646a9","2bomnjjb","","","","spr_word","103","1b_2a","c","2","1b_2a-2","0","obviously","12","21","false","","",""
"207","<div class=""spr-display"">The student noticed that the tough coach that the popular athlete admired obviously and ------------- ---- ---- --------- -- --- ------------</div>"," ","html-keyboard-response","453","220067","0.0-453.0","5d537c0cecc84200153075e9","6a04f72bb0f4a868caeeb473","6a05526634fbb9d50ec646a9","2bomnjjb","","","","spr_word","103","1b_2a","c","2","1b_2a-2","0","and","13","21","false","","",""
"194","<div class=""spr-display"">The student noticed that the tough coach that the popular athlete admired obviously and unnecessarily ---- ---- --------- -- --- ------------</div>"," ","html-keyboard-response","454","220262","0.0-454.0","5d537c0cecc84200153075e9","6a04f72bb0f4a868caeeb473","6a05526634fbb9d50ec646a9","2bomnjjb","","","","spr_word","103","1b_2a","c","2","1b_2a-2","0","unnecessarily","14","21","false","","",""
"207","<div class=""spr-display"">The student noticed that the tough coach that the popular athlete admired obviously and unnecessarily paid ---- --------- -- --- ------------</div>"," ","html-keyboard-response","455","220470","0.0-455.0","5d537c0cecc84200153075e9","6a04f72bb0f4a868caeeb473","6a05526634fbb9d50ec646a9","2bomnjjb","","","","spr_word","103","1b_2a","c","2","1b_2a-2","0","paid","15","21","false","","",""
"205","<div class=""spr-display"">The student noticed that the tough coach that the popular athlete admired obviously and unnecessarily paid more --------- -- --- ------------</div>"," ","html-keyboard-response","456","220676","0.0-456.0","5d537c0cecc84200153075e9","6a04f72bb0f4a868caeeb473","6a05526634fbb9d50ec646a9","2bomnjjb","","","","spr_word","103","1b_2a","c","2","1b_2a-2","0","more","16","21","false","","",""
"209","<div class=""spr-display"">The student noticed that the tough coach that the popular athlete admired obviously and unnecessarily paid more attention -- --- ------------</div>"," ","html-keyboard-response","457","220886","0.0-457.0","5d537c0cecc84200153075e9","6a04f72bb0f4a868caeeb473","6a05526634fbb9d50ec646a9","2bomnjjb","","","","spr_word","103","1b_2a","c","2","1b_2a-2","0","attention","17","21","false","","",""
"201","<div class=""spr-display"">The student noticed that the tough coach that the popular athlete admired obviously and unnecessarily paid more attention to --- ------------</div>"," ","html-keyboard-response","458","221088","0.0-458.0","5d537c0cecc84200153075e9","6a04f72bb0f4a868caeeb473","6a05526634fbb9d50ec646a9","2bomnjjb","","","","spr_word","103","1b_2a","c","2","1b_2a-2","0","to","18","21","false","","",""
"206","<div class=""spr-display"">The student noticed that the tough coach that the popular athlete admired obviously and unnecessarily paid more attention to the ------------</div>"," ","html-keyboard-response","459","221295","0.0-459.0","5d537c0cecc84200153075e9","6a04f72bb0f4a868caeeb473","6a05526634fbb9d50ec646a9","2bomnjjb","","","","spr_word","103","1b_2a","c","2","1b_2a-2","0","the","19","21","false","","",""
"240","<div class=""spr-display"">The student noticed that the tough coach that the popular athlete admired obviously and unnecessarily paid more attention to the quarterback.</div>"," ","html-keyboard-response","460","221535","0.0-460.0","5d537c0cecc84200153075e9","6a04f72bb0f4a868caeeb473","6a05526634fbb9d50ec646a9","2bomnjjb","","","","spr_word","103","1b_2a","c","2","1b_2a-2","0","quarterback.","20","21","false","","",""
"591","<div class=""comprehension-box"">
                    <p>undefined</p>
                    <p>Press <span class=""key-label"">F</span> for <strong>Yes</strong> &nbsp;|&nbsp;
                    Press <span class=""key-label"">J</span> for <strong>No</strong></p>
                </div>","j","html-keyboard-response","461","222128","0.0-461.0","5d537c0cecc84200153075e9","6a04f72bb0f4a868caeeb473","6a05526634fbb9d50ec646a9","2bomnjjb","","","","comprehension","103","1b_2a","c","2","1b_2a-2","0","","","","","","No","false"
"622","<div class=""comprehension-box"">
                    <p class=""feedback-incorrect"">Incorrect</p>
                    <p style=""font-size:18px;"">The correct answer was <strong>No</strong>.</p>
                    <p style=""margin-top:20px; font-size:16px; color:#555;"">
                    Press <span class=""key-label"">SPACE</span> to continue.
                    </p>
                </div>"," ","html-keyboard-response","462","222750","0.0-462.0","5d537c0cecc84200153075e9","6a04f72bb0f4a868caeeb473","6a05526634fbb9d50ec646a9","2bomnjjb","","","","feedback","103","1b_2a","c","2","1b_2a-2","0","","","","","","",""
"null","<span class=""fixation"">+</span>","null","html-keyboard-response","463","223253","0.0-463.0","5d537c0cecc84200153075e9","6a04f72bb0f4a868caeeb473","6a05526634fbb9d50ec646a9","2bomnjjb","","","","fixation","100","1b_2a","d","1","1b_2a-1","0","","","","","","",""
"192","<div class=""spr-display"">--- ---- ------- --- --- -------- ------- ---- --- --------- ---- -------- ---------- --- ------- ---- --- ----- -- --- --------"," ","html-keyboard-response","464","223446","0.0-464.0","5d537c0cecc84200153075e9","6a04f72bb0f4a868caeeb473","6a05526634fbb9d50ec646a9","2bomnjjb","","","","prompt","100","1b_2a","d","1","1b_2a-1","0","","","","","","",""
"242","<div class=""spr-display"">The ---- ------- --- --- -------- ------- ---- --- --------- ---- -------- ---------- --- ------- ---- --- ----- -- --- --------</div>"," ","html-keyboard-response","465","223688","0.0-465.0","5d537c0cecc84200153075e9","6a04f72bb0f4a868caeeb473","6a05526634fbb9d50ec646a9","2bomnjjb","","","","spr_word","100","1b_2a","d","1","1b_2a-1","0","The","0","21","false","","",""
"206","<div class=""spr-display"">The aide ------- --- --- -------- ------- ---- --- --------- ---- -------- ---------- --- ------- ---- --- ----- -- --- --------</div>"," ","html-keyboard-response","466","223895","0.0-466.0","5d537c0cecc84200153075e9","6a04f72bb0f4a868caeeb473","6a05526634fbb9d50ec646a9","2bomnjjb","","","","spr_word","100","1b_2a","d","1","1b_2a-1","0","aide","1","21","false","","",""
"222","<div class=""spr-display"">The aide noticed --- --- -------- ------- ---- --- --------- ---- -------- ---------- --- ------- ---- --- ----- -- --- --------</div>"," ","html-keyboard-response","467","224118","0.0-467.0","5d537c0cecc84200153075e9","6a04f72bb0f4a868caeeb473","6a05526634fbb9d50ec646a9","2bomnjjb","","","","spr_word","100","1b_2a","d","1","1b_2a-1","0","noticed","2","21","false","","",""
"211","<div class=""spr-display"">The aide noticed why --- -------- ------- ---- --- --------- ---- -------- ---------- --- ------- ---- --- ----- -- --- --------</div>"," ","html-keyboard-response","468","224330","0.0-468.0","5d537c0cecc84200153075e9","6a04f72bb0f4a868caeeb473","6a05526634fbb9d50ec646a9","2bomnjjb","","","","spr_word","100","1b_2a","d","1","1b_2a-1","0","why","3","21","false","","",""
"220","<div class=""spr-display"">The aide noticed why the -------- ------- ---- --- --------- ---- -------- ---------- --- ------- ---- --- ----- -- --- --------</div>"," ","html-keyboard-response","469","224551","0.0-469.0","5d537c0cecc84200153075e9","6a04f72bb0f4a868caeeb473","6a05526634fbb9d50ec646a9","2bomnjjb","","","","spr_word","100","1b_2a","d","1","1b_2a-1","0","the","4","21","false","","",""
"232","<div class=""spr-display"">The aide noticed why the generous ------- ---- --- --------- ---- -------- ---------- --- ------- ---- --- ----- -- --- --------</div>"," ","html-keyboard-response","470","224784","0.0-470.0","5d537c0cecc84200153075e9","6a04f72bb0f4a868caeeb473","6a05526634fbb9d50ec646a9","2bomnjjb","","","","spr_word","100","1b_2a","d","1","1b_2a-1","0","generous","5","21","false","","",""
"221","<div class=""spr-display"">The aide noticed why the generous teacher ---- --- --------- ---- -------- ---------- --- ------- ---- --- ----- -- --- --------</div>"," ","html-keyboard-response","471","225006","0.0-471.0","5d537c0cecc84200153075e9","6a04f72bb0f4a868caeeb473","6a05526634fbb9d50ec646a9","2bomnjjb","","","","spr_word","100","1b_2a","d","1","1b_2a-1","0","teacher","6","21","false","","",""
"182","<div class=""spr-display"">The aide noticed why the generous teacher that --- --------- ---- -------- ---------- --- ------- ---- --- ----- -- --- --------</div>"," ","html-keyboard-response","472","225189","0.0-472.0","5d537c0cecc84200153075e9","6a04f72bb0f4a868caeeb473","6a05526634fbb9d50ec646a9","2bomnjjb","","","","spr_word","100","1b_2a","d","1","1b_2a-1","0","that","7","21","false","","",""
"215","<div class=""spr-display"">The aide noticed why the generous teacher that the --------- ---- -------- ---------- --- ------- ---- --- ----- -- --- --------</div>"," ","html-keyboard-response","473","225405","0.0-473.0","5d537c0cecc84200153075e9","6a04f72bb0f4a868caeeb473","6a05526634fbb9d50ec646a9","2bomnjjb","","","","spr_word","100","1b_2a","d","1","1b_2a-1","0","the","8","21","false","","",""
"208","<div class=""spr-display"">The aide noticed why the generous teacher that the exemplary ---- -------- ---------- --- ------- ---- --- ----- -- --- --------</div>"," ","html-keyboard-response","474","225614","0.0-474.0","5d537c0cecc84200153075e9","6a04f72bb0f4a868caeeb473","6a05526634fbb9d50ec646a9","2bomnjjb","","","","spr_word","100","1b_2a","d","1","1b_2a-1","0","exemplary","9","21","false","","",""
"215","<div class=""spr-display"">The aide noticed why the generous teacher that the exemplary dean -------- ---------- --- ------- ---- --- ----- -- --- --------</div>"," ","html-keyboard-response","475","225829","0.0-475.0","5d537c0cecc84200153075e9","6a04f72bb0f4a868caeeb473","6a05526634fbb9d50ec646a9","2bomnjjb","","","","spr_word","100","1b_2a","d","1","1b_2a-1","0","dean","10","21","false","","",""
"230","<div class=""spr-display"">The aide noticed why the generous teacher that the exemplary dean employed ---------- --- ------- ---- --- ----- -- --- --------</div>"," ","html-keyboard-response","476","226060","0.0-476.0","5d537c0cecc84200153075e9","6a04f72bb0f4a868caeeb473","6a05526634fbb9d50ec646a9","2bomnjjb","","","","spr_word","100","1b_2a","d","1","1b_2a-1","0","employed","11","21","false","","",""
"196","<div class=""spr-display"">The aide noticed why the generous teacher that the exemplary dean employed graciously --- ------- ---- --- ----- -- --- --------</div>"," ","html-keyboard-response","477","226258","0.0-477.0","5d537c0cecc84200153075e9","6a04f72bb0f4a868caeeb473","6a05526634fbb9d50ec646a9","2bomnjjb","","","","spr_word","100","1b_2a","d","1","1b_2a-1","0","graciously","12","21","false","","",""
"219","<div class=""spr-display"">The aide noticed why the generous teacher that the exemplary dean employed graciously and ------- ---- --- ----- -- --- --------</div>"," ","html-keyboard-response","478","226478","0.0-478.0","5d537c0cecc84200153075e9","6a04f72bb0f4a868caeeb473","6a05526634fbb9d50ec646a9","2bomnjjb","","","","spr_word","100","1b_2a","d","1","1b_2a-1","0","and","13","21","false","","",""
"217","<div class=""spr-display"">The aide noticed why the generous teacher that the exemplary dean employed graciously and happily ---- --- ----- -- --- --------</div>"," ","html-keyboard-response","479","226695","0.0-479.0","5d537c0cecc84200153075e9","6a04f72bb0f4a868caeeb473","6a05526634fbb9d50ec646a9","2bomnjjb","","","","spr_word","100","1b_2a","d","1","1b_2a-1","0","happily","14","21","false","","",""
"216","<div class=""spr-display"">The aide noticed why the generous teacher that the exemplary dean employed graciously and happily gave --- ----- -- --- --------</div>"," ","html-keyboard-response","480","226913","0.0-480.0","5d537c0cecc84200153075e9","6a04f72bb0f4a868caeeb473","6a05526634fbb9d50ec646a9","2bomnjjb","","","","spr_word","100","1b_2a","d","1","1b_2a-1","0","gave","15","21","false","","",""
"200","<div class=""spr-display"">The aide noticed why the generous teacher that the exemplary dean employed graciously and happily gave the ----- -- --- --------</div>"," ","html-keyboard-response","481","227113","0.0-481.0","5d537c0cecc84200153075e9","6a04f72bb0f4a868caeeb473","6a05526634fbb9d50ec646a9","2bomnjjb","","","","spr_word","100","1b_2a","d","1","1b_2a-1","0","the","16","21","false","","",""
"207","<div class=""spr-display"">The aide noticed why the generous teacher that the exemplary dean employed graciously and happily gave the prize -- --- --------</div>"," ","html-keyboard-response","482","227321","0.0-482.0","5d537c0cecc84200153075e9","6a04f72bb0f4a868caeeb473","6a05526634fbb9d50ec646a9","2bomnjjb","","","","spr_word","100","1b_2a","d","1","1b_2a-1","0","prize","17","21","false","","",""
"218","<div class=""spr-display"">The aide noticed why the generous teacher that the exemplary dean employed graciously and happily gave the prize to --- --------</div>"," ","html-keyboard-response","483","227540","0.0-483.0","5d537c0cecc84200153075e9","6a04f72bb0f4a868caeeb473","6a05526634fbb9d50ec646a9","2bomnjjb","","","","spr_word","100","1b_2a","d","1","1b_2a-1","0","to","18","21","false","","",""
"190","<div class=""spr-display"">The aide noticed why the generous teacher that the exemplary dean employed graciously and happily gave the prize to the --------</div>"," ","html-keyboard-response","484","227730","0.0-484.0","5d537c0cecc84200153075e9","6a04f72bb0f4a868caeeb473","6a05526634fbb9d50ec646a9","2bomnjjb","","","","spr_word","100","1b_2a","d","1","1b_2a-1","0","the","19","21","false","","",""
"209","<div class=""spr-display"">The aide noticed why the generous teacher that the exemplary dean employed graciously and happily gave the prize to the student.</div>"," ","html-keyboard-response","485","227940","0.0-485.0","5d537c0cecc84200153075e9","6a04f72bb0f4a868caeeb473","6a05526634fbb9d50ec646a9","2bomnjjb","","","","spr_word","100","1b_2a","d","1","1b_2a-1","0","student.","20","21","false","","",""
"595","<div class=""comprehension-box"">
                    <p>undefined</p>
                    <p>Press <span class=""key-label"">F</span> for <strong>Yes</strong> &nbsp;|&nbsp;
                    Press <span class=""key-label"">J</span> for <strong>No</strong></p>
                </div>","f","html-keyboard-response","486","228536","0.0-486.0","5d537c0cecc84200153075e9","6a04f72bb0f4a868caeeb473","6a05526634fbb9d50ec646a9","2bomnjjb","","","","comprehension","100","1b_2a","d","1","1b_2a-1","0","","","","","","Yes","false"
"647","<div class=""comprehension-box"">
                    <p class=""feedback-incorrect"">Incorrect</p>
                    <p style=""font-size:18px;"">The correct answer was <strong>No</strong>.</p>
                    <p style=""margin-top:20px; font-size:16px; color:#555;"">
                    Press <span class=""key-label"">SPACE</span> to continue.
                    </p>
                </div>"," ","html-keyboard-response","487","229184","0.0-487.0","5d537c0cecc84200153075e9","6a04f72bb0f4a868caeeb473","6a05526634fbb9d50ec646a9","2bomnjjb","","","","feedback","100","1b_2a","d","1","1b_2a-1","0","","","","","","",""
"null","<span class=""fixation"">+</span>","null","html-keyboard-response","488","229694","0.0-488.0","5d537c0cecc84200153075e9","6a04f72bb0f4a868caeeb473","6a05526634fbb9d50ec646a9","2bomnjjb","","","","fixation","150","1b_2a","b","14","1b_2a-14","0","","","","","","",""
"116","<div class=""spr-display"">--- ------ --------- --- --- ---------- ------- ---- --- ------ ----------- ------ ------------- --- --------- ------- -- ------- ---- --- -----------"," ","html-keyboard-response","489","229811","0.0-489.0","5d537c0cecc84200153075e9","6a04f72bb0f4a868caeeb473","6a05526634fbb9d50ec646a9","2bomnjjb","","","","prompt","150","1b_2a","b","14","1b_2a-14","0","","","","","","",""
"211","<div class=""spr-display"">The ------ --------- --- --- ---------- ------- ---- --- ------ ----------- ------ ------------- --- --------- ------- -- ------- ---- --- -----------</div>"," ","html-keyboard-response","490","230023","0.0-490.0","5d537c0cecc84200153075e9","6a04f72bb0f4a868caeeb473","6a05526634fbb9d50ec646a9","2bomnjjb","","","","spr_word","150","1b_2a","b","14","1b_2a-14","0","The","0","21","false","","",""
"201","<div class=""spr-display"">The farmer --------- --- --- ---------- ------- ---- --- ------ ----------- ------ ------------- --- --------- ------- -- ------- ---- --- -----------</div>"," ","html-keyboard-response","491","230225","0.0-491.0","5d537c0cecc84200153075e9","6a04f72bb0f4a868caeeb473","6a05526634fbb9d50ec646a9","2bomnjjb","","","","spr_word","150","1b_2a","b","14","1b_2a-14","0","farmer","1","21","false","","",""
"211","<div class=""spr-display"">The farmer disclosed --- --- ---------- ------- ---- --- ------ ----------- ------ ------------- --- --------- ------- -- ------- ---- --- -----------</div>"," ","html-keyboard-response","492","230437","0.0-492.0","5d537c0cecc84200153075e9","6a04f72bb0f4a868caeeb473","6a05526634fbb9d50ec646a9","2bomnjjb","","","","spr_word","150","1b_2a","b","14","1b_2a-14","0","disclosed","2","21","false","","",""
"202","<div class=""spr-display"">The farmer disclosed how --- ---------- ------- ---- --- ------ ----------- ------ ------------- --- --------- ------- -- ------- ---- --- -----------</div>"," ","html-keyboard-response","493","230639","0.0-493.0","5d537c0cecc84200153075e9","6a04f72bb0f4a868caeeb473","6a05526634fbb9d50ec646a9","2bomnjjb","","","","spr_word","150","1b_2a","b","14","1b_2a-14","0","how","3","21","false","","",""
"200","<div class=""spr-display"">The farmer disclosed how the ---------- ------- ---- --- ------ ----------- ------ ------------- --- --------- ------- -- ------- ---- --- -----------</div>"," ","html-keyboard-response","494","230840","0.0-494.0","5d537c0cecc84200153075e9","6a04f72bb0f4a868caeeb473","6a05526634fbb9d50ec646a9","2bomnjjb","","","","spr_word","150","1b_2a","b","14","1b_2a-14","0","the","4","21","false","","",""
"200","<div class=""spr-display"">The farmer disclosed how the passionate ------- ---- --- ------ ----------- ------ ------------- --- --------- ------- -- ------- ---- --- -----------</div>"," ","html-keyboard-response","495","231041","0.0-495.0","5d537c0cecc84200153075e9","6a04f72bb0f4a868caeeb473","6a05526634fbb9d50ec646a9","2bomnjjb","","","","spr_word","150","1b_2a","b","14","1b_2a-14","0","passionate","5","21","false","","",""
"211","<div class=""spr-display"">The farmer disclosed how the passionate rancher ---- --- ------ ----------- ------ ------------- --- --------- ------- -- ------- ---- --- -----------</div>"," ","html-keyboard-response","496","231254","0.0-496.0","5d537c0cecc84200153075e9","6a04f72bb0f4a868caeeb473","6a05526634fbb9d50ec646a9","2bomnjjb","","","","spr_word","150","1b_2a","b","14","1b_2a-14","0","rancher","6","21","false","","",""
"203","<div class=""spr-display"">The farmer disclosed how the passionate rancher that --- ------ ----------- ------ ------------- --- --------- ------- -- ------- ---- --- -----------</div>"," ","html-keyboard-response","497","231458","0.0-497.0","5d537c0cecc84200153075e9","6a04f72bb0f4a868caeeb473","6a05526634fbb9d50ec646a9","2bomnjjb","","","","spr_word","150","1b_2a","b","14","1b_2a-14","0","that","7","21","false","","",""
"201","<div class=""spr-display"">The farmer disclosed how the passionate rancher that the ------ ----------- ------ ------------- --- --------- ------- -- ------- ---- --- -----------</div>"," ","html-keyboard-response","498","231659","0.0-498.0","5d537c0cecc84200153075e9","6a04f72bb0f4a868caeeb473","6a05526634fbb9d50ec646a9","2bomnjjb","","","","spr_word","150","1b_2a","b","14","1b_2a-14","0","the","8","21","false","","",""
"200","<div class=""spr-display"">The farmer disclosed how the passionate rancher that the boring ----------- ------ ------------- --- --------- ------- -- ------- ---- --- -----------</div>"," ","html-keyboard-response","499","231861","0.0-499.0","5d537c0cecc84200153075e9","6a04f72bb0f4a868caeeb473","6a05526634fbb9d50ec646a9","2bomnjjb","","","","spr_word","150","1b_2a","b","14","1b_2a-14","0","boring","9","21","false","","",""
"211","<div class=""spr-display"">The farmer disclosed how the passionate rancher that the boring businessman ------ ------------- --- --------- ------- -- ------- ---- --- -----------</div>"," ","html-keyboard-response","500","232073","0.0-500.0","5d537c0cecc84200153075e9","6a04f72bb0f4a868caeeb473","6a05526634fbb9d50ec646a9","2bomnjjb","","","","spr_word","150","1b_2a","b","14","1b_2a-14","0","businessman","10","21","false","","",""
"218","<div class=""spr-display"">The farmer disclosed how the passionate rancher that the boring businessman judged ------------- --- --------- ------- -- ------- ---- --- -----------</div>"," ","html-keyboard-response","501","232292","0.0-501.0","5d537c0cecc84200153075e9","6a04f72bb0f4a868caeeb473","6a05526634fbb9d50ec646a9","2bomnjjb","","","","spr_word","150","1b_2a","b","14","1b_2a-14","0","judged","11","21","false","","",""
"214","<div class=""spr-display"">The farmer disclosed how the passionate rancher that the boring businessman judged unnecessarily --- --------- ------- -- ------- ---- --- -----------</div>"," ","html-keyboard-response","502","232506","0.0-502.0","5d537c0cecc84200153075e9","6a04f72bb0f4a868caeeb473","6a05526634fbb9d50ec646a9","2bomnjjb","","","","spr_word","150","1b_2a","b","14","1b_2a-14","0","unnecessarily","12","21","false","","",""
"216","<div class=""spr-display"">The farmer disclosed how the passionate rancher that the boring businessman judged unnecessarily and --------- ------- -- ------- ---- --- -----------</div>"," ","html-keyboard-response","503","232723","0.0-503.0","5d537c0cecc84200153075e9","6a04f72bb0f4a868caeeb473","6a05526634fbb9d50ec646a9","2bomnjjb","","","","spr_word","150","1b_2a","b","14","1b_2a-14","0","and","13","21","false","","",""
"221","<div class=""spr-display"">The farmer disclosed how the passionate rancher that the boring businessman judged unnecessarily and intensely ------- -- ------- ---- --- -----------</div>"," ","html-keyboard-response","504","232945","0.0-504.0","5d537c0cecc84200153075e9","6a04f72bb0f4a868caeeb473","6a05526634fbb9d50ec646a9","2bomnjjb","","","","spr_word","150","1b_2a","b","14","1b_2a-14","0","intensely","14","21","false","","",""
"216","<div class=""spr-display"">The farmer disclosed how the passionate rancher that the boring businessman judged unnecessarily and intensely studied -- ------- ---- --- -----------</div>"," ","html-keyboard-response","505","233162","0.0-505.0","5d537c0cecc84200153075e9","6a04f72bb0f4a868caeeb473","6a05526634fbb9d50ec646a9","2bomnjjb","","","","spr_word","150","1b_2a","b","14","1b_2a-14","0","studied","15","21","false","","",""
"223","<div class=""spr-display"">The farmer disclosed how the passionate rancher that the boring businessman judged unnecessarily and intensely studied in ------- ---- --- -----------</div>"," ","html-keyboard-response","506","233386","0.0-506.0","5d537c0cecc84200153075e9","6a04f72bb0f4a868caeeb473","6a05526634fbb9d50ec646a9","2bomnjjb","","","","spr_word","150","1b_2a","b","14","1b_2a-14","0","in","16","21","false","","",""
"223","<div class=""spr-display"">The farmer disclosed how the passionate rancher that the boring businessman judged unnecessarily and intensely studied in college ---- --- -----------</div>"," ","html-keyboard-response","507","233610","0.0-507.0","5d537c0cecc84200153075e9","6a04f72bb0f4a868caeeb473","6a05526634fbb9d50ec646a9","2bomnjjb","","","","spr_word","150","1b_2a","b","14","1b_2a-14","0","college","17","21","false","","",""
"205","<div class=""spr-display"">The farmer disclosed how the passionate rancher that the boring businessman judged unnecessarily and intensely studied in college with --- -----------</div>"," ","html-keyboard-response","508","233816","0.0-508.0","5d537c0cecc84200153075e9","6a04f72bb0f4a868caeeb473","6a05526634fbb9d50ec646a9","2bomnjjb","","","","spr_word","150","1b_2a","b","14","1b_2a-14","0","with","18","21","false","","",""
"227","<div class=""spr-display"">The farmer disclosed how the passionate rancher that the boring businessman judged unnecessarily and intensely studied in college with the -----------</div>"," ","html-keyboard-response","509","234044","0.0-509.0","5d537c0cecc84200153075e9","6a04f72bb0f4a868caeeb473","6a05526634fbb9d50ec646a9","2bomnjjb","","","","spr_word","150","1b_2a","b","14","1b_2a-14","0","the","19","21","false","","",""
"222","<div class=""spr-display"">The farmer disclosed how the passionate rancher that the boring businessman judged unnecessarily and intensely studied in college with the professors.</div>"," ","html-keyboard-response","510","234266","0.0-510.0","5d537c0cecc84200153075e9","6a04f72bb0f4a868caeeb473","6a05526634fbb9d50ec646a9","2bomnjjb","","","","spr_word","150","1b_2a","b","14","1b_2a-14","0","professors.","20","21","false","","",""
"700","<div class=""comprehension-box"">
                    <p>undefined</p>
                    <p>Press <span class=""key-label"">F</span> for <strong>Yes</strong> &nbsp;|&nbsp;
                    Press <span class=""key-label"">J</span> for <strong>No</strong></p>
                </div>","j","html-keyboard-response","511","234968","0.0-511.0","5d537c0cecc84200153075e9","6a04f72bb0f4a868caeeb473","6a05526634fbb9d50ec646a9","2bomnjjb","","","","comprehension","150","1b_2a","b","14","1b_2a-14","0","","","","","","No","false"
"9382","<div class=""comprehension-box"">
                    <p class=""feedback-incorrect"">Incorrect</p>
                    <p style=""font-size:18px;"">The correct answer was <strong>No</strong>.</p>
                    <p style=""margin-top:20px; font-size:16px; color:#555;"">
                    Press <span class=""key-label"">SPACE</span> to continue.
                    </p>
                </div>"," ","html-keyboard-response","512","244351","0.0-512.0","5d537c0cecc84200153075e9","6a04f72bb0f4a868caeeb473","6a05526634fbb9d50ec646a9","2bomnjjb","","","","feedback","150","1b_2a","b","14","1b_2a-14","0","","","","","","",""
"null","<span class=""fixation"">+</span>","null","html-keyboard-response","513","244854","0.0-513.0","5d537c0cecc84200153075e9","6a04f72bb0f4a868caeeb473","6a05526634fbb9d50ec646a9","2bomnjjb","","","","fixation","148","1b_2a","d","13","1b_2a-13","0","","","","","","",""
"468","<div class=""spr-display"">--- ------- --------- --- --- --------- ----- ---- --- --- ------ ----------- -------- --- ---------- -------- --- ---- -- --- --------"," ","html-keyboard-response","514","245322","0.0-514.0","5d537c0cecc84200153075e9","6a04f72bb0f4a868caeeb473","6a05526634fbb9d50ec646a9","2bomnjjb","","","","prompt","148","1b_2a","d","13","1b_2a-13","0","","","","","","",""
"205","<div class=""spr-display"">The ------- --------- --- --- --------- ----- ---- --- --- ------ ----------- -------- --- ---------- -------- --- ---- -- --- --------</div>"," ","html-keyboard-response","515","245528","0.0-515.0","5d537c0cecc84200153075e9","6a04f72bb0f4a868caeeb473","6a05526634fbb9d50ec646a9","2bomnjjb","","","","spr_word","148","1b_2a","d","13","1b_2a-13","0","The","0","21","false","","",""
"176","<div class=""spr-display"">The surgeon --------- --- --- --------- ----- ---- --- --- ------ ----------- -------- --- ---------- -------- --- ---- -- --- --------</div>"," ","html-keyboard-response","516","245705","0.0-516.0","5d537c0cecc84200153075e9","6a04f72bb0f4a868caeeb473","6a05526634fbb9d50ec646a9","2bomnjjb","","","","spr_word","148","1b_2a","d","13","1b_2a-13","0","surgeon","1","21","false","","",""
"195","<div class=""spr-display"">The surgeon disclosed --- --- --------- ----- ---- --- --- ------ ----------- -------- --- ---------- -------- --- ---- -- --- --------</div>"," ","html-keyboard-response","517","245901","0.0-517.0","5d537c0cecc84200153075e9","6a04f72bb0f4a868caeeb473","6a05526634fbb9d50ec646a9","2bomnjjb","","","","spr_word","148","1b_2a","d","13","1b_2a-13","0","disclosed","2","21","false","","",""
"181","<div class=""spr-display"">The surgeon disclosed why --- --------- ----- ---- --- --- ------ ----------- -------- --- ---------- -------- --- ---- -- --- --------</div>"," ","html-keyboard-response","518","246083","0.0-518.0","5d537c0cecc84200153075e9","6a04f72bb0f4a868caeeb473","6a05526634fbb9d50ec646a9","2bomnjjb","","","","spr_word","148","1b_2a","d","13","1b_2a-13","0","why","3","21","false","","",""
"183","<div class=""spr-display"">The surgeon disclosed why the --------- ----- ---- --- --- ------ ----------- -------- --- ---------- -------- --- ---- -- --- --------</div>"," ","html-keyboard-response","519","246267","0.0-519.0","5d537c0cecc84200153075e9","6a04f72bb0f4a868caeeb473","6a05526634fbb9d50ec646a9","2bomnjjb","","","","spr_word","148","1b_2a","d","13","1b_2a-13","0","the","4","21","false","","",""
"191","<div class=""spr-display"">The surgeon disclosed why the ambitious ----- ---- --- --- ------ ----------- -------- --- ---------- -------- --- ---- -- --- --------</div>"," ","html-keyboard-response","520","246459","0.0-520.0","5d537c0cecc84200153075e9","6a04f72bb0f4a868caeeb473","6a05526634fbb9d50ec646a9","2bomnjjb","","","","spr_word","148","1b_2a","d","13","1b_2a-13","0","ambitious","5","21","false","","",""
"191","<div class=""spr-display"">The surgeon disclosed why the ambitious nurse ---- --- --- ------ ----------- -------- --- ---------- -------- --- ---- -- --- --------</div>"," ","html-keyboard-response","521","246651","0.0-521.0","5d537c0cecc84200153075e9","6a04f72bb0f4a868caeeb473","6a05526634fbb9d50ec646a9","2bomnjjb","","","","spr_word","148","1b_2a","d","13","1b_2a-13","0","nurse","6","21","false","","",""
"179","<div class=""spr-display"">The surgeon disclosed why the ambitious nurse that --- --- ------ ----------- -------- --- ---------- -------- --- ---- -- --- --------</div>"," ","html-keyboard-response","522","246831","0.0-522.0","5d537c0cecc84200153075e9","6a04f72bb0f4a868caeeb473","6a05526634fbb9d50ec646a9","2bomnjjb","","","","spr_word","148","1b_2a","d","13","1b_2a-13","0","that","7","21","false","","",""
"172","<div class=""spr-display"">The surgeon disclosed why the ambitious nurse that the --- ------ ----------- -------- --- ---------- -------- --- ---- -- --- --------</div>"," ","html-keyboard-response","523","247003","0.0-523.0","5d537c0cecc84200153075e9","6a04f72bb0f4a868caeeb473","6a05526634fbb9d50ec646a9","2bomnjjb","","","","spr_word","148","1b_2a","d","13","1b_2a-13","0","the","8","21","false","","",""
"180","<div class=""spr-display"">The surgeon disclosed why the ambitious nurse that the old ------ ----------- -------- --- ---------- -------- --- ---- -- --- --------</div>"," ","html-keyboard-response","524","247184","0.0-524.0","5d537c0cecc84200153075e9","6a04f72bb0f4a868caeeb473","6a05526634fbb9d50ec646a9","2bomnjjb","","","","spr_word","148","1b_2a","d","13","1b_2a-13","0","old","9","21","false","","",""
"205","<div class=""spr-display"">The surgeon disclosed why the ambitious nurse that the old doctor ----------- -------- --- ---------- -------- --- ---- -- --- --------</div>"," ","html-keyboard-response","525","247390","0.0-525.0","5d537c0cecc84200153075e9","6a04f72bb0f4a868caeeb473","6a05526634fbb9d50ec646a9","2bomnjjb","","","","spr_word","148","1b_2a","d","13","1b_2a-13","0","doctor","10","21","false","","",""
"187","<div class=""spr-display"">The surgeon disclosed why the ambitious nurse that the old doctor recommended -------- --- ---------- -------- --- ---- -- --- --------</div>"," ","html-keyboard-response","526","247578","0.0-526.0","5d537c0cecc84200153075e9","6a04f72bb0f4a868caeeb473","6a05526634fbb9d50ec646a9","2bomnjjb","","","","spr_word","148","1b_2a","d","13","1b_2a-13","0","recommended","11","21","false","","",""
"187","<div class=""spr-display"">The surgeon disclosed why the ambitious nurse that the old doctor recommended unfairly --- ---------- -------- --- ---- -- --- --------</div>"," ","html-keyboard-response","527","247766","0.0-527.0","5d537c0cecc84200153075e9","6a04f72bb0f4a868caeeb473","6a05526634fbb9d50ec646a9","2bomnjjb","","","","spr_word","148","1b_2a","d","13","1b_2a-13","0","unfairly","12","21","false","","",""
"194","<div class=""spr-display"">The surgeon disclosed why the ambitious nurse that the old doctor recommended unfairly and ---------- -------- --- ---- -- --- --------</div>"," ","html-keyboard-response","528","247960","0.0-528.0","5d537c0cecc84200153075e9","6a04f72bb0f4a868caeeb473","6a05526634fbb9d50ec646a9","2bomnjjb","","","","spr_word","148","1b_2a","d","13","1b_2a-13","0","and","13","21","false","","",""
"191","<div class=""spr-display"">The surgeon disclosed why the ambitious nurse that the old doctor recommended unfairly and ignorantly -------- --- ---- -- --- --------</div>"," ","html-keyboard-response","529","248152","0.0-529.0","5d537c0cecc84200153075e9","6a04f72bb0f4a868caeeb473","6a05526634fbb9d50ec646a9","2bomnjjb","","","","spr_word","148","1b_2a","d","13","1b_2a-13","0","ignorantly","14","21","false","","",""
"191","<div class=""spr-display"">The surgeon disclosed why the ambitious nurse that the old doctor recommended unfairly and ignorantly promised --- ---- -- --- --------</div>"," ","html-keyboard-response","530","248344","0.0-530.0","5d537c0cecc84200153075e9","6a04f72bb0f4a868caeeb473","6a05526634fbb9d50ec646a9","2bomnjjb","","","","spr_word","148","1b_2a","d","13","1b_2a-13","0","promised","15","21","false","","",""
"175","<div class=""spr-display"">The surgeon disclosed why the ambitious nurse that the old doctor recommended unfairly and ignorantly promised the ---- -- --- --------</div>"," ","html-keyboard-response","531","248519","0.0-531.0","5d537c0cecc84200153075e9","6a04f72bb0f4a868caeeb473","6a05526634fbb9d50ec646a9","2bomnjjb","","","","spr_word","148","1b_2a","d","13","1b_2a-13","0","the","16","21","false","","",""
"191","<div class=""spr-display"">The surgeon disclosed why the ambitious nurse that the old doctor recommended unfairly and ignorantly promised the cure -- --- --------</div>"," ","html-keyboard-response","532","248711","0.0-532.0","5d537c0cecc84200153075e9","6a04f72bb0f4a868caeeb473","6a05526634fbb9d50ec646a9","2bomnjjb","","","","spr_word","148","1b_2a","d","13","1b_2a-13","0","cure","17","21","false","","",""
"218","<div class=""spr-display"">The surgeon disclosed why the ambitious nurse that the old doctor recommended unfairly and ignorantly promised the cure to --- --------</div>"," ","html-keyboard-response","533","248930","0.0-533.0","5d537c0cecc84200153075e9","6a04f72bb0f4a868caeeb473","6a05526634fbb9d50ec646a9","2bomnjjb","","","","spr_word","148","1b_2a","d","13","1b_2a-13","0","to","18","21","false","","",""
"218","<div class=""spr-display"">The surgeon disclosed why the ambitious nurse that the old doctor recommended unfairly and ignorantly promised the cure to the --------</div>"," ","html-keyboard-response","534","249149","0.0-534.0","5d537c0cecc84200153075e9","6a04f72bb0f4a868caeeb473","6a05526634fbb9d50ec646a9","2bomnjjb","","","","spr_word","148","1b_2a","d","13","1b_2a-13","0","the","19","21","false","","",""
"707","<div class=""spr-display"">The surgeon disclosed why the ambitious nurse that the old doctor recommended unfairly and ignorantly promised the cure to the patient.</div>"," ","html-keyboard-response","535","249857","0.0-535.0","5d537c0cecc84200153075e9","6a04f72bb0f4a868caeeb473","6a05526634fbb9d50ec646a9","2bomnjjb","","","","spr_word","148","1b_2a","d","13","1b_2a-13","0","patient.","20","21","false","","",""
"653","<div class=""comprehension-box"">
                    <p>undefined</p>
                    <p>Press <span class=""key-label"">F</span> for <strong>Yes</strong> &nbsp;|&nbsp;
                    Press <span class=""key-label"">J</span> for <strong>No</strong></p>
                </div>","j","html-keyboard-response","536","250511","0.0-536.0","5d537c0cecc84200153075e9","6a04f72bb0f4a868caeeb473","6a05526634fbb9d50ec646a9","2bomnjjb","","","","comprehension","148","1b_2a","d","13","1b_2a-13","0","","","","","","No","false"
"658","<div class=""comprehension-box"">
                    <p class=""feedback-incorrect"">Incorrect</p>
                    <p style=""font-size:18px;"">The correct answer was <strong>No</strong>.</p>
                    <p style=""margin-top:20px; font-size:16px; color:#555;"">
                    Press <span class=""key-label"">SPACE</span> to continue.
                    </p>
                </div>"," ","html-keyboard-response","537","251170","0.0-537.0","5d537c0cecc84200153075e9","6a04f72bb0f4a868caeeb473","6a05526634fbb9d50ec646a9","2bomnjjb","","","","feedback","148","1b_2a","d","13","1b_2a-13","0","","","","","","",""
"null","<span class=""fixation"">+</span>","null","html-keyboard-response","538","251672","0.0-538.0","5d537c0cecc84200153075e9","6a04f72bb0f4a868caeeb473","6a05526634fbb9d50ec646a9","2bomnjjb","","","","fixation","139","1b_2a","c","11","1b_2a-11","0","","","","","","",""
"128","<div class=""spr-display"">--- --------- --------- ---- --- ------ ----- ---- --- ------- ------ ----------- ------------ --- --------- ---- --- ----- -- - ----------"," ","html-keyboard-response","539","251801","0.0-539.0","5d537c0cecc84200153075e9","6a04f72bb0f4a868caeeb473","6a05526634fbb9d50ec646a9","2bomnjjb","","","","prompt","139","1b_2a","c","11","1b_2a-11","0","","","","","","",""
"213","<div class=""spr-display"">The --------- --------- ---- --- ------ ----- ---- --- ------- ------ ----------- ------------ --- --------- ---- --- ----- -- - ----------</div>"," ","html-keyboard-response","540","252015","0.0-540.0","5d537c0cecc84200153075e9","6a04f72bb0f4a868caeeb473","6a05526634fbb9d50ec646a9","2bomnjjb","","","","spr_word","139","1b_2a","c","11","1b_2a-11","0","The","0","21","false","","",""
"189","<div class=""spr-display"">The assistant --------- ---- --- ------ ----- ---- --- ------- ------ ----------- ------------ --- --------- ---- --- ----- -- - ----------</div>"," ","html-keyboard-response","541","252205","0.0-541.0","5d537c0cecc84200153075e9","6a04f72bb0f4a868caeeb473","6a05526634fbb9d50ec646a9","2bomnjjb","","","","spr_word","139","1b_2a","c","11","1b_2a-11","0","assistant","1","21","false","","",""
"191","<div class=""spr-display"">The assistant mentioned ---- --- ------ ----- ---- --- ------- ------ ----------- ------------ --- --------- ---- --- ----- -- - ----------</div>"," ","html-keyboard-response","542","252397","0.0-542.0","5d537c0cecc84200153075e9","6a04f72bb0f4a868caeeb473","6a05526634fbb9d50ec646a9","2bomnjjb","","","","spr_word","139","1b_2a","c","11","1b_2a-11","0","mentioned","2","21","false","","",""
"205","<div class=""spr-display"">The assistant mentioned that --- ------ ----- ---- --- ------- ------ ----------- ------------ --- --------- ---- --- ----- -- - ----------</div>"," ","html-keyboard-response","543","252602","0.0-543.0","5d537c0cecc84200153075e9","6a04f72bb0f4a868caeeb473","6a05526634fbb9d50ec646a9","2bomnjjb","","","","spr_word","139","1b_2a","c","11","1b_2a-11","0","that","3","21","false","","",""
"185","<div class=""spr-display"">The assistant mentioned that the ------ ----- ---- --- ------- ------ ----------- ------------ --- --------- ---- --- ----- -- - ----------</div>"," ","html-keyboard-response","544","252788","0.0-544.0","5d537c0cecc84200153075e9","6a04f72bb0f4a868caeeb473","6a05526634fbb9d50ec646a9","2bomnjjb","","","","spr_word","139","1b_2a","c","11","1b_2a-11","0","the","4","21","false","","",""
"201","<div class=""spr-display"">The assistant mentioned that the lovely ----- ---- --- ------- ------ ----------- ------------ --- --------- ---- --- ----- -- - ----------</div>"," ","html-keyboard-response","545","252990","0.0-545.0","5d537c0cecc84200153075e9","6a04f72bb0f4a868caeeb473","6a05526634fbb9d50ec646a9","2bomnjjb","","","","spr_word","139","1b_2a","c","11","1b_2a-11","0","lovely","5","21","false","","",""
"190","<div class=""spr-display"">The assistant mentioned that the lovely bride ---- --- ------- ------ ----------- ------------ --- --------- ---- --- ----- -- - ----------</div>"," ","html-keyboard-response","546","253181","0.0-546.0","5d537c0cecc84200153075e9","6a04f72bb0f4a868caeeb473","6a05526634fbb9d50ec646a9","2bomnjjb","","","","spr_word","139","1b_2a","c","11","1b_2a-11","0","bride","6","21","false","","",""
"195","<div class=""spr-display"">The assistant mentioned that the lovely bride that --- ------- ------ ----------- ------------ --- --------- ---- --- ----- -- - ----------</div>"," ","html-keyboard-response","547","253377","0.0-547.0","5d537c0cecc84200153075e9","6a04f72bb0f4a868caeeb473","6a05526634fbb9d50ec646a9","2bomnjjb","","","","spr_word","139","1b_2a","c","11","1b_2a-11","0","that","7","21","false","","",""
"202","<div class=""spr-display"">The assistant mentioned that the lovely bride that the ------- ------ ----------- ------------ --- --------- ---- --- ----- -- - ----------</div>"," ","html-keyboard-response","548","253579","0.0-548.0","5d537c0cecc84200153075e9","6a04f72bb0f4a868caeeb473","6a05526634fbb9d50ec646a9","2bomnjjb","","","","spr_word","139","1b_2a","c","11","1b_2a-11","0","the","8","21","false","","",""
"200","<div class=""spr-display"">The assistant mentioned that the lovely bride that the skilled ------ ----------- ------------ --- --------- ---- --- ----- -- - ----------</div>"," ","html-keyboard-response","549","253780","0.0-549.0","5d537c0cecc84200153075e9","6a04f72bb0f4a868caeeb473","6a05526634fbb9d50ec646a9","2bomnjjb","","","","spr_word","139","1b_2a","c","11","1b_2a-11","0","skilled","9","21","false","","",""
"195","<div class=""spr-display"">The assistant mentioned that the lovely bride that the skilled tailor ----------- ------------ --- --------- ---- --- ----- -- - ----------</div>"," ","html-keyboard-response","550","253976","0.0-550.0","5d537c0cecc84200153075e9","6a04f72bb0f4a868caeeb473","6a05526634fbb9d50ec646a9","2bomnjjb","","","","spr_word","139","1b_2a","c","11","1b_2a-11","0","tailor","10","21","false","","",""
"190","<div class=""spr-display"">The assistant mentioned that the lovely bride that the skilled tailor intimidated ------------ --- --------- ---- --- ----- -- - ----------</div>"," ","html-keyboard-response","551","254167","0.0-551.0","5d537c0cecc84200153075e9","6a04f72bb0f4a868caeeb473","6a05526634fbb9d50ec646a9","2bomnjjb","","","","spr_word","139","1b_2a","c","11","1b_2a-11","0","intimidated","11","21","false","","",""
"196","<div class=""spr-display"">The assistant mentioned that the lovely bride that the skilled tailor intimidated purposefully --- --------- ---- --- ----- -- - ----------</div>"," ","html-keyboard-response","552","254365","0.0-552.0","5d537c0cecc84200153075e9","6a04f72bb0f4a868caeeb473","6a05526634fbb9d50ec646a9","2bomnjjb","","","","spr_word","139","1b_2a","c","11","1b_2a-11","0","purposefully","12","21","false","","",""
"197","<div class=""spr-display"">The assistant mentioned that the lovely bride that the skilled tailor intimidated purposefully and --------- ---- --- ----- -- - ----------</div>"," ","html-keyboard-response","553","254562","0.0-553.0","5d537c0cecc84200153075e9","6a04f72bb0f4a868caeeb473","6a05526634fbb9d50ec646a9","2bomnjjb","","","","spr_word","139","1b_2a","c","11","1b_2a-11","0","and","13","21","false","","",""
"185","<div class=""spr-display"">The assistant mentioned that the lovely bride that the skilled tailor intimidated purposefully and obviously ---- --- ----- -- - ----------</div>"," ","html-keyboard-response","554","254749","0.0-554.0","5d537c0cecc84200153075e9","6a04f72bb0f4a868caeeb473","6a05526634fbb9d50ec646a9","2bomnjjb","","","","spr_word","139","1b_2a","c","11","1b_2a-11","0","obviously","14","21","false","","",""
"203","<div class=""spr-display"">The assistant mentioned that the lovely bride that the skilled tailor intimidated purposefully and obviously sold --- ----- -- - ----------</div>"," ","html-keyboard-response","555","254953","0.0-555.0","5d537c0cecc84200153075e9","6a04f72bb0f4a868caeeb473","6a05526634fbb9d50ec646a9","2bomnjjb","","","","spr_word","139","1b_2a","c","11","1b_2a-11","0","sold","15","21","false","","",""
"187","<div class=""spr-display"">The assistant mentioned that the lovely bride that the skilled tailor intimidated purposefully and obviously sold the ----- -- - ----------</div>"," ","html-keyboard-response","556","255141","0.0-556.0","5d537c0cecc84200153075e9","6a04f72bb0f4a868caeeb473","6a05526634fbb9d50ec646a9","2bomnjjb","","","","spr_word","139","1b_2a","c","11","1b_2a-11","0","the","16","21","false","","",""
"196","<div class=""spr-display"">The assistant mentioned that the lovely bride that the skilled tailor intimidated purposefully and obviously sold the dress -- - ----------</div>"," ","html-keyboard-response","557","255338","0.0-557.0","5d537c0cecc84200153075e9","6a04f72bb0f4a868caeeb473","6a05526634fbb9d50ec646a9","2bomnjjb","","","","spr_word","139","1b_2a","c","11","1b_2a-11","0","dress","17","21","false","","",""
"196","<div class=""spr-display"">The assistant mentioned that the lovely bride that the skilled tailor intimidated purposefully and obviously sold the dress to - ----------</div>"," ","html-keyboard-response","558","255534","0.0-558.0","5d537c0cecc84200153075e9","6a04f72bb0f4a868caeeb473","6a05526634fbb9d50ec646a9","2bomnjjb","","","","spr_word","139","1b_2a","c","11","1b_2a-11","0","to","18","21","false","","",""
"198","<div class=""spr-display"">The assistant mentioned that the lovely bride that the skilled tailor intimidated purposefully and obviously sold the dress to a ----------</div>"," ","html-keyboard-response","559","255733","0.0-559.0","5d537c0cecc84200153075e9","6a04f72bb0f4a868caeeb473","6a05526634fbb9d50ec646a9","2bomnjjb","","","","spr_word","139","1b_2a","c","11","1b_2a-11","0","a","19","21","false","","",""
"209","<div class=""spr-display"">The assistant mentioned that the lovely bride that the skilled tailor intimidated purposefully and obviously sold the dress to a celebrity.</div>"," ","html-keyboard-response","560","255943","0.0-560.0","5d537c0cecc84200153075e9","6a04f72bb0f4a868caeeb473","6a05526634fbb9d50ec646a9","2bomnjjb","","","","spr_word","139","1b_2a","c","11","1b_2a-11","0","celebrity.","20","21","false","","",""
"469","<div class=""comprehension-box"">
                    <p>undefined</p>
                    <p>Press <span class=""key-label"">F</span> for <strong>Yes</strong> &nbsp;|&nbsp;
                    Press <span class=""key-label"">J</span> for <strong>No</strong></p>
                </div>","j","html-keyboard-response","561","256412","0.0-561.0","5d537c0cecc84200153075e9","6a04f72bb0f4a868caeeb473","6a05526634fbb9d50ec646a9","2bomnjjb","","","","comprehension","139","1b_2a","c","11","1b_2a-11","0","","","","","","No","false"
"637","<div class=""comprehension-box"">
                    <p class=""feedback-incorrect"">Incorrect</p>
                    <p style=""font-size:18px;"">The correct answer was <strong>No</strong>.</p>
                    <p style=""margin-top:20px; font-size:16px; color:#555;"">
                    Press <span class=""key-label"">SPACE</span> to continue.
                    </p>
                </div>"," ","html-keyboard-response","562","257050","0.0-562.0","5d537c0cecc84200153075e9","6a04f72bb0f4a868caeeb473","6a05526634fbb9d50ec646a9","2bomnjjb","","","","feedback","139","1b_2a","c","11","1b_2a-11","0","","","","","","",""
"null","<span class=""fixation"">+</span>","null","html-keyboard-response","563","257566","0.0-563.0","5d537c0cecc84200153075e9","6a04f72bb0f4a868caeeb473","6a05526634fbb9d50ec646a9","2bomnjjb","","","","fixation","120","1b_2a","d","6","1b_2a-6","0","","","","","","",""
"132","<div class=""spr-display"">--- ----- ---------- --- --- ---- ------ ---- --- --- ------- ---------- ---------- --- ---------- ------ - ----- --- --- ------"," ","html-keyboard-response","564","257699","0.0-564.0","5d537c0cecc84200153075e9","6a04f72bb0f4a868caeeb473","6a05526634fbb9d50ec646a9","2bomnjjb","","","","prompt","120","1b_2a","d","6","1b_2a-6","0","","","","","","",""
"201","<div class=""spr-display"">The ----- ---------- --- --- ---- ------ ---- --- --- ------- ---------- ---------- --- ---------- ------ - ----- --- --- ------</div>"," ","html-keyboard-response","565","257901","0.0-565.0","5d537c0cecc84200153075e9","6a04f72bb0f4a868caeeb473","6a05526634fbb9d50ec646a9","2bomnjjb","","","","spr_word","120","1b_2a","d","6","1b_2a-6","0","The","0","21","false","","",""
"208","<div class=""spr-display"">The clerk ---------- --- --- ---- ------ ---- --- --- ------- ---------- ---------- --- ---------- ------ - ----- --- --- ------</div>"," ","html-keyboard-response","566","258110","0.0-566.0","5d537c0cecc84200153075e9","6a04f72bb0f4a868caeeb473","6a05526634fbb9d50ec646a9","2bomnjjb","","","","spr_word","120","1b_2a","d","6","1b_2a-6","0","clerk","1","21","false","","",""
"209","<div class=""spr-display"">The clerk remembered --- --- ---- ------ ---- --- --- ------- ---------- ---------- --- ---------- ------ - ----- --- --- ------</div>"," ","html-keyboard-response","567","258320","0.0-567.0","5d537c0cecc84200153075e9","6a04f72bb0f4a868caeeb473","6a05526634fbb9d50ec646a9","2bomnjjb","","","","spr_word","120","1b_2a","d","6","1b_2a-6","0","remembered","2","21","false","","",""
"208","<div class=""spr-display"">The clerk remembered why --- ---- ------ ---- --- --- ------- ---------- ---------- --- ---------- ------ - ----- --- --- ------</div>"," ","html-keyboard-response","568","258529","0.0-568.0","5d537c0cecc84200153075e9","6a04f72bb0f4a868caeeb473","6a05526634fbb9d50ec646a9","2bomnjjb","","","","spr_word","120","1b_2a","d","6","1b_2a-6","0","why","3","21","false","","",""
"205","<div class=""spr-display"">The clerk remembered why the ---- ------ ---- --- --- ------- ---------- ---------- --- ---------- ------ - ----- --- --- ------</div>"," ","html-keyboard-response","569","258734","0.0-569.0","5d537c0cecc84200153075e9","6a04f72bb0f4a868caeeb473","6a05526634fbb9d50ec646a9","2bomnjjb","","","","spr_word","120","1b_2a","d","6","1b_2a-6","0","the","4","21","false","","",""
"210","<div class=""spr-display"">The clerk remembered why the rich ------ ---- --- --- ------- ---------- ---------- --- ---------- ------ - ----- --- --- ------</div>"," ","html-keyboard-response","570","258945","0.0-570.0","5d537c0cecc84200153075e9","6a04f72bb0f4a868caeeb473","6a05526634fbb9d50ec646a9","2bomnjjb","","","","spr_word","120","1b_2a","d","6","1b_2a-6","0","rich","5","21","false","","",""
"204","<div class=""spr-display"">The clerk remembered why the rich banker ---- --- --- ------- ---------- ---------- --- ---------- ------ - ----- --- --- ------</div>"," ","html-keyboard-response","571","259150","0.0-571.0","5d537c0cecc84200153075e9","6a04f72bb0f4a868caeeb473","6a05526634fbb9d50ec646a9","2bomnjjb","","","","spr_word","120","1b_2a","d","6","1b_2a-6","0","banker","6","21","false","","",""
"198","<div class=""spr-display"">The clerk remembered why the rich banker that --- --- ------- ---------- ---------- --- ---------- ------ - ----- --- --- ------</div>"," ","html-keyboard-response","572","259350","0.0-572.0","5d537c0cecc84200153075e9","6a04f72bb0f4a868caeeb473","6a05526634fbb9d50ec646a9","2bomnjjb","","","","spr_word","120","1b_2a","d","6","1b_2a-6","0","that","7","21","false","","",""
"196","<div class=""spr-display"">The clerk remembered why the rich banker that the --- ------- ---------- ---------- --- ---------- ------ - ----- --- --- ------</div>"," ","html-keyboard-response","573","259547","0.0-573.0","5d537c0cecc84200153075e9","6a04f72bb0f4a868caeeb473","6a05526634fbb9d50ec646a9","2bomnjjb","","","","spr_word","120","1b_2a","d","6","1b_2a-6","0","the","8","21","false","","",""
"205","<div class=""spr-display"">The clerk remembered why the rich banker that the new ------- ---------- ---------- --- ---------- ------ - ----- --- --- ------</div>"," ","html-keyboard-response","574","259753","0.0-574.0","5d537c0cecc84200153075e9","6a04f72bb0f4a868caeeb473","6a05526634fbb9d50ec646a9","2bomnjjb","","","","spr_word","120","1b_2a","d","6","1b_2a-6","0","new","9","21","false","","",""
"203","<div class=""spr-display"">The clerk remembered why the rich banker that the new manager ---------- ---------- --- ---------- ------ - ----- --- --- ------</div>"," ","html-keyboard-response","575","259957","0.0-575.0","5d537c0cecc84200153075e9","6a04f72bb0f4a868caeeb473","6a05526634fbb9d50ec646a9","2bomnjjb","","","","spr_word","120","1b_2a","d","6","1b_2a-6","0","manager","10","21","false","","",""
"212","<div class=""spr-display"">The clerk remembered why the rich banker that the new manager distrusted ---------- --- ---------- ------ - ----- --- --- ------</div>"," ","html-keyboard-response","576","260170","0.0-576.0","5d537c0cecc84200153075e9","6a04f72bb0f4a868caeeb473","6a05526634fbb9d50ec646a9","2bomnjjb","","","","spr_word","120","1b_2a","d","6","1b_2a-6","0","distrusted","11","21","false","","",""
"207","<div class=""spr-display"">The clerk remembered why the rich banker that the new manager distrusted cautiously --- ---------- ------ - ----- --- --- ------</div>"," ","html-keyboard-response","577","260378","0.0-577.0","5d537c0cecc84200153075e9","6a04f72bb0f4a868caeeb473","6a05526634fbb9d50ec646a9","2bomnjjb","","","","spr_word","120","1b_2a","d","6","1b_2a-6","0","cautiously","12","21","false","","",""
"213","<div class=""spr-display"">The clerk remembered why the rich banker that the new manager distrusted cautiously and ---------- ------ - ----- --- --- ------</div>"," ","html-keyboard-response","578","260591","0.0-578.0","5d537c0cecc84200153075e9","6a04f72bb0f4a868caeeb473","6a05526634fbb9d50ec646a9","2bomnjjb","","","","spr_word","120","1b_2a","d","6","1b_2a-6","0","and","13","21","false","","",""
"214","<div class=""spr-display"">The clerk remembered why the rich banker that the new manager distrusted cautiously and wrongfully ------ - ----- --- --- ------</div>"," ","html-keyboard-response","579","260807","0.0-579.0","5d537c0cecc84200153075e9","6a04f72bb0f4a868caeeb473","6a05526634fbb9d50ec646a9","2bomnjjb","","","","spr_word","120","1b_2a","d","6","1b_2a-6","0","wrongfully","14","21","false","","",""
"203","<div class=""spr-display"">The clerk remembered why the rich banker that the new manager distrusted cautiously and wrongfully cashed - ----- --- --- ------</div>"," ","html-keyboard-response","580","261011","0.0-580.0","5d537c0cecc84200153075e9","6a04f72bb0f4a868caeeb473","6a05526634fbb9d50ec646a9","2bomnjjb","","","","spr_word","120","1b_2a","d","6","1b_2a-6","0","cashed","15","21","false","","",""
"212","<div class=""spr-display"">The clerk remembered why the rich banker that the new manager distrusted cautiously and wrongfully cashed a ----- --- --- ------</div>"," ","html-keyboard-response","581","261224","0.0-581.0","5d537c0cecc84200153075e9","6a04f72bb0f4a868caeeb473","6a05526634fbb9d50ec646a9","2bomnjjb","","","","spr_word","120","1b_2a","d","6","1b_2a-6","0","a","16","21","false","","",""
"214","<div class=""spr-display"">The clerk remembered why the rich banker that the new manager distrusted cautiously and wrongfully cashed a check --- --- ------</div>"," ","html-keyboard-response","582","261438","0.0-582.0","5d537c0cecc84200153075e9","6a04f72bb0f4a868caeeb473","6a05526634fbb9d50ec646a9","2bomnjjb","","","","spr_word","120","1b_2a","d","6","1b_2a-6","0","check","17","21","false","","",""
"214","<div class=""spr-display"">The clerk remembered why the rich banker that the new manager distrusted cautiously and wrongfully cashed a check for --- ------</div>"," ","html-keyboard-response","583","261653","0.0-583.0","5d537c0cecc84200153075e9","6a04f72bb0f4a868caeeb473","6a05526634fbb9d50ec646a9","2bomnjjb","","","","spr_word","120","1b_2a","d","6","1b_2a-6","0","for","18","21","false","","",""
"209","<div class=""spr-display"">The clerk remembered why the rich banker that the new manager distrusted cautiously and wrongfully cashed a check for the ------</div>"," ","html-keyboard-response","584","261863","0.0-584.0","5d537c0cecc84200153075e9","6a04f72bb0f4a868caeeb473","6a05526634fbb9d50ec646a9","2bomnjjb","","","","spr_word","120","1b_2a","d","6","1b_2a-6","0","the","19","21","false","","",""
"195","<div class=""spr-display"">The clerk remembered why the rich banker that the new manager distrusted cautiously and wrongfully cashed a check for the agent.</div>"," ","html-keyboard-response","585","262059","0.0-585.0","5d537c0cecc84200153075e9","6a04f72bb0f4a868caeeb473","6a05526634fbb9d50ec646a9","2bomnjjb","","","","spr_word","120","1b_2a","d","6","1b_2a-6","0","agent.","20","21","false","","",""
"665","<div class=""comprehension-box"">
                    <p>undefined</p>
                    <p>Press <span class=""key-label"">F</span> for <strong>Yes</strong> &nbsp;|&nbsp;
                    Press <span class=""key-label"">J</span> for <strong>No</strong></p>
                </div>","j","html-keyboard-response","586","262725","0.0-586.0","5d537c0cecc84200153075e9","6a04f72bb0f4a868caeeb473","6a05526634fbb9d50ec646a9","2bomnjjb","","","","comprehension","120","1b_2a","d","6","1b_2a-6","0","","","","","","No","false"
"637","<div class=""comprehension-box"">
                    <p class=""feedback-incorrect"">Incorrect</p>
                    <p style=""font-size:18px;"">The correct answer was <strong>No</strong>.</p>
                    <p style=""margin-top:20px; font-size:16px; color:#555;"">
                    Press <span class=""key-label"">SPACE</span> to continue.
                    </p>
                </div>"," ","html-keyboard-response","587","263364","0.0-587.0","5d537c0cecc84200153075e9","6a04f72bb0f4a868caeeb473","6a05526634fbb9d50ec646a9","2bomnjjb","","","","feedback","120","1b_2a","d","6","1b_2a-6","0","","","","","","",""
"null","<span class=""fixation"">+</span>","null","html-keyboard-response","588","263880","0.0-588.0","5d537c0cecc84200153075e9","6a04f72bb0f4a868caeeb473","6a05526634fbb9d50ec646a9","2bomnjjb","","","","fixation","144","1b_2a","d","12","1b_2a-12","0","","","","","","",""
"139","<div class=""spr-display"">--- ----- --------- --- --- ----- ------ ---- --- ----- ----- ------ --------- --- ----------- ------ --- ---- --- --- -------"," ","html-keyboard-response","589","264020","0.0-589.0","5d537c0cecc84200153075e9","6a04f72bb0f4a868caeeb473","6a05526634fbb9d50ec646a9","2bomnjjb","","","","prompt","144","1b_2a","d","12","1b_2a-12","0","","","","","","",""
"225","<div class=""spr-display"">The ----- --------- --- --- ----- ------ ---- --- ----- ----- ------ --------- --- ----------- ------ --- ---- --- --- -------</div>"," ","html-keyboard-response","590","264245","0.0-590.0","5d537c0cecc84200153075e9","6a04f72bb0f4a868caeeb473","6a05526634fbb9d50ec646a9","2bomnjjb","","","","spr_word","144","1b_2a","d","12","1b_2a-12","0","The","0","21","false","","",""
"213","<div class=""spr-display"">The baker --------- --- --- ----- ------ ---- --- ----- ----- ------ --------- --- ----------- ------ --- ---- --- --- -------</div>"," ","html-keyboard-response","591","264459","0.0-591.0","5d537c0cecc84200153075e9","6a04f72bb0f4a868caeeb473","6a05526634fbb9d50ec646a9","2bomnjjb","","","","spr_word","144","1b_2a","d","12","1b_2a-12","0","baker","1","21","false","","",""
"215","<div class=""spr-display"">The baker mentioned --- --- ----- ------ ---- --- ----- ----- ------ --------- --- ----------- ------ --- ---- --- --- -------</div>"," ","html-keyboard-response","592","264675","0.0-592.0","5d537c0cecc84200153075e9","6a04f72bb0f4a868caeeb473","6a05526634fbb9d50ec646a9","2bomnjjb","","","","spr_word","144","1b_2a","d","12","1b_2a-12","0","mentioned","2","21","false","","",""
"208","<div class=""spr-display"">The baker mentioned why --- ----- ------ ---- --- ----- ----- ------ --------- --- ----------- ------ --- ---- --- --- -------</div>"," ","html-keyboard-response","593","264885","0.0-593.0","5d537c0cecc84200153075e9","6a04f72bb0f4a868caeeb473","6a05526634fbb9d50ec646a9","2bomnjjb","","","","spr_word","144","1b_2a","d","12","1b_2a-12","0","why","3","21","false","","",""
"198","<div class=""spr-display"">The baker mentioned why the ----- ------ ---- --- ----- ----- ------ --------- --- ----------- ------ --- ---- --- --- -------</div>"," ","html-keyboard-response","594","265083","0.0-594.0","5d537c0cecc84200153075e9","6a04f72bb0f4a868caeeb473","6a05526634fbb9d50ec646a9","2bomnjjb","","","","spr_word","144","1b_2a","d","12","1b_2a-12","0","the","4","21","false","","",""
"220","<div class=""spr-display"">The baker mentioned why the young ------ ---- --- ----- ----- ------ --------- --- ----------- ------ --- ---- --- --- -------</div>"," ","html-keyboard-response","595","265305","0.0-595.0","5d537c0cecc84200153075e9","6a04f72bb0f4a868caeeb473","6a05526634fbb9d50ec646a9","2bomnjjb","","","","spr_word","144","1b_2a","d","12","1b_2a-12","0","young","5","21","false","","",""
"206","<div class=""spr-display"">The baker mentioned why the young mother ---- --- ----- ----- ------ --------- --- ----------- ------ --- ---- --- --- -------</div>"," ","html-keyboard-response","596","265512","0.0-596.0","5d537c0cecc84200153075e9","6a04f72bb0f4a868caeeb473","6a05526634fbb9d50ec646a9","2bomnjjb","","","","spr_word","144","1b_2a","d","12","1b_2a-12","0","mother","6","21","false","","",""
"205","<div class=""spr-display"">The baker mentioned why the young mother that --- ----- ----- ------ --------- --- ----------- ------ --- ---- --- --- -------</div>"," ","html-keyboard-response","597","265718","0.0-597.0","5d537c0cecc84200153075e9","6a04f72bb0f4a868caeeb473","6a05526634fbb9d50ec646a9","2bomnjjb","","","","spr_word","144","1b_2a","d","12","1b_2a-12","0","that","7","21","false","","",""
"215","<div class=""spr-display"">The baker mentioned why the young mother that the ----- ----- ------ --------- --- ----------- ------ --- ---- --- --- -------</div>"," ","html-keyboard-response","598","265934","0.0-598.0","5d537c0cecc84200153075e9","6a04f72bb0f4a868caeeb473","6a05526634fbb9d50ec646a9","2bomnjjb","","","","spr_word","144","1b_2a","d","12","1b_2a-12","0","the","8","21","false","","",""
"203","<div class=""spr-display"">The baker mentioned why the young mother that the sweet ----- ------ --------- --- ----------- ------ --- ---- --- --- -------</div>"," ","html-keyboard-response","599","266137","0.0-599.0","5d537c0cecc84200153075e9","6a04f72bb0f4a868caeeb473","6a05526634fbb9d50ec646a9","2bomnjjb","","","","spr_word","144","1b_2a","d","12","1b_2a-12","0","sweet","9","21","false","","",""
"233","<div class=""spr-display"">The baker mentioned why the young mother that the sweet child ------ --------- --- ----------- ------ --- ---- --- --- -------</div>"," ","html-keyboard-response","600","266370","0.0-600.0","5d537c0cecc84200153075e9","6a04f72bb0f4a868caeeb473","6a05526634fbb9d50ec646a9","2bomnjjb","","","","spr_word","144","1b_2a","d","12","1b_2a-12","0","child","10","21","false","","",""
"207","<div class=""spr-display"">The baker mentioned why the young mother that the sweet child hugged --------- --- ----------- ------ --- ---- --- --- -------</div>"," ","html-keyboard-response","601","266578","0.0-601.0","5d537c0cecc84200153075e9","6a04f72bb0f4a868caeeb473","6a05526634fbb9d50ec646a9","2bomnjjb","","","","spr_word","144","1b_2a","d","12","1b_2a-12","0","hugged","11","21","false","","",""
"216","<div class=""spr-display"">The baker mentioned why the young mother that the sweet child hugged hurriedly --- ----------- ------ --- ---- --- --- -------</div>"," ","html-keyboard-response","602","266795","0.0-602.0","5d537c0cecc84200153075e9","6a04f72bb0f4a868caeeb473","6a05526634fbb9d50ec646a9","2bomnjjb","","","","spr_word","144","1b_2a","d","12","1b_2a-12","0","hurriedly","12","21","false","","",""
"209","<div class=""spr-display"">The baker mentioned why the young mother that the sweet child hugged hurriedly and ----------- ------ --- ---- --- --- -------</div>"," ","html-keyboard-response","603","267005","0.0-603.0","5d537c0cecc84200153075e9","6a04f72bb0f4a868caeeb473","6a05526634fbb9d50ec646a9","2bomnjjb","","","","spr_word","144","1b_2a","d","12","1b_2a-12","0","and","13","21","false","","",""
"212","<div class=""spr-display"">The baker mentioned why the young mother that the sweet child hugged hurriedly and frantically ------ --- ---- --- --- -------</div>"," ","html-keyboard-response","604","267218","0.0-604.0","5d537c0cecc84200153075e9","6a04f72bb0f4a868caeeb473","6a05526634fbb9d50ec646a9","2bomnjjb","","","","spr_word","144","1b_2a","d","12","1b_2a-12","0","frantically","14","21","false","","",""
"217","<div class=""spr-display"">The baker mentioned why the young mother that the sweet child hugged hurriedly and frantically bought --- ---- --- --- -------</div>"," ","html-keyboard-response","605","267436","0.0-605.0","5d537c0cecc84200153075e9","6a04f72bb0f4a868caeeb473","6a05526634fbb9d50ec646a9","2bomnjjb","","","","spr_word","144","1b_2a","d","12","1b_2a-12","0","bought","15","21","false","","",""
"209","<div class=""spr-display"">The baker mentioned why the young mother that the sweet child hugged hurriedly and frantically bought the ---- --- --- -------</div>"," ","html-keyboard-response","606","267647","0.0-606.0","5d537c0cecc84200153075e9","6a04f72bb0f4a868caeeb473","6a05526634fbb9d50ec646a9","2bomnjjb","","","","spr_word","144","1b_2a","d","12","1b_2a-12","0","the","16","21","false","","",""
"200","<div class=""spr-display"">The baker mentioned why the young mother that the sweet child hugged hurriedly and frantically bought the cake --- --- -------</div>"," ","html-keyboard-response","607","267848","0.0-607.0","5d537c0cecc84200153075e9","6a04f72bb0f4a868caeeb473","6a05526634fbb9d50ec646a9","2bomnjjb","","","","spr_word","144","1b_2a","d","12","1b_2a-12","0","cake","17","21","false","","",""
"217","<div class=""spr-display"">The baker mentioned why the young mother that the sweet child hugged hurriedly and frantically bought the cake for --- -------</div>"," ","html-keyboard-response","608","268066","0.0-608.0","5d537c0cecc84200153075e9","6a04f72bb0f4a868caeeb473","6a05526634fbb9d50ec646a9","2bomnjjb","","","","spr_word","144","1b_2a","d","12","1b_2a-12","0","for","18","21","false","","",""
"216","<div class=""spr-display"">The baker mentioned why the young mother that the sweet child hugged hurriedly and frantically bought the cake for her -------</div>"," ","html-keyboard-response","609","268282","0.0-609.0","5d537c0cecc84200153075e9","6a04f72bb0f4a868caeeb473","6a05526634fbb9d50ec646a9","2bomnjjb","","","","spr_word","144","1b_2a","d","12","1b_2a-12","0","her","19","21","false","","",""
"205","<div class=""spr-display"">The baker mentioned why the young mother that the sweet child hugged hurriedly and frantically bought the cake for her sister.</div>"," ","html-keyboard-response","610","268488","0.0-610.0","5d537c0cecc84200153075e9","6a04f72bb0f4a868caeeb473","6a05526634fbb9d50ec646a9","2bomnjjb","","","","spr_word","144","1b_2a","d","12","1b_2a-12","0","sister.","20","21","false","","",""
"566","<div class=""comprehension-box"">
                    <p>undefined</p>
                    <p>Press <span class=""key-label"">F</span> for <strong>Yes</strong> &nbsp;|&nbsp;
                    Press <span class=""key-label"">J</span> for <strong>No</strong></p>
                </div>","f","html-keyboard-response","611","269054","0.0-611.0","5d537c0cecc84200153075e9","6a04f72bb0f4a868caeeb473","6a05526634fbb9d50ec646a9","2bomnjjb","","","","comprehension","144","1b_2a","d","12","1b_2a-12","0","","","","","","Yes","false"
"836","<div class=""comprehension-box"">
                    <p class=""feedback-incorrect"">Incorrect</p>
                    <p style=""font-size:18px;"">The correct answer was <strong>No</strong>.</p>
                    <p style=""margin-top:20px; font-size:16px; color:#555;"">
                    Press <span class=""key-label"">SPACE</span> to continue.
                    </p>
                </div>"," ","html-keyboard-response","612","269891","0.0-612.0","5d537c0cecc84200153075e9","6a04f72bb0f4a868caeeb473","6a05526634fbb9d50ec646a9","2bomnjjb","","","","feedback","144","1b_2a","d","12","1b_2a-12","0","","","","","","",""
"null","<span class=""fixation"">+</span>","null","html-keyboard-response","613","270395","0.0-613.0","5d537c0cecc84200153075e9","6a04f72bb0f4a868caeeb473","6a05526634fbb9d50ec646a9","2bomnjjb","","","","fixation","113","1b_2a","a","5","1b_2a-5","0","","","","","","",""
"124","<div class=""spr-display"">--- ------- ---------- --- --- --------- --------- ---- --- --------- ------- ------ -------- --- -------- ---- - ------ ---"," ","html-keyboard-response","614","270521","0.0-614.0","5d537c0cecc84200153075e9","6a04f72bb0f4a868caeeb473","6a05526634fbb9d50ec646a9","2bomnjjb","","","","prompt","113","1b_2a","a","5","1b_2a-5","0","","","","","","",""
"211","<div class=""spr-display"">The ------- ---------- --- --- --------- --------- ---- --- --------- ------- ------ -------- --- -------- ---- - ------ ---</div>"," ","html-keyboard-response","615","270733","0.0-615.0","5d537c0cecc84200153075e9","6a04f72bb0f4a868caeeb473","6a05526634fbb9d50ec646a9","2bomnjjb","","","","spr_word","113","1b_2a","a","5","1b_2a-5","0","The","0","19","false","","",""
"204","<div class=""spr-display"">The pianist ---------- --- --- --------- --------- ---- --- --------- ------- ------ -------- --- -------- ---- - ------ ---</div>"," ","html-keyboard-response","616","270937","0.0-616.0","5d537c0cecc84200153075e9","6a04f72bb0f4a868caeeb473","6a05526634fbb9d50ec646a9","2bomnjjb","","","","spr_word","113","1b_2a","a","5","1b_2a-5","0","pianist","1","19","false","","",""
"208","<div class=""spr-display"">The pianist remembered --- --- --------- --------- ---- --- --------- ------- ------ -------- --- -------- ---- - ------ ---</div>"," ","html-keyboard-response","617","271147","0.0-617.0","5d537c0cecc84200153075e9","6a04f72bb0f4a868caeeb473","6a05526634fbb9d50ec646a9","2bomnjjb","","","","spr_word","113","1b_2a","a","5","1b_2a-5","0","remembered","2","19","false","","",""
"192","<div class=""spr-display"">The pianist remembered who --- --------- --------- ---- --- --------- ------- ------ -------- --- -------- ---- - ------ ---</div>"," ","html-keyboard-response","618","271340","0.0-618.0","5d537c0cecc84200153075e9","6a04f72bb0f4a868caeeb473","6a05526634fbb9d50ec646a9","2bomnjjb","","","","spr_word","113","1b_2a","a","5","1b_2a-5","0","who","3","19","false","","",""
"201","<div class=""spr-display"">The pianist remembered who the --------- --------- ---- --- --------- ------- ------ -------- --- -------- ---- - ------ ---</div>"," ","html-keyboard-response","619","271541","0.0-619.0","5d537c0cecc84200153075e9","6a04f72bb0f4a868caeeb473","6a05526634fbb9d50ec646a9","2bomnjjb","","","","spr_word","113","1b_2a","a","5","1b_2a-5","0","the","4","19","false","","",""
"201","<div class=""spr-display"">The pianist remembered who the competent --------- ---- --- --------- ------- ------ -------- --- -------- ---- - ------ ---</div>"," ","html-keyboard-response","620","271744","0.0-620.0","5d537c0cecc84200153075e9","6a04f72bb0f4a868caeeb473","6a05526634fbb9d50ec646a9","2bomnjjb","","","","spr_word","113","1b_2a","a","5","1b_2a-5","0","competent","5","19","false","","",""
"166","<div class=""spr-display"">The pianist remembered who the competent conductor ---- --- --------- ------- ------ -------- --- -------- ---- - ------ ---</div>"," ","html-keyboard-response","621","271910","0.0-621.0","5d537c0cecc84200153075e9","6a04f72bb0f4a868caeeb473","6a05526634fbb9d50ec646a9","2bomnjjb","","","","spr_word","113","1b_2a","a","5","1b_2a-5","0","conductor","6","19","false","","",""
"143","<div class=""spr-display"">The pianist remembered who the competent conductor that --- --------- ------- ------ -------- --- -------- ---- - ------ ---</div>"," ","html-keyboard-response","622","272054","0.0-622.0","5d537c0cecc84200153075e9","6a04f72bb0f4a868caeeb473","6a05526634fbb9d50ec646a9","2bomnjjb","","","","spr_word","113","1b_2a","a","5","1b_2a-5","0","that","7","19","false","","",""
"152","<div class=""spr-display"">The pianist remembered who the competent conductor that the --------- ------- ------ -------- --- -------- ---- - ------ ---</div>"," ","html-keyboard-response","623","272207","0.0-623.0","5d537c0cecc84200153075e9","6a04f72bb0f4a868caeeb473","6a05526634fbb9d50ec646a9","2bomnjjb","","","","spr_word","113","1b_2a","a","5","1b_2a-5","0","the","8","19","false","","",""
"155","<div class=""spr-display"">The pianist remembered who the competent conductor that the beautiful ------- ------ -------- --- -------- ---- - ------ ---</div>"," ","html-keyboard-response","624","272363","0.0-624.0","5d537c0cecc84200153075e9","6a04f72bb0f4a868caeeb473","6a05526634fbb9d50ec646a9","2bomnjjb","","","","spr_word","113","1b_2a","a","5","1b_2a-5","0","beautiful","9","19","false","","",""
"161","<div class=""spr-display"">The pianist remembered who the competent conductor that the beautiful cellist ------ -------- --- -------- ---- - ------ ---</div>"," ","html-keyboard-response","625","272525","0.0-625.0","5d537c0cecc84200153075e9","6a04f72bb0f4a868caeeb473","6a05526634fbb9d50ec646a9","2bomnjjb","","","","spr_word","113","1b_2a","a","5","1b_2a-5","0","cellist","10","19","false","","",""
"170","<div class=""spr-display"">The pianist remembered who the competent conductor that the beautiful cellist adored -------- --- -------- ---- - ------ ---</div>"," ","html-keyboard-response","626","272695","0.0-626.0","5d537c0cecc84200153075e9","6a04f72bb0f4a868caeeb473","6a05526634fbb9d50ec646a9","2bomnjjb","","","","spr_word","113","1b_2a","a","5","1b_2a-5","0","adored","11","19","false","","",""
"170","<div class=""spr-display"">The pianist remembered who the competent conductor that the beautiful cellist adored secretly --- -------- ---- - ------ ---</div>"," ","html-keyboard-response","627","272866","0.0-627.0","5d537c0cecc84200153075e9","6a04f72bb0f4a868caeeb473","6a05526634fbb9d50ec646a9","2bomnjjb","","","","spr_word","113","1b_2a","a","5","1b_2a-5","0","secretly","12","19","false","","",""
"181","<div class=""spr-display"">The pianist remembered who the competent conductor that the beautiful cellist adored secretly and -------- ---- - ------ ---</div>"," ","html-keyboard-response","628","273048","0.0-628.0","5d537c0cecc84200153075e9","6a04f72bb0f4a868caeeb473","6a05526634fbb9d50ec646a9","2bomnjjb","","","","spr_word","113","1b_2a","a","5","1b_2a-5","0","and","13","19","false","","",""
"177","<div class=""spr-display"">The pianist remembered who the competent conductor that the beautiful cellist adored secretly and woefully ---- - ------ ---</div>"," ","html-keyboard-response","629","273226","0.0-629.0","5d537c0cecc84200153075e9","6a04f72bb0f4a868caeeb473","6a05526634fbb9d50ec646a9","2bomnjjb","","","","spr_word","113","1b_2a","a","5","1b_2a-5","0","woefully","14","19","false","","",""
"201","<div class=""spr-display"">The pianist remembered who the competent conductor that the beautiful cellist adored secretly and woefully sent - ------ ---</div>"," ","html-keyboard-response","630","273428","0.0-630.0","5d537c0cecc84200153075e9","6a04f72bb0f4a868caeeb473","6a05526634fbb9d50ec646a9","2bomnjjb","","","","spr_word","113","1b_2a","a","5","1b_2a-5","0","sent","15","19","false","","",""
"168","<div class=""spr-display"">The pianist remembered who the competent conductor that the beautiful cellist adored secretly and woefully sent a ------ ---</div>"," ","html-keyboard-response","631","273597","0.0-631.0","5d537c0cecc84200153075e9","6a04f72bb0f4a868caeeb473","6a05526634fbb9d50ec646a9","2bomnjjb","","","","spr_word","113","1b_2a","a","5","1b_2a-5","0","a","16","19","false","","",""
"198","<div class=""spr-display"">The pianist remembered who the competent conductor that the beautiful cellist adored secretly and woefully sent a letter ---</div>"," ","html-keyboard-response","632","273795","0.0-632.0","5d537c0cecc84200153075e9","6a04f72bb0f4a868caeeb473","6a05526634fbb9d50ec646a9","2bomnjjb","","","","spr_word","113","1b_2a","a","5","1b_2a-5","0","letter","17","19","false","","",""
"195","<div class=""spr-display"">The pianist remembered who the competent conductor that the beautiful cellist adored secretly and woefully sent a letter to.</div>"," ","html-keyboard-response","633","273991","0.0-633.0","5d537c0cecc84200153075e9","6a04f72bb0f4a868caeeb473","6a05526634fbb9d50ec646a9","2bomnjjb","","","","spr_word","113","1b_2a","a","5","1b_2a-5","0","to.","18","19","false","","",""
"414","<div class=""comprehension-box"">
                    <p>undefined</p>
                    <p>Press <span class=""key-label"">F</span> for <strong>Yes</strong> &nbsp;|&nbsp;
                    Press <span class=""key-label"">J</span> for <strong>No</strong></p>
                </div>","j","html-keyboard-response","634","274406","0.0-634.0","5d537c0cecc84200153075e9","6a04f72bb0f4a868caeeb473","6a05526634fbb9d50ec646a9","2bomnjjb","","","","comprehension","113","1b_2a","a","5","1b_2a-5","0","","","","","","No","false"
"451","<div class=""comprehension-box"">
                    <p class=""feedback-incorrect"">Incorrect</p>
                    <p style=""font-size:18px;"">The correct answer was <strong>No</strong>.</p>
                    <p style=""margin-top:20px; font-size:16px; color:#555;"">
                    Press <span class=""key-label"">SPACE</span> to continue.
                    </p>
                </div>"," ","html-keyboard-response","635","274859","0.0-635.0","5d537c0cecc84200153075e9","6a04f72bb0f4a868caeeb473","6a05526634fbb9d50ec646a9","2bomnjjb","","","","feedback","113","1b_2a","a","5","1b_2a-5","0","","","","","","",""
"null","<span class=""fixation"">+</span>","null","html-keyboard-response","636","275362","0.0-636.0","5d537c0cecc84200153075e9","6a04f72bb0f4a868caeeb473","6a05526634fbb9d50ec646a9","2bomnjjb","","","","fixation","109","1b_2a","a","4","1b_2a-4","0","","","","","","",""
"130","<div class=""spr-display"">--- ----- ---------- --- --- ------- --------- ---- --- -------------- --------- ----- -------- --- ---------- ------- --- ----- ---"," ","html-keyboard-response","637","275492","0.0-637.0","5d537c0cecc84200153075e9","6a04f72bb0f4a868caeeb473","6a05526634fbb9d50ec646a9","2bomnjjb","","","","prompt","109","1b_2a","a","4","1b_2a-4","0","","","","","","",""
"157","<div class=""spr-display"">The ----- ---------- --- --- ------- --------- ---- --- -------------- --------- ----- -------- --- ---------- ------- --- ----- ---</div>"," ","html-keyboard-response","638","275650","0.0-638.0","5d537c0cecc84200153075e9","6a04f72bb0f4a868caeeb473","6a05526634fbb9d50ec646a9","2bomnjjb","","","","spr_word","109","1b_2a","a","4","1b_2a-4","0","The","0","19","false","","",""
"189","<div class=""spr-display"">The panel ---------- --- --- ------- --------- ---- --- -------------- --------- ----- -------- --- ---------- ------- --- ----- ---</div>"," ","html-keyboard-response","639","275840","0.0-639.0","5d537c0cecc84200153075e9","6a04f72bb0f4a868caeeb473","6a05526634fbb9d50ec646a9","2bomnjjb","","","","spr_word","109","1b_2a","a","4","1b_2a-4","0","panel","1","19","false","","",""
"197","<div class=""spr-display"">The panel remembered --- --- ------- --------- ---- --- -------------- --------- ----- -------- --- ---------- ------- --- ----- ---</div>"," ","html-keyboard-response","640","276038","0.0-640.0","5d537c0cecc84200153075e9","6a04f72bb0f4a868caeeb473","6a05526634fbb9d50ec646a9","2bomnjjb","","","","spr_word","109","1b_2a","a","4","1b_2a-4","0","remembered","2","19","false","","",""
"225","<div class=""spr-display"">The panel remembered who --- ------- --------- ---- --- -------------- --------- ----- -------- --- ---------- ------- --- ----- ---</div>"," ","html-keyboard-response","641","276264","0.0-641.0","5d537c0cecc84200153075e9","6a04f72bb0f4a868caeeb473","6a05526634fbb9d50ec646a9","2bomnjjb","","","","spr_word","109","1b_2a","a","4","1b_2a-4","0","who","3","19","false","","",""
"210","<div class=""spr-display"">The panel remembered who the ------- --------- ---- --- -------------- --------- ----- -------- --- ---------- ------- --- ----- ---</div>"," ","html-keyboard-response","642","276475","0.0-642.0","5d537c0cecc84200153075e9","6a04f72bb0f4a868caeeb473","6a05526634fbb9d50ec646a9","2bomnjjb","","","","spr_word","109","1b_2a","a","4","1b_2a-4","0","the","4","19","false","","",""
"211","<div class=""spr-display"">The panel remembered who the awkward --------- ---- --- -------------- --------- ----- -------- --- ---------- ------- --- ----- ---</div>"," ","html-keyboard-response","643","276687","0.0-643.0","5d537c0cecc84200153075e9","6a04f72bb0f4a868caeeb473","6a05526634fbb9d50ec646a9","2bomnjjb","","","","spr_word","109","1b_2a","a","4","1b_2a-4","0","awkward","5","19","false","","",""
"206","<div class=""spr-display"">The panel remembered who the awkward scientist ---- --- -------------- --------- ----- -------- --- ---------- ------- --- ----- ---</div>"," ","html-keyboard-response","644","276893","0.0-644.0","5d537c0cecc84200153075e9","6a04f72bb0f4a868caeeb473","6a05526634fbb9d50ec646a9","2bomnjjb","","","","spr_word","109","1b_2a","a","4","1b_2a-4","0","scientist","6","19","false","","",""
"207","<div class=""spr-display"">The panel remembered who the awkward scientist that --- -------------- --------- ----- -------- --- ---------- ------- --- ----- ---</div>"," ","html-keyboard-response","645","277101","0.0-645.0","5d537c0cecc84200153075e9","6a04f72bb0f4a868caeeb473","6a05526634fbb9d50ec646a9","2bomnjjb","","","","spr_word","109","1b_2a","a","4","1b_2a-4","0","that","7","19","false","","",""
"214","<div class=""spr-display"">The panel remembered who the awkward scientist that the -------------- --------- ----- -------- --- ---------- ------- --- ----- ---</div>"," ","html-keyboard-response","646","277316","0.0-646.0","5d537c0cecc84200153075e9","6a04f72bb0f4a868caeeb473","6a05526634fbb9d50ec646a9","2bomnjjb","","","","spr_word","109","1b_2a","a","4","1b_2a-4","0","the","8","19","false","","",""
"207","<div class=""spr-display"">The panel remembered who the awkward scientist that the unconventional --------- ----- -------- --- ---------- ------- --- ----- ---</div>"," ","html-keyboard-response","647","277523","0.0-647.0","5d537c0cecc84200153075e9","6a04f72bb0f4a868caeeb473","6a05526634fbb9d50ec646a9","2bomnjjb","","","","spr_word","109","1b_2a","a","4","1b_2a-4","0","unconventional","9","19","false","","",""
"213","<div class=""spr-display"">The panel remembered who the awkward scientist that the unconventional professor ----- -------- --- ---------- ------- --- ----- ---</div>"," ","html-keyboard-response","648","277737","0.0-648.0","5d537c0cecc84200153075e9","6a04f72bb0f4a868caeeb473","6a05526634fbb9d50ec646a9","2bomnjjb","","","","spr_word","109","1b_2a","a","4","1b_2a-4","0","professor","10","19","false","","",""
"203","<div class=""spr-display"">The panel remembered who the awkward scientist that the unconventional professor liked -------- --- ---------- ------- --- ----- ---</div>"," ","html-keyboard-response","649","277941","0.0-649.0","5d537c0cecc84200153075e9","6a04f72bb0f4a868caeeb473","6a05526634fbb9d50ec646a9","2bomnjjb","","","","spr_word","109","1b_2a","a","4","1b_2a-4","0","liked","11","19","false","","",""
"201","<div class=""spr-display"">The panel remembered who the awkward scientist that the unconventional professor liked benignly --- ---------- ------- --- ----- ---</div>"," ","html-keyboard-response","650","278143","0.0-650.0","5d537c0cecc84200153075e9","6a04f72bb0f4a868caeeb473","6a05526634fbb9d50ec646a9","2bomnjjb","","","","spr_word","109","1b_2a","a","4","1b_2a-4","0","benignly","12","19","false","","",""
"201","<div class=""spr-display"">The panel remembered who the awkward scientist that the unconventional professor liked benignly and ---------- ------- --- ----- ---</div>"," ","html-keyboard-response","651","278345","0.0-651.0","5d537c0cecc84200153075e9","6a04f72bb0f4a868caeeb473","6a05526634fbb9d50ec646a9","2bomnjjb","","","","spr_word","109","1b_2a","a","4","1b_2a-4","0","and","13","19","false","","",""
"206","<div class=""spr-display"">The panel remembered who the awkward scientist that the unconventional professor liked benignly and hesitantly ------- --- ----- ---</div>"," ","html-keyboard-response","652","278552","0.0-652.0","5d537c0cecc84200153075e9","6a04f72bb0f4a868caeeb473","6a05526634fbb9d50ec646a9","2bomnjjb","","","","spr_word","109","1b_2a","a","4","1b_2a-4","0","hesitantly","14","19","false","","",""
"215","<div class=""spr-display"">The panel remembered who the awkward scientist that the unconventional professor liked benignly and hesitantly awarded --- ----- ---</div>"," ","html-keyboard-response","653","278768","0.0-653.0","5d537c0cecc84200153075e9","6a04f72bb0f4a868caeeb473","6a05526634fbb9d50ec646a9","2bomnjjb","","","","spr_word","109","1b_2a","a","4","1b_2a-4","0","awarded","15","19","false","","",""
"205","<div class=""spr-display"">The panel remembered who the awkward scientist that the unconventional professor liked benignly and hesitantly awarded the ----- ---</div>"," ","html-keyboard-response","654","278973","0.0-654.0","5d537c0cecc84200153075e9","6a04f72bb0f4a868caeeb473","6a05526634fbb9d50ec646a9","2bomnjjb","","","","spr_word","109","1b_2a","a","4","1b_2a-4","0","the","16","19","false","","",""
"201","<div class=""spr-display"">The panel remembered who the awkward scientist that the unconventional professor liked benignly and hesitantly awarded the grant ---</div>"," ","html-keyboard-response","655","279175","0.0-655.0","5d537c0cecc84200153075e9","6a04f72bb0f4a868caeeb473","6a05526634fbb9d50ec646a9","2bomnjjb","","","","spr_word","109","1b_2a","a","4","1b_2a-4","0","grant","17","19","false","","",""
"237","<div class=""spr-display"">The panel remembered who the awkward scientist that the unconventional professor liked benignly and hesitantly awarded the grant to.</div>"," ","html-keyboard-response","656","279412","0.0-656.0","5d537c0cecc84200153075e9","6a04f72bb0f4a868caeeb473","6a05526634fbb9d50ec646a9","2bomnjjb","","","","spr_word","109","1b_2a","a","4","1b_2a-4","0","to.","18","19","false","","",""
"288","<div class=""comprehension-box"">
                    <p>undefined</p>
                    <p>Press <span class=""key-label"">F</span> for <strong>Yes</strong> &nbsp;|&nbsp;
                    Press <span class=""key-label"">J</span> for <strong>No</strong></p>
                </div>","j","html-keyboard-response","657","279701","0.0-657.0","5d537c0cecc84200153075e9","6a04f72bb0f4a868caeeb473","6a05526634fbb9d50ec646a9","2bomnjjb","","","","comprehension","109","1b_2a","a","4","1b_2a-4","0","","","","","","No","false"
"471","<div class=""comprehension-box"">
                    <p class=""feedback-incorrect"">Incorrect</p>
                    <p style=""font-size:18px;"">The correct answer was <strong>No</strong>.</p>
                    <p style=""margin-top:20px; font-size:16px; color:#555;"">
                    Press <span class=""key-label"">SPACE</span> to continue.
                    </p>
                </div>"," ","html-keyboard-response","658","280173","0.0-658.0","5d537c0cecc84200153075e9","6a04f72bb0f4a868caeeb473","6a05526634fbb9d50ec646a9","2bomnjjb","","","","feedback","109","1b_2a","a","4","1b_2a-4","0","","","","","","",""
"null","<span class=""fixation"">+</span>","null","html-keyboard-response","659","280683","0.0-659.0","5d537c0cecc84200153075e9","6a04f72bb0f4a868caeeb473","6a05526634fbb9d50ec646a9","2bomnjjb","","","","fixation","108","1b_2a","d","3","1b_2a-3","0","","","","","","",""
"179","<div class=""spr-display"">--- ----- ------- --- --- ------ --------- ---- --- ------ ------- ----- ------ --- ------------ ---- ----- --------- -- --- ---------"," ","html-keyboard-response","660","280863","0.0-660.0","5d537c0cecc84200153075e9","6a04f72bb0f4a868caeeb473","6a05526634fbb9d50ec646a9","2bomnjjb","","","","prompt","108","1b_2a","d","3","1b_2a-3","0","","","","","","",""
"208","<div class=""spr-display"">The ----- ------- --- --- ------ --------- ---- --- ------ ------- ----- ------ --- ------------ ---- ----- --------- -- --- ---------</div>"," ","html-keyboard-response","661","281072","0.0-661.0","5d537c0cecc84200153075e9","6a04f72bb0f4a868caeeb473","6a05526634fbb9d50ec646a9","2bomnjjb","","","","spr_word","108","1b_2a","d","3","1b_2a-3","0","The","0","21","false","","",""
"213","<div class=""spr-display"">The pilot ------- --- --- ------ --------- ---- --- ------ ------- ----- ------ --- ------------ ---- ----- --------- -- --- ---------</div>"," ","html-keyboard-response","662","281285","0.0-662.0","5d537c0cecc84200153075e9","6a04f72bb0f4a868caeeb473","6a05526634fbb9d50ec646a9","2bomnjjb","","","","spr_word","108","1b_2a","d","3","1b_2a-3","0","pilot","1","21","false","","",""
"208","<div class=""spr-display"">The pilot noticed --- --- ------ --------- ---- --- ------ ------- ----- ------ --- ------------ ---- ----- --------- -- --- ---------</div>"," ","html-keyboard-response","663","281494","0.0-663.0","5d537c0cecc84200153075e9","6a04f72bb0f4a868caeeb473","6a05526634fbb9d50ec646a9","2bomnjjb","","","","spr_word","108","1b_2a","d","3","1b_2a-3","0","noticed","2","21","false","","",""
"195","<div class=""spr-display"">The pilot noticed why --- ------ --------- ---- --- ------ ------- ----- ------ --- ------------ ---- ----- --------- -- --- ---------</div>"," ","html-keyboard-response","664","281690","0.0-664.0","5d537c0cecc84200153075e9","6a04f72bb0f4a868caeeb473","6a05526634fbb9d50ec646a9","2bomnjjb","","","","spr_word","108","1b_2a","d","3","1b_2a-3","0","why","3","21","false","","",""
"201","<div class=""spr-display"">The pilot noticed why the ------ --------- ---- --- ------ ------- ----- ------ --- ------------ ---- ----- --------- -- --- ---------</div>"," ","html-keyboard-response","665","281891","0.0-665.0","5d537c0cecc84200153075e9","6a04f72bb0f4a868caeeb473","6a05526634fbb9d50ec646a9","2bomnjjb","","","","spr_word","108","1b_2a","d","3","1b_2a-3","0","the","4","21","false","","",""
"216","<div class=""spr-display"">The pilot noticed why the pretty --------- ---- --- ------ ------- ----- ------ --- ------------ ---- ----- --------- -- --- ---------</div>"," ","html-keyboard-response","666","282108","0.0-666.0","5d537c0cecc84200153075e9","6a04f72bb0f4a868caeeb473","6a05526634fbb9d50ec646a9","2bomnjjb","","","","spr_word","108","1b_2a","d","3","1b_2a-3","0","pretty","5","21","false","","",""
"203","<div class=""spr-display"">The pilot noticed why the pretty attendant ---- --- ------ ------- ----- ------ --- ------------ ---- ----- --------- -- --- ---------</div>"," ","html-keyboard-response","667","282312","0.0-667.0","5d537c0cecc84200153075e9","6a04f72bb0f4a868caeeb473","6a05526634fbb9d50ec646a9","2bomnjjb","","","","spr_word","108","1b_2a","d","3","1b_2a-3","0","attendant","6","21","false","","",""
"202","<div class=""spr-display"">The pilot noticed why the pretty attendant that --- ------ ------- ----- ------ --- ------------ ---- ----- --------- -- --- ---------</div>"," ","html-keyboard-response","668","282515","0.0-668.0","5d537c0cecc84200153075e9","6a04f72bb0f4a868caeeb473","6a05526634fbb9d50ec646a9","2bomnjjb","","","","spr_word","108","1b_2a","d","3","1b_2a-3","0","that","7","21","false","","",""
"202","<div class=""spr-display"">The pilot noticed why the pretty attendant that the ------ ------- ----- ------ --- ------------ ---- ----- --------- -- --- ---------</div>"," ","html-keyboard-response","669","282718","0.0-669.0","5d537c0cecc84200153075e9","6a04f72bb0f4a868caeeb473","6a05526634fbb9d50ec646a9","2bomnjjb","","","","spr_word","108","1b_2a","d","3","1b_2a-3","0","the","8","21","false","","",""
"204","<div class=""spr-display"">The pilot noticed why the pretty attendant that the famous ------- ----- ------ --- ------------ ---- ----- --------- -- --- ---------</div>"," ","html-keyboard-response","670","282924","0.0-670.0","5d537c0cecc84200153075e9","6a04f72bb0f4a868caeeb473","6a05526634fbb9d50ec646a9","2bomnjjb","","","","spr_word","108","1b_2a","d","3","1b_2a-3","0","famous","9","21","false","","",""
"211","<div class=""spr-display"">The pilot noticed why the pretty attendant that the famous airline ----- ------ --- ------------ ---- ----- --------- -- --- ---------</div>"," ","html-keyboard-response","671","283136","0.0-671.0","5d537c0cecc84200153075e9","6a04f72bb0f4a868caeeb473","6a05526634fbb9d50ec646a9","2bomnjjb","","","","spr_word","108","1b_2a","d","3","1b_2a-3","0","airline","10","21","false","","",""
"213","<div class=""spr-display"">The pilot noticed why the pretty attendant that the famous airline hired ------ --- ------------ ---- ----- --------- -- --- ---------</div>"," ","html-keyboard-response","672","283349","0.0-672.0","5d537c0cecc84200153075e9","6a04f72bb0f4a868caeeb473","6a05526634fbb9d50ec646a9","2bomnjjb","","","","spr_word","108","1b_2a","d","3","1b_2a-3","0","hired","11","21","false","","",""
"199","<div class=""spr-display"">The pilot noticed why the pretty attendant that the famous airline hired kindly --- ------------ ---- ----- --------- -- --- ---------</div>"," ","html-keyboard-response","673","283549","0.0-673.0","5d537c0cecc84200153075e9","6a04f72bb0f4a868caeeb473","6a05526634fbb9d50ec646a9","2bomnjjb","","","","spr_word","108","1b_2a","d","3","1b_2a-3","0","kindly","12","21","false","","",""
"196","<div class=""spr-display"">The pilot noticed why the pretty attendant that the famous airline hired kindly and ------------ ---- ----- --------- -- --- ---------</div>"," ","html-keyboard-response","674","283746","0.0-674.0","5d537c0cecc84200153075e9","6a04f72bb0f4a868caeeb473","6a05526634fbb9d50ec646a9","2bomnjjb","","","","spr_word","108","1b_2a","d","3","1b_2a-3","0","and","13","21","false","","",""
"201","<div class=""spr-display"">The pilot noticed why the pretty attendant that the famous airline hired kindly and thoughtfully ---- ----- --------- -- --- ---------</div>"," ","html-keyboard-response","675","283948","0.0-675.0","5d537c0cecc84200153075e9","6a04f72bb0f4a868caeeb473","6a05526634fbb9d50ec646a9","2bomnjjb","","","","spr_word","108","1b_2a","d","3","1b_2a-3","0","thoughtfully","14","21","false","","",""
"200","<div class=""spr-display"">The pilot noticed why the pretty attendant that the famous airline hired kindly and thoughtfully gave ----- --------- -- --- ---------</div>"," ","html-keyboard-response","676","284149","0.0-676.0","5d537c0cecc84200153075e9","6a04f72bb0f4a868caeeb473","6a05526634fbb9d50ec646a9","2bomnjjb","","","","spr_word","108","1b_2a","d","3","1b_2a-3","0","gave","15","21","false","","",""
"202","<div class=""spr-display"">The pilot noticed why the pretty attendant that the famous airline hired kindly and thoughtfully gave extra --------- -- --- ---------</div>"," ","html-keyboard-response","677","284352","0.0-677.0","5d537c0cecc84200153075e9","6a04f72bb0f4a868caeeb473","6a05526634fbb9d50ec646a9","2bomnjjb","","","","spr_word","108","1b_2a","d","3","1b_2a-3","0","extra","16","21","false","","",""
"201","<div class=""spr-display"">The pilot noticed why the pretty attendant that the famous airline hired kindly and thoughtfully gave extra attention -- --- ---------</div>"," ","html-keyboard-response","678","284554","0.0-678.0","5d537c0cecc84200153075e9","6a04f72bb0f4a868caeeb473","6a05526634fbb9d50ec646a9","2bomnjjb","","","","spr_word","108","1b_2a","d","3","1b_2a-3","0","attention","17","21","false","","",""
"199","<div class=""spr-display"">The pilot noticed why the pretty attendant that the famous airline hired kindly and thoughtfully gave extra attention to --- ---------</div>"," ","html-keyboard-response","679","284754","0.0-679.0","5d537c0cecc84200153075e9","6a04f72bb0f4a868caeeb473","6a05526634fbb9d50ec646a9","2bomnjjb","","","","spr_word","108","1b_2a","d","3","1b_2a-3","0","to","18","21","false","","",""
"206","<div class=""spr-display"">The pilot noticed why the pretty attendant that the famous airline hired kindly and thoughtfully gave extra attention to her ---------</div>"," ","html-keyboard-response","680","284961","0.0-680.0","5d537c0cecc84200153075e9","6a04f72bb0f4a868caeeb473","6a05526634fbb9d50ec646a9","2bomnjjb","","","","spr_word","108","1b_2a","d","3","1b_2a-3","0","her","19","21","false","","",""
"180","<div class=""spr-display"">The pilot noticed why the pretty attendant that the famous airline hired kindly and thoughtfully gave extra attention to her daughter.</div>"," ","html-keyboard-response","681","285142","0.0-681.0","5d537c0cecc84200153075e9","6a04f72bb0f4a868caeeb473","6a05526634fbb9d50ec646a9","2bomnjjb","","","","spr_word","108","1b_2a","d","3","1b_2a-3","0","daughter.","20","21","false","","",""
"593","<div class=""comprehension-box"">
                    <p>undefined</p>
                    <p>Press <span class=""key-label"">F</span> for <strong>Yes</strong> &nbsp;|&nbsp;
                    Press <span class=""key-label"">J</span> for <strong>No</strong></p>
                </div>","f","html-keyboard-response","682","285736","0.0-682.0","5d537c0cecc84200153075e9","6a04f72bb0f4a868caeeb473","6a05526634fbb9d50ec646a9","2bomnjjb","","","","comprehension","108","1b_2a","d","3","1b_2a-3","0","","","","","","Yes","false"
"392","<div class=""comprehension-box"">
                    <p class=""feedback-incorrect"">Incorrect</p>
                    <p style=""font-size:18px;"">The correct answer was <strong>No</strong>.</p>
                    <p style=""margin-top:20px; font-size:16px; color:#555;"">
                    Press <span class=""key-label"">SPACE</span> to continue.
                    </p>
                </div>"," ","html-keyboard-response","683","286129","0.0-683.0","5d537c0cecc84200153075e9","6a04f72bb0f4a868caeeb473","6a05526634fbb9d50ec646a9","2bomnjjb","","","","feedback","108","1b_2a","d","3","1b_2a-3","0","","","","","","",""
"null","<span class=""fixation"">+</span>","null","html-keyboard-response","684","286631","0.0-684.0","5d537c0cecc84200153075e9","6a04f72bb0f4a868caeeb473","6a05526634fbb9d50ec646a9","2bomnjjb","","","","fixation","99","1b_2a","c","1","1b_2a-1","0","","","","","","",""
"165","<div class=""spr-display"">--- ---- ------- ---- --- -------- ------- ---- --- --------- ---- -------- ---------- --- ------- ---- --- ----- -- --- --------"," ","html-keyboard-response","685","286797","0.0-685.0","5d537c0cecc84200153075e9","6a04f72bb0f4a868caeeb473","6a05526634fbb9d50ec646a9","2bomnjjb","","","","prompt","99","1b_2a","c","1","1b_2a-1","0","","","","","","",""
"218","<div class=""spr-display"">The ---- ------- ---- --- -------- ------- ---- --- --------- ---- -------- ---------- --- ------- ---- --- ----- -- --- --------</div>"," ","html-keyboard-response","686","287017","0.0-686.0","5d537c0cecc84200153075e9","6a04f72bb0f4a868caeeb473","6a05526634fbb9d50ec646a9","2bomnjjb","","","","spr_word","99","1b_2a","c","1","1b_2a-1","0","The","0","21","false","","",""
"218","<div class=""spr-display"">The aide ------- ---- --- -------- ------- ---- --- --------- ---- -------- ---------- --- ------- ---- --- ----- -- --- --------</div>"," ","html-keyboard-response","687","287235","0.0-687.0","5d537c0cecc84200153075e9","6a04f72bb0f4a868caeeb473","6a05526634fbb9d50ec646a9","2bomnjjb","","","","spr_word","99","1b_2a","c","1","1b_2a-1","0","aide","1","21","false","","",""
"213","<div class=""spr-display"">The aide noticed ---- --- -------- ------- ---- --- --------- ---- -------- ---------- --- ------- ---- --- ----- -- --- --------</div>"," ","html-keyboard-response","688","287449","0.0-688.0","5d537c0cecc84200153075e9","6a04f72bb0f4a868caeeb473","6a05526634fbb9d50ec646a9","2bomnjjb","","","","spr_word","99","1b_2a","c","1","1b_2a-1","0","noticed","2","21","false","","",""
"220","<div class=""spr-display"">The aide noticed that --- -------- ------- ---- --- --------- ---- -------- ---------- --- ------- ---- --- ----- -- --- --------</div>"," ","html-keyboard-response","689","287670","0.0-689.0","5d537c0cecc84200153075e9","6a04f72bb0f4a868caeeb473","6a05526634fbb9d50ec646a9","2bomnjjb","","","","spr_word","99","1b_2a","c","1","1b_2a-1","0","that","3","21","false","","",""
"219","<div class=""spr-display"">The aide noticed that the -------- ------- ---- --- --------- ---- -------- ---------- --- ------- ---- --- ----- -- --- --------</div>"," ","html-keyboard-response","690","287890","0.0-690.0","5d537c0cecc84200153075e9","6a04f72bb0f4a868caeeb473","6a05526634fbb9d50ec646a9","2bomnjjb","","","","spr_word","99","1b_2a","c","1","1b_2a-1","0","the","4","21","false","","",""
"214","<div class=""spr-display"">The aide noticed that the generous ------- ---- --- --------- ---- -------- ---------- --- ------- ---- --- ----- -- --- --------</div>"," ","html-keyboard-response","691","288105","0.0-691.0","5d537c0cecc84200153075e9","6a04f72bb0f4a868caeeb473","6a05526634fbb9d50ec646a9","2bomnjjb","","","","spr_word","99","1b_2a","c","1","1b_2a-1","0","generous","5","21","false","","",""
"204","<div class=""spr-display"">The aide noticed that the generous teacher ---- --- --------- ---- -------- ---------- --- ------- ---- --- ----- -- --- --------</div>"," ","html-keyboard-response","692","288310","0.0-692.0","5d537c0cecc84200153075e9","6a04f72bb0f4a868caeeb473","6a05526634fbb9d50ec646a9","2bomnjjb","","","","spr_word","99","1b_2a","c","1","1b_2a-1","0","teacher","6","21","false","","",""
"218","<div class=""spr-display"">The aide noticed that the generous teacher that --- --------- ---- -------- ---------- --- ------- ---- --- ----- -- --- --------</div>"," ","html-keyboard-response","693","288529","0.0-693.0","5d537c0cecc84200153075e9","6a04f72bb0f4a868caeeb473","6a05526634fbb9d50ec646a9","2bomnjjb","","","","spr_word","99","1b_2a","c","1","1b_2a-1","0","that","7","21","false","","",""
"225","<div class=""spr-display"">The aide noticed that the generous teacher that the --------- ---- -------- ---------- --- ------- ---- --- ----- -- --- --------</div>"," ","html-keyboard-response","694","288755","0.0-694.0","5d537c0cecc84200153075e9","6a04f72bb0f4a868caeeb473","6a05526634fbb9d50ec646a9","2bomnjjb","","","","spr_word","99","1b_2a","c","1","1b_2a-1","0","the","8","21","false","","",""
"221","<div class=""spr-display"">The aide noticed that the generous teacher that the exemplary ---- -------- ---------- --- ------- ---- --- ----- -- --- --------</div>"," ","html-keyboard-response","695","288977","0.0-695.0","5d537c0cecc84200153075e9","6a04f72bb0f4a868caeeb473","6a05526634fbb9d50ec646a9","2bomnjjb","","","","spr_word","99","1b_2a","c","1","1b_2a-1","0","exemplary","9","21","false","","",""
"205","<div class=""spr-display"">The aide noticed that the generous teacher that the exemplary dean -------- ---------- --- ------- ---- --- ----- -- --- --------</div>"," ","html-keyboard-response","696","289183","0.0-696.0","5d537c0cecc84200153075e9","6a04f72bb0f4a868caeeb473","6a05526634fbb9d50ec646a9","2bomnjjb","","","","spr_word","99","1b_2a","c","1","1b_2a-1","0","dean","10","21","false","","",""
"205","<div class=""spr-display"">The aide noticed that the generous teacher that the exemplary dean employed ---------- --- ------- ---- --- ----- -- --- --------</div>"," ","html-keyboard-response","697","289389","0.0-697.0","5d537c0cecc84200153075e9","6a04f72bb0f4a868caeeb473","6a05526634fbb9d50ec646a9","2bomnjjb","","","","spr_word","99","1b_2a","c","1","1b_2a-1","0","employed","11","21","false","","",""
"216","<div class=""spr-display"">The aide noticed that the generous teacher that the exemplary dean employed graciously --- ------- ---- --- ----- -- --- --------</div>"," ","html-keyboard-response","698","289606","0.0-698.0","5d537c0cecc84200153075e9","6a04f72bb0f4a868caeeb473","6a05526634fbb9d50ec646a9","2bomnjjb","","","","spr_word","99","1b_2a","c","1","1b_2a-1","0","graciously","12","21","false","","",""
"215","<div class=""spr-display"">The aide noticed that the generous teacher that the exemplary dean employed graciously and ------- ---- --- ----- -- --- --------</div>"," ","html-keyboard-response","699","289822","0.0-699.0","5d537c0cecc84200153075e9","6a04f72bb0f4a868caeeb473","6a05526634fbb9d50ec646a9","2bomnjjb","","","","spr_word","99","1b_2a","c","1","1b_2a-1","0","and","13","21","false","","",""
"212","<div class=""spr-display"">The aide noticed that the generous teacher that the exemplary dean employed graciously and happily ---- --- ----- -- --- --------</div>"," ","html-keyboard-response","700","290035","0.0-700.0","5d537c0cecc84200153075e9","6a04f72bb0f4a868caeeb473","6a05526634fbb9d50ec646a9","2bomnjjb","","","","spr_word","99","1b_2a","c","1","1b_2a-1","0","happily","14","21","false","","",""
"215","<div class=""spr-display"">The aide noticed that the generous teacher that the exemplary dean employed graciously and happily gave --- ----- -- --- --------</div>"," ","html-keyboard-response","701","290250","0.0-701.0","5d537c0cecc84200153075e9","6a04f72bb0f4a868caeeb473","6a05526634fbb9d50ec646a9","2bomnjjb","","","","spr_word","99","1b_2a","c","1","1b_2a-1","0","gave","15","21","false","","",""
"222","<div class=""spr-display"">The aide noticed that the generous teacher that the exemplary dean employed graciously and happily gave the ----- -- --- --------</div>"," ","html-keyboard-response","702","290473","0.0-702.0","5d537c0cecc84200153075e9","6a04f72bb0f4a868caeeb473","6a05526634fbb9d50ec646a9","2bomnjjb","","","","spr_word","99","1b_2a","c","1","1b_2a-1","0","the","16","21","false","","",""
"220","<div class=""spr-display"">The aide noticed that the generous teacher that the exemplary dean employed graciously and happily gave the prize -- --- --------</div>"," ","html-keyboard-response","703","290694","0.0-703.0","5d537c0cecc84200153075e9","6a04f72bb0f4a868caeeb473","6a05526634fbb9d50ec646a9","2bomnjjb","","","","spr_word","99","1b_2a","c","1","1b_2a-1","0","prize","17","21","false","","",""
"196","<div class=""spr-display"">The aide noticed that the generous teacher that the exemplary dean employed graciously and happily gave the prize to --- --------</div>"," ","html-keyboard-response","704","290891","0.0-704.0","5d537c0cecc84200153075e9","6a04f72bb0f4a868caeeb473","6a05526634fbb9d50ec646a9","2bomnjjb","","","","spr_word","99","1b_2a","c","1","1b_2a-1","0","to","18","21","false","","",""
"209","<div class=""spr-display"">The aide noticed that the generous teacher that the exemplary dean employed graciously and happily gave the prize to the --------</div>"," ","html-keyboard-response","705","291101","0.0-705.0","5d537c0cecc84200153075e9","6a04f72bb0f4a868caeeb473","6a05526634fbb9d50ec646a9","2bomnjjb","","","","spr_word","99","1b_2a","c","1","1b_2a-1","0","the","19","21","false","","",""
"224","<div class=""spr-display"">The aide noticed that the generous teacher that the exemplary dean employed graciously and happily gave the prize to the student.</div>"," ","html-keyboard-response","706","291325","0.0-706.0","5d537c0cecc84200153075e9","6a04f72bb0f4a868caeeb473","6a05526634fbb9d50ec646a9","2bomnjjb","","","","spr_word","99","1b_2a","c","1","1b_2a-1","0","student.","20","21","false","","",""
"794","<div class=""comprehension-box"">
                    <p>undefined</p>
                    <p>Press <span class=""key-label"">F</span> for <strong>Yes</strong> &nbsp;|&nbsp;
                    Press <span class=""key-label"">J</span> for <strong>No</strong></p>
                </div>","f","html-keyboard-response","707","292120","0.0-707.0","5d537c0cecc84200153075e9","6a04f72bb0f4a868caeeb473","6a05526634fbb9d50ec646a9","2bomnjjb","","","","comprehension","99","1b_2a","c","1","1b_2a-1","0","","","","","","Yes","false"
"1104","<div class=""comprehension-box"">
                    <p class=""feedback-incorrect"">Incorrect</p>
                    <p style=""font-size:18px;"">The correct answer was <strong>No</strong>.</p>
                    <p style=""margin-top:20px; font-size:16px; color:#555;"">
                    Press <span class=""key-label"">SPACE</span> to continue.
                    </p>
                </div>"," ","html-keyboard-response","708","293224","0.0-708.0","5d537c0cecc84200153075e9","6a04f72bb0f4a868caeeb473","6a05526634fbb9d50ec646a9","2bomnjjb","","","","feedback","99","1b_2a","c","1","1b_2a-1","0","","","","","","",""
"null","<span class=""fixation"">+</span>","null","html-keyboard-response","709","293733","0.0-709.0","5d537c0cecc84200153075e9","6a04f72bb0f4a868caeeb473","6a05526634fbb9d50ec646a9","2bomnjjb","","","","fixation","134","1b_2a","b","10","1b_2a-10","0","","","","","","",""
"139","<div class=""spr-display"">--- ------ --------- --- --- -------- ---- ---- --- -------- ------- ----- ---------- --- ---------- ------ --- --------- -- --- -------"," ","html-keyboard-response","710","293874","0.0-710.0","5d537c0cecc84200153075e9","6a04f72bb0f4a868caeeb473","6a05526634fbb9d50ec646a9","2bomnjjb","","","","prompt","134","1b_2a","b","10","1b_2a-10","0","","","","","","",""
"211","<div class=""spr-display"">The ------ --------- --- --- -------- ---- ---- --- -------- ------- ----- ---------- --- ---------- ------ --- --------- -- --- -------</div>"," ","html-keyboard-response","711","294086","0.0-711.0","5d537c0cecc84200153075e9","6a04f72bb0f4a868caeeb473","6a05526634fbb9d50ec646a9","2bomnjjb","","","","spr_word","134","1b_2a","b","10","1b_2a-10","0","The","0","21","false","","",""
"211","<div class=""spr-display"">The critic --------- --- --- -------- ---- ---- --- -------- ------- ----- ---------- --- ---------- ------ --- --------- -- --- -------</div>"," ","html-keyboard-response","712","294298","0.0-712.0","5d537c0cecc84200153075e9","6a04f72bb0f4a868caeeb473","6a05526634fbb9d50ec646a9","2bomnjjb","","","","spr_word","134","1b_2a","b","10","1b_2a-10","0","critic","1","21","false","","",""
"210","<div class=""spr-display"">The critic mentioned --- --- -------- ---- ---- --- -------- ------- ----- ---------- --- ---------- ------ --- --------- -- --- -------</div>"," ","html-keyboard-response","713","294509","0.0-713.0","5d537c0cecc84200153075e9","6a04f72bb0f4a868caeeb473","6a05526634fbb9d50ec646a9","2bomnjjb","","","","spr_word","134","1b_2a","b","10","1b_2a-10","0","mentioned","2","21","false","","",""
"215","<div class=""spr-display"">The critic mentioned how --- -------- ---- ---- --- -------- ------- ----- ---------- --- ---------- ------ --- --------- -- --- -------</div>"," ","html-keyboard-response","714","294725","0.0-714.0","5d537c0cecc84200153075e9","6a04f72bb0f4a868caeeb473","6a05526634fbb9d50ec646a9","2bomnjjb","","","","spr_word","134","1b_2a","b","10","1b_2a-10","0","how","3","21","false","","",""
"217","<div class=""spr-display"">The critic mentioned how the -------- ---- ---- --- -------- ------- ----- ---------- --- ---------- ------ --- --------- -- --- -------</div>"," ","html-keyboard-response","715","294942","0.0-715.0","5d537c0cecc84200153075e9","6a04f72bb0f4a868caeeb473","6a05526634fbb9d50ec646a9","2bomnjjb","","","","spr_word","134","1b_2a","b","10","1b_2a-10","0","the","4","21","false","","",""
"204","<div class=""spr-display"">The critic mentioned how the renowned ---- ---- --- -------- ------- ----- ---------- --- ---------- ------ --- --------- -- --- -------</div>"," ","html-keyboard-response","716","295148","0.0-716.0","5d537c0cecc84200153075e9","6a04f72bb0f4a868caeeb473","6a05526634fbb9d50ec646a9","2bomnjjb","","","","spr_word","134","1b_2a","b","10","1b_2a-10","0","renowned","5","21","false","","",""
"208","<div class=""spr-display"">The critic mentioned how the renowned chef ---- --- -------- ------- ----- ---------- --- ---------- ------ --- --------- -- --- -------</div>"," ","html-keyboard-response","717","295356","0.0-717.0","5d537c0cecc84200153075e9","6a04f72bb0f4a868caeeb473","6a05526634fbb9d50ec646a9","2bomnjjb","","","","spr_word","134","1b_2a","b","10","1b_2a-10","0","chef","6","21","false","","",""
"220","<div class=""spr-display"">The critic mentioned how the renowned chef that --- -------- ------- ----- ---------- --- ---------- ------ --- --------- -- --- -------</div>"," ","html-keyboard-response","718","295577","0.0-718.0","5d537c0cecc84200153075e9","6a04f72bb0f4a868caeeb473","6a05526634fbb9d50ec646a9","2bomnjjb","","","","spr_word","134","1b_2a","b","10","1b_2a-10","0","that","7","21","false","","",""
"196","<div class=""spr-display"">The critic mentioned how the renowned chef that the -------- ------- ----- ---------- --- ---------- ------ --- --------- -- --- -------</div>"," ","html-keyboard-response","719","295773","0.0-719.0","5d537c0cecc84200153075e9","6a04f72bb0f4a868caeeb473","6a05526634fbb9d50ec646a9","2bomnjjb","","","","spr_word","134","1b_2a","b","10","1b_2a-10","0","the","8","21","false","","",""
"249","<div class=""spr-display"">The critic mentioned how the renowned chef that the friendly ------- ----- ---------- --- ---------- ------ --- --------- -- --- -------</div>"," ","html-keyboard-response","720","296023","0.0-720.0","5d537c0cecc84200153075e9","6a04f72bb0f4a868caeeb473","6a05526634fbb9d50ec646a9","2bomnjjb","","","","spr_word","134","1b_2a","b","10","1b_2a-10","0","friendly","9","21","false","","",""
"219","<div class=""spr-display"">The critic mentioned how the renowned chef that the friendly hostess ----- ---------- --- ---------- ------ --- --------- -- --- -------</div>"," ","html-keyboard-response","721","296243","0.0-721.0","5d537c0cecc84200153075e9","6a04f72bb0f4a868caeeb473","6a05526634fbb9d50ec646a9","2bomnjjb","","","","spr_word","134","1b_2a","b","10","1b_2a-10","0","hostess","10","21","false","","",""
"229","<div class=""spr-display"">The critic mentioned how the renowned chef that the friendly hostess liked ---------- --- ---------- ------ --- --------- -- --- -------</div>"," ","html-keyboard-response","722","296472","0.0-722.0","5d537c0cecc84200153075e9","6a04f72bb0f4a868caeeb473","6a05526634fbb9d50ec646a9","2bomnjjb","","","","spr_word","134","1b_2a","b","10","1b_2a-10","0","liked","11","21","false","","",""
"199","<div class=""spr-display"">The critic mentioned how the renowned chef that the friendly hostess liked frequently --- ---------- ------ --- --------- -- --- -------</div>"," ","html-keyboard-response","723","296672","0.0-723.0","5d537c0cecc84200153075e9","6a04f72bb0f4a868caeeb473","6a05526634fbb9d50ec646a9","2bomnjjb","","","","spr_word","134","1b_2a","b","10","1b_2a-10","0","frequently","12","21","false","","",""
"221","<div class=""spr-display"">The critic mentioned how the renowned chef that the friendly hostess liked frequently and ---------- ------ --- --------- -- --- -------</div>"," ","html-keyboard-response","724","296894","0.0-724.0","5d537c0cecc84200153075e9","6a04f72bb0f4a868caeeb473","6a05526634fbb9d50ec646a9","2bomnjjb","","","","spr_word","134","1b_2a","b","10","1b_2a-10","0","and","13","21","false","","",""
"205","<div class=""spr-display"">The critic mentioned how the renowned chef that the friendly hostess liked frequently and cheerfully ------ --- --------- -- --- -------</div>"," ","html-keyboard-response","725","297100","0.0-725.0","5d537c0cecc84200153075e9","6a04f72bb0f4a868caeeb473","6a05526634fbb9d50ec646a9","2bomnjjb","","","","spr_word","134","1b_2a","b","10","1b_2a-10","0","cheerfully","14","21","false","","",""
"220","<div class=""spr-display"">The critic mentioned how the renowned chef that the friendly hostess liked frequently and cheerfully served --- --------- -- --- -------</div>"," ","html-keyboard-response","726","297320","0.0-726.0","5d537c0cecc84200153075e9","6a04f72bb0f4a868caeeb473","6a05526634fbb9d50ec646a9","2bomnjjb","","","","spr_word","134","1b_2a","b","10","1b_2a-10","0","served","15","21","false","","",""
"216","<div class=""spr-display"">The critic mentioned how the renowned chef that the friendly hostess liked frequently and cheerfully served the --------- -- --- -------</div>"," ","html-keyboard-response","727","297537","0.0-727.0","5d537c0cecc84200153075e9","6a04f72bb0f4a868caeeb473","6a05526634fbb9d50ec646a9","2bomnjjb","","","","spr_word","134","1b_2a","b","10","1b_2a-10","0","the","16","21","false","","",""
"209","<div class=""spr-display"">The critic mentioned how the renowned chef that the friendly hostess liked frequently and cheerfully served the appetizer -- --- -------</div>"," ","html-keyboard-response","728","297747","0.0-728.0","5d537c0cecc84200153075e9","6a04f72bb0f4a868caeeb473","6a05526634fbb9d50ec646a9","2bomnjjb","","","","spr_word","134","1b_2a","b","10","1b_2a-10","0","appetizer","17","21","false","","",""
"204","<div class=""spr-display"">The critic mentioned how the renowned chef that the friendly hostess liked frequently and cheerfully served the appetizer to --- -------</div>"," ","html-keyboard-response","729","297951","0.0-729.0","5d537c0cecc84200153075e9","6a04f72bb0f4a868caeeb473","6a05526634fbb9d50ec646a9","2bomnjjb","","","","spr_word","134","1b_2a","b","10","1b_2a-10","0","to","18","21","false","","",""
"202","<div class=""spr-display"">The critic mentioned how the renowned chef that the friendly hostess liked frequently and cheerfully served the appetizer to the -------</div>"," ","html-keyboard-response","730","298155","0.0-730.0","5d537c0cecc84200153075e9","6a04f72bb0f4a868caeeb473","6a05526634fbb9d50ec646a9","2bomnjjb","","","","spr_word","134","1b_2a","b","10","1b_2a-10","0","the","19","21","false","","",""
"314","<div class=""spr-display"">The critic mentioned how the renowned chef that the friendly hostess liked frequently and cheerfully served the appetizer to the patron.</div>"," ","html-keyboard-response","731","298469","0.0-731.0","5d537c0cecc84200153075e9","6a04f72bb0f4a868caeeb473","6a05526634fbb9d50ec646a9","2bomnjjb","","","","spr_word","134","1b_2a","b","10","1b_2a-10","0","patron.","20","21","false","","",""
"1502","<div class=""comprehension-box"">
                    <p>undefined</p>
                    <p>Press <span class=""key-label"">F</span> for <strong>Yes</strong> &nbsp;|&nbsp;
                    Press <span class=""key-label"">J</span> for <strong>No</strong></p>
                </div>","j","html-keyboard-response","732","299971","0.0-732.0","5d537c0cecc84200153075e9","6a04f72bb0f4a868caeeb473","6a05526634fbb9d50ec646a9","2bomnjjb","","","","comprehension","134","1b_2a","b","10","1b_2a-10","0","","","","","","No","false"
"850","<div class=""comprehension-box"">
                    <p class=""feedback-incorrect"">Incorrect</p>
                    <p style=""font-size:18px;"">The correct answer was <strong>No</strong>.</p>
                    <p style=""margin-top:20px; font-size:16px; color:#555;"">
                    Press <span class=""key-label"">SPACE</span> to continue.
                    </p>
                </div>"," ","html-keyboard-response","733","300822","0.0-733.0","5d537c0cecc84200153075e9","6a04f72bb0f4a868caeeb473","6a05526634fbb9d50ec646a9","2bomnjjb","","","","feedback","134","1b_2a","b","10","1b_2a-10","0","","","","","","",""
"null","<span class=""fixation"">+</span>","null","html-keyboard-response","734","301327","0.0-734.0","5d537c0cecc84200153075e9","6a04f72bb0f4a868caeeb473","6a05526634fbb9d50ec646a9","2bomnjjb","","","","fixation","114","1b_2a","b","5","1b_2a-5","0","","","","","","",""
"124","<div class=""spr-display"">--- ------- ---------- --- --- --------- --------- ---- --- --------- ------- ------ -------- --- -------- ---- - ------ -- --- -------"," ","html-keyboard-response","735","301452","0.0-735.0","5d537c0cecc84200153075e9","6a04f72bb0f4a868caeeb473","6a05526634fbb9d50ec646a9","2bomnjjb","","","","prompt","114","1b_2a","b","5","1b_2a-5","0","","","","","","",""
"214","<div class=""spr-display"">The ------- ---------- --- --- --------- --------- ---- --- --------- ------- ------ -------- --- -------- ---- - ------ -- --- -------</div>"," ","html-keyboard-response","736","301666","0.0-736.0","5d537c0cecc84200153075e9","6a04f72bb0f4a868caeeb473","6a05526634fbb9d50ec646a9","2bomnjjb","","","","spr_word","114","1b_2a","b","5","1b_2a-5","0","The","0","21","false","","",""
"371","<div class=""spr-display"">The pianist ---------- --- --- --------- --------- ---- --- --------- ------- ------ -------- --- -------- ---- - ------ -- --- -------</div>"," ","html-keyboard-response","737","302038","0.0-737.0","5d537c0cecc84200153075e9","6a04f72bb0f4a868caeeb473","6a05526634fbb9d50ec646a9","2bomnjjb","","","","spr_word","114","1b_2a","b","5","1b_2a-5","0","pianist","1","21","false","","",""
"190","<div class=""spr-display"">The pianist remembered --- --- --------- --------- ---- --- --------- ------- ------ -------- --- -------- ---- - ------ -- --- -------</div>"," ","html-keyboard-response","738","302229","0.0-738.0","5d537c0cecc84200153075e9","6a04f72bb0f4a868caeeb473","6a05526634fbb9d50ec646a9","2bomnjjb","","","","spr_word","114","1b_2a","b","5","1b_2a-5","0","remembered","2","21","false","","",""
"196","<div class=""spr-display"">The pianist remembered how --- --------- --------- ---- --- --------- ------- ------ -------- --- -------- ---- - ------ -- --- -------</div>"," ","html-keyboard-response","739","302425","0.0-739.0","5d537c0cecc84200153075e9","6a04f72bb0f4a868caeeb473","6a05526634fbb9d50ec646a9","2bomnjjb","","","","spr_word","114","1b_2a","b","5","1b_2a-5","0","how","3","21","false","","",""
"202","<div class=""spr-display"">The pianist remembered how the --------- --------- ---- --- --------- ------- ------ -------- --- -------- ---- - ------ -- --- -------</div>"," ","html-keyboard-response","740","302628","0.0-740.0","5d537c0cecc84200153075e9","6a04f72bb0f4a868caeeb473","6a05526634fbb9d50ec646a9","2bomnjjb","","","","spr_word","114","1b_2a","b","5","1b_2a-5","0","the","4","21","false","","",""
"211","<div class=""spr-display"">The pianist remembered how the competent --------- ---- --- --------- ------- ------ -------- --- -------- ---- - ------ -- --- -------</div>"," ","html-keyboard-response","741","302840","0.0-741.0","5d537c0cecc84200153075e9","6a04f72bb0f4a868caeeb473","6a05526634fbb9d50ec646a9","2bomnjjb","","","","spr_word","114","1b_2a","b","5","1b_2a-5","0","competent","5","21","false","","",""
"198","<div class=""spr-display"">The pianist remembered how the competent conductor ---- --- --------- ------- ------ -------- --- -------- ---- - ------ -- --- -------</div>"," ","html-keyboard-response","742","303039","0.0-742.0","5d537c0cecc84200153075e9","6a04f72bb0f4a868caeeb473","6a05526634fbb9d50ec646a9","2bomnjjb","","","","spr_word","114","1b_2a","b","5","1b_2a-5","0","conductor","6","21","false","","",""
"208","<div class=""spr-display"">The pianist remembered how the competent conductor that --- --------- ------- ------ -------- --- -------- ---- - ------ -- --- -------</div>"," ","html-keyboard-response","743","303248","0.0-743.0","5d537c0cecc84200153075e9","6a04f72bb0f4a868caeeb473","6a05526634fbb9d50ec646a9","2bomnjjb","","","","spr_word","114","1b_2a","b","5","1b_2a-5","0","that","7","21","false","","",""
"204","<div class=""spr-display"">The pianist remembered how the competent conductor that the --------- ------- ------ -------- --- -------- ---- - ------ -- --- -------</div>"," ","html-keyboard-response","744","303453","0.0-744.0","5d537c0cecc84200153075e9","6a04f72bb0f4a868caeeb473","6a05526634fbb9d50ec646a9","2bomnjjb","","","","spr_word","114","1b_2a","b","5","1b_2a-5","0","the","8","21","false","","",""
"214","<div class=""spr-display"">The pianist remembered how the competent conductor that the beautiful ------- ------ -------- --- -------- ---- - ------ -- --- -------</div>"," ","html-keyboard-response","745","303668","0.0-745.0","5d537c0cecc84200153075e9","6a04f72bb0f4a868caeeb473","6a05526634fbb9d50ec646a9","2bomnjjb","","","","spr_word","114","1b_2a","b","5","1b_2a-5","0","beautiful","9","21","false","","",""
"212","<div class=""spr-display"">The pianist remembered how the competent conductor that the beautiful cellist ------ -------- --- -------- ---- - ------ -- --- -------</div>"," ","html-keyboard-response","746","303881","0.0-746.0","5d537c0cecc84200153075e9","6a04f72bb0f4a868caeeb473","6a05526634fbb9d50ec646a9","2bomnjjb","","","","spr_word","114","1b_2a","b","5","1b_2a-5","0","cellist","10","21","false","","",""
"216","<div class=""spr-display"">The pianist remembered how the competent conductor that the beautiful cellist adored -------- --- -------- ---- - ------ -- --- -------</div>"," ","html-keyboard-response","747","304097","0.0-747.0","5d537c0cecc84200153075e9","6a04f72bb0f4a868caeeb473","6a05526634fbb9d50ec646a9","2bomnjjb","","","","spr_word","114","1b_2a","b","5","1b_2a-5","0","adored","11","21","false","","",""
"208","<div class=""spr-display"">The pianist remembered how the competent conductor that the beautiful cellist adored secretly --- -------- ---- - ------ -- --- -------</div>"," ","html-keyboard-response","748","304306","0.0-748.0","5d537c0cecc84200153075e9","6a04f72bb0f4a868caeeb473","6a05526634fbb9d50ec646a9","2bomnjjb","","","","spr_word","114","1b_2a","b","5","1b_2a-5","0","secretly","12","21","false","","",""
"199","<div class=""spr-display"">The pianist remembered how the competent conductor that the beautiful cellist adored secretly and -------- ---- - ------ -- --- -------</div>"," ","html-keyboard-response","749","304505","0.0-749.0","5d537c0cecc84200153075e9","6a04f72bb0f4a868caeeb473","6a05526634fbb9d50ec646a9","2bomnjjb","","","","spr_word","114","1b_2a","b","5","1b_2a-5","0","and","13","21","false","","",""
"221","<div class=""spr-display"">The pianist remembered how the competent conductor that the beautiful cellist adored secretly and woefully ---- - ------ -- --- -------</div>"," ","html-keyboard-response","750","304727","0.0-750.0","5d537c0cecc84200153075e9","6a04f72bb0f4a868caeeb473","6a05526634fbb9d50ec646a9","2bomnjjb","","","","spr_word","114","1b_2a","b","5","1b_2a-5","0","woefully","14","21","false","","",""
"202","<div class=""spr-display"">The pianist remembered how the competent conductor that the beautiful cellist adored secretly and woefully sent - ------ -- --- -------</div>"," ","html-keyboard-response","751","304929","0.0-751.0","5d537c0cecc84200153075e9","6a04f72bb0f4a868caeeb473","6a05526634fbb9d50ec646a9","2bomnjjb","","","","spr_word","114","1b_2a","b","5","1b_2a-5","0","sent","15","21","false","","",""
"210","<div class=""spr-display"">The pianist remembered how the competent conductor that the beautiful cellist adored secretly and woefully sent a ------ -- --- -------</div>"," ","html-keyboard-response","752","305141","0.0-752.0","5d537c0cecc84200153075e9","6a04f72bb0f4a868caeeb473","6a05526634fbb9d50ec646a9","2bomnjjb","","","","spr_word","114","1b_2a","b","5","1b_2a-5","0","a","16","21","false","","",""
"203","<div class=""spr-display"">The pianist remembered how the competent conductor that the beautiful cellist adored secretly and woefully sent a letter -- --- -------</div>"," ","html-keyboard-response","753","305344","0.0-753.0","5d537c0cecc84200153075e9","6a04f72bb0f4a868caeeb473","6a05526634fbb9d50ec646a9","2bomnjjb","","","","spr_word","114","1b_2a","b","5","1b_2a-5","0","letter","17","21","false","","",""
"199","<div class=""spr-display"">The pianist remembered how the competent conductor that the beautiful cellist adored secretly and woefully sent a letter to --- -------</div>"," ","html-keyboard-response","754","305544","0.0-754.0","5d537c0cecc84200153075e9","6a04f72bb0f4a868caeeb473","6a05526634fbb9d50ec646a9","2bomnjjb","","","","spr_word","114","1b_2a","b","5","1b_2a-5","0","to","18","21","false","","",""
"216","<div class=""spr-display"">The pianist remembered how the competent conductor that the beautiful cellist adored secretly and woefully sent a letter to the -------</div>"," ","html-keyboard-response","755","305760","0.0-755.0","5d537c0cecc84200153075e9","6a04f72bb0f4a868caeeb473","6a05526634fbb9d50ec646a9","2bomnjjb","","","","spr_word","114","1b_2a","b","5","1b_2a-5","0","the","19","21","false","","",""
"694","<div class=""spr-display"">The pianist remembered how the competent conductor that the beautiful cellist adored secretly and woefully sent a letter to the oboist.</div>"," ","html-keyboard-response","756","306455","0.0-756.0","5d537c0cecc84200153075e9","6a04f72bb0f4a868caeeb473","6a05526634fbb9d50ec646a9","2bomnjjb","","","","spr_word","114","1b_2a","b","5","1b_2a-5","0","oboist.","20","21","false","","",""
"537","<div class=""comprehension-box"">
                    <p>undefined</p>
                    <p>Press <span class=""key-label"">F</span> for <strong>Yes</strong> &nbsp;|&nbsp;
                    Press <span class=""key-label"">J</span> for <strong>No</strong></p>
                </div>","j","html-keyboard-response","757","306993","0.0-757.0","5d537c0cecc84200153075e9","6a04f72bb0f4a868caeeb473","6a05526634fbb9d50ec646a9","2bomnjjb","","","","comprehension","114","1b_2a","b","5","1b_2a-5","0","","","","","","No","false"
"731","<div class=""comprehension-box"">
                    <p class=""feedback-incorrect"">Incorrect</p>
                    <p style=""font-size:18px;"">The correct answer was <strong>No</strong>.</p>
                    <p style=""margin-top:20px; font-size:16px; color:#555;"">
                    Press <span class=""key-label"">SPACE</span> to continue.
                    </p>
                </div>"," ","html-keyboard-response","758","307725","0.0-758.0","5d537c0cecc84200153075e9","6a04f72bb0f4a868caeeb473","6a05526634fbb9d50ec646a9","2bomnjjb","","","","feedback","114","1b_2a","b","5","1b_2a-5","0","","","","","","",""
"null","<span class=""fixation"">+</span>","null","html-keyboard-response","759","308230","0.0-759.0","5d537c0cecc84200153075e9","6a04f72bb0f4a868caeeb473","6a05526634fbb9d50ec646a9","2bomnjjb","","","","fixation","131","1b_2a","c","9","1b_2a-9","0","","","","","","",""
"125","<div class=""spr-display"">--- ----- -------- ---- --- --------- ------- ---- --- ------ ---------- -------- ----------- --- ---------- ------- --- ----- ---- --- -------"," ","html-keyboard-response","760","308355","0.0-760.0","5d537c0cecc84200153075e9","6a04f72bb0f4a868caeeb473","6a05526634fbb9d50ec646a9","2bomnjjb","","","","prompt","131","1b_2a","c","9","1b_2a-9","0","","","","","","",""
"228","<div class=""spr-display"">The ----- -------- ---- --- --------- ------- ---- --- ------ ---------- -------- ----------- --- ---------- ------- --- ----- ---- --- -------</div>"," ","html-keyboard-response","761","308584","0.0-761.0","5d537c0cecc84200153075e9","6a04f72bb0f4a868caeeb473","6a05526634fbb9d50ec646a9","2bomnjjb","","","","spr_word","131","1b_2a","c","9","1b_2a-9","0","The","0","21","false","","",""
"204","<div class=""spr-display"">The boxer -------- ---- --- --------- ------- ---- --- ------ ---------- -------- ----------- --- ---------- ------- --- ----- ---- --- -------</div>"," ","html-keyboard-response","762","308789","0.0-762.0","5d537c0cecc84200153075e9","6a04f72bb0f4a868caeeb473","6a05526634fbb9d50ec646a9","2bomnjjb","","","","spr_word","131","1b_2a","c","9","1b_2a-9","0","boxer","1","21","false","","",""
"214","<div class=""spr-display"">The boxer revealed ---- --- --------- ------- ---- --- ------ ---------- -------- ----------- --- ---------- ------- --- ----- ---- --- -------</div>"," ","html-keyboard-response","763","309003","0.0-763.0","5d537c0cecc84200153075e9","6a04f72bb0f4a868caeeb473","6a05526634fbb9d50ec646a9","2bomnjjb","","","","spr_word","131","1b_2a","c","9","1b_2a-9","0","revealed","2","21","false","","",""
"208","<div class=""spr-display"">The boxer revealed that --- --------- ------- ---- --- ------ ---------- -------- ----------- --- ---------- ------- --- ----- ---- --- -------</div>"," ","html-keyboard-response","764","309212","0.0-764.0","5d537c0cecc84200153075e9","6a04f72bb0f4a868caeeb473","6a05526634fbb9d50ec646a9","2bomnjjb","","","","spr_word","131","1b_2a","c","9","1b_2a-9","0","that","3","21","false","","",""
"216","<div class=""spr-display"">The boxer revealed that the --------- ------- ---- --- ------ ---------- -------- ----------- --- ---------- ------- --- ----- ---- --- -------</div>"," ","html-keyboard-response","765","309429","0.0-765.0","5d537c0cecc84200153075e9","6a04f72bb0f4a868caeeb473","6a05526634fbb9d50ec646a9","2bomnjjb","","","","spr_word","131","1b_2a","c","9","1b_2a-9","0","the","4","21","false","","",""
"215","<div class=""spr-display"">The boxer revealed that the excellent ------- ---- --- ------ ---------- -------- ----------- --- ---------- ------- --- ----- ---- --- -------</div>"," ","html-keyboard-response","766","309645","0.0-766.0","5d537c0cecc84200153075e9","6a04f72bb0f4a868caeeb473","6a05526634fbb9d50ec646a9","2bomnjjb","","","","spr_word","131","1b_2a","c","9","1b_2a-9","0","excellent","5","21","false","","",""
"199","<div class=""spr-display"">The boxer revealed that the excellent trainer ---- --- ------ ---------- -------- ----------- --- ---------- ------- --- ----- ---- --- -------</div>"," ","html-keyboard-response","767","309844","0.0-767.0","5d537c0cecc84200153075e9","6a04f72bb0f4a868caeeb473","6a05526634fbb9d50ec646a9","2bomnjjb","","","","spr_word","131","1b_2a","c","9","1b_2a-9","0","trainer","6","21","false","","",""
"204","<div class=""spr-display"">The boxer revealed that the excellent trainer that --- ------ ---------- -------- ----------- --- ---------- ------- --- ----- ---- --- -------</div>"," ","html-keyboard-response","768","310049","0.0-768.0","5d537c0cecc84200153075e9","6a04f72bb0f4a868caeeb473","6a05526634fbb9d50ec646a9","2bomnjjb","","","","spr_word","131","1b_2a","c","9","1b_2a-9","0","that","7","21","false","","",""
"205","<div class=""spr-display"">The boxer revealed that the excellent trainer that the ------ ---------- -------- ----------- --- ---------- ------- --- ----- ---- --- -------</div>"," ","html-keyboard-response","769","310255","0.0-769.0","5d537c0cecc84200153075e9","6a04f72bb0f4a868caeeb473","6a05526634fbb9d50ec646a9","2bomnjjb","","","","spr_word","131","1b_2a","c","9","1b_2a-9","0","the","8","21","false","","",""
"207","<div class=""spr-display"">The boxer revealed that the excellent trainer that the fierce ---------- -------- ----------- --- ---------- ------- --- ----- ---- --- -------</div>"," ","html-keyboard-response","770","310463","0.0-770.0","5d537c0cecc84200153075e9","6a04f72bb0f4a868caeeb473","6a05526634fbb9d50ec646a9","2bomnjjb","","","","spr_word","131","1b_2a","c","9","1b_2a-9","0","fierce","9","21","false","","",""
"217","<div class=""spr-display"">The boxer revealed that the excellent trainer that the fierce competitor -------- ----------- --- ---------- ------- --- ----- ---- --- -------</div>"," ","html-keyboard-response","771","310681","0.0-771.0","5d537c0cecc84200153075e9","6a04f72bb0f4a868caeeb473","6a05526634fbb9d50ec646a9","2bomnjjb","","","","spr_word","131","1b_2a","c","9","1b_2a-9","0","competitor","10","21","false","","",""
"200","<div class=""spr-display"">The boxer revealed that the excellent trainer that the fierce competitor utilized ----------- --- ---------- ------- --- ----- ---- --- -------</div>"," ","html-keyboard-response","772","310882","0.0-772.0","5d537c0cecc84200153075e9","6a04f72bb0f4a868caeeb473","6a05526634fbb9d50ec646a9","2bomnjjb","","","","spr_word","131","1b_2a","c","9","1b_2a-9","0","utilized","11","21","false","","",""
"220","<div class=""spr-display"">The boxer revealed that the excellent trainer that the fierce competitor utilized effectively --- ---------- ------- --- ----- ---- --- -------</div>"," ","html-keyboard-response","773","311103","0.0-773.0","5d537c0cecc84200153075e9","6a04f72bb0f4a868caeeb473","6a05526634fbb9d50ec646a9","2bomnjjb","","","","spr_word","131","1b_2a","c","9","1b_2a-9","0","effectively","12","21","false","","",""
"215","<div class=""spr-display"">The boxer revealed that the excellent trainer that the fierce competitor utilized effectively and ---------- ------- --- ----- ---- --- -------</div>"," ","html-keyboard-response","774","311319","0.0-774.0","5d537c0cecc84200153075e9","6a04f72bb0f4a868caeeb473","6a05526634fbb9d50ec646a9","2bomnjjb","","","","spr_word","131","1b_2a","c","9","1b_2a-9","0","and","13","21","false","","",""
"199","<div class=""spr-display"">The boxer revealed that the excellent trainer that the fierce competitor utilized effectively and frequently ------- --- ----- ---- --- -------</div>"," ","html-keyboard-response","775","311520","0.0-775.0","5d537c0cecc84200153075e9","6a04f72bb0f4a868caeeb473","6a05526634fbb9d50ec646a9","2bomnjjb","","","","spr_word","131","1b_2a","c","9","1b_2a-9","0","frequently","14","21","false","","",""
"217","<div class=""spr-display"">The boxer revealed that the excellent trainer that the fierce competitor utilized effectively and frequently learned --- ----- ---- --- -------</div>"," ","html-keyboard-response","776","311737","0.0-776.0","5d537c0cecc84200153075e9","6a04f72bb0f4a868caeeb473","6a05526634fbb9d50ec646a9","2bomnjjb","","","","spr_word","131","1b_2a","c","9","1b_2a-9","0","learned","15","21","false","","",""
"219","<div class=""spr-display"">The boxer revealed that the excellent trainer that the fierce competitor utilized effectively and frequently learned his ----- ---- --- -------</div>"," ","html-keyboard-response","777","311957","0.0-777.0","5d537c0cecc84200153075e9","6a04f72bb0f4a868caeeb473","6a05526634fbb9d50ec646a9","2bomnjjb","","","","spr_word","131","1b_2a","c","9","1b_2a-9","0","his","16","21","false","","",""
"217","<div class=""spr-display"">The boxer revealed that the excellent trainer that the fierce competitor utilized effectively and frequently learned his trade ---- --- -------</div>"," ","html-keyboard-response","778","312175","0.0-778.0","5d537c0cecc84200153075e9","6a04f72bb0f4a868caeeb473","6a05526634fbb9d50ec646a9","2bomnjjb","","","","spr_word","131","1b_2a","c","9","1b_2a-9","0","trade","17","21","false","","",""
"207","<div class=""spr-display"">The boxer revealed that the excellent trainer that the fierce competitor utilized effectively and frequently learned his trade from --- -------</div>"," ","html-keyboard-response","779","312383","0.0-779.0","5d537c0cecc84200153075e9","6a04f72bb0f4a868caeeb473","6a05526634fbb9d50ec646a9","2bomnjjb","","","","spr_word","131","1b_2a","c","9","1b_2a-9","0","from","18","21","false","","",""
"205","<div class=""spr-display"">The boxer revealed that the excellent trainer that the fierce competitor utilized effectively and frequently learned his trade from his -------</div>"," ","html-keyboard-response","780","312589","0.0-780.0","5d537c0cecc84200153075e9","6a04f72bb0f4a868caeeb473","6a05526634fbb9d50ec646a9","2bomnjjb","","","","spr_word","131","1b_2a","c","9","1b_2a-9","0","his","19","21","false","","",""
"210","<div class=""spr-display"">The boxer revealed that the excellent trainer that the fierce competitor utilized effectively and frequently learned his trade from his father.</div>"," ","html-keyboard-response","781","312800","0.0-781.0","5d537c0cecc84200153075e9","6a04f72bb0f4a868caeeb473","6a05526634fbb9d50ec646a9","2bomnjjb","","","","spr_word","131","1b_2a","c","9","1b_2a-9","0","father.","20","21","false","","",""
"691","<div class=""comprehension-box"">
                    <p>undefined</p>
                    <p>Press <span class=""key-label"">F</span> for <strong>Yes</strong> &nbsp;|&nbsp;
                    Press <span class=""key-label"">J</span> for <strong>No</strong></p>
                </div>","f","html-keyboard-response","782","313493","0.0-782.0","5d537c0cecc84200153075e9","6a04f72bb0f4a868caeeb473","6a05526634fbb9d50ec646a9","2bomnjjb","","","","comprehension","131","1b_2a","c","9","1b_2a-9","0","","","","","","Yes","false"
"701","<div class=""comprehension-box"">
                    <p class=""feedback-incorrect"">Incorrect</p>
                    <p style=""font-size:18px;"">The correct answer was <strong>No</strong>.</p>
                    <p style=""margin-top:20px; font-size:16px; color:#555;"">
                    Press <span class=""key-label"">SPACE</span> to continue.
                    </p>
                </div>"," ","html-keyboard-response","783","314195","0.0-783.0","5d537c0cecc84200153075e9","6a04f72bb0f4a868caeeb473","6a05526634fbb9d50ec646a9","2bomnjjb","","","","feedback","131","1b_2a","c","9","1b_2a-9","0","","","","","","",""
"null","<span class=""fixation"">+</span>","null","html-keyboard-response","784","314696","0.0-784.0","5d537c0cecc84200153075e9","6a04f72bb0f4a868caeeb473","6a05526634fbb9d50ec646a9","2bomnjjb","","","","fixation","128","1b_2a","d","8","1b_2a-8","0","","","","","","",""
"256","<div class=""spr-display"">--- ------- -------- --- --- ------ --------- ---- --- ---- -------- -------- ------------ --- -------- -------- - ------ ---- --- -----------"," ","html-keyboard-response","785","314953","0.0-785.0","5d537c0cecc84200153075e9","6a04f72bb0f4a868caeeb473","6a05526634fbb9d50ec646a9","2bomnjjb","","","","prompt","128","1b_2a","d","8","1b_2a-8","0","","","","","","",""
"225","<div class=""spr-display"">The ------- -------- --- --- ------ --------- ---- --- ---- -------- -------- ------------ --- -------- -------- - ------ ---- --- -----------</div>"," ","html-keyboard-response","786","315179","0.0-786.0","5d537c0cecc84200153075e9","6a04f72bb0f4a868caeeb473","6a05526634fbb9d50ec646a9","2bomnjjb","","","","spr_word","128","1b_2a","d","8","1b_2a-8","0","The","0","21","false","","",""
"216","<div class=""spr-display"">The mailman -------- --- --- ------ --------- ---- --- ---- -------- -------- ------------ --- -------- -------- - ------ ---- --- -----------</div>"," ","html-keyboard-response","787","315396","0.0-787.0","5d537c0cecc84200153075e9","6a04f72bb0f4a868caeeb473","6a05526634fbb9d50ec646a9","2bomnjjb","","","","spr_word","128","1b_2a","d","8","1b_2a-8","0","mailman","1","21","false","","",""
"195","<div class=""spr-display"">The mailman revealed --- --- ------ --------- ---- --- ---- -------- -------- ------------ --- -------- -------- - ------ ---- --- -----------</div>"," ","html-keyboard-response","788","315592","0.0-788.0","5d537c0cecc84200153075e9","6a04f72bb0f4a868caeeb473","6a05526634fbb9d50ec646a9","2bomnjjb","","","","spr_word","128","1b_2a","d","8","1b_2a-8","0","revealed","2","21","false","","",""
"209","<div class=""spr-display"">The mailman revealed why --- ------ --------- ---- --- ---- -------- -------- ------------ --- -------- -------- - ------ ---- --- -----------</div>"," ","html-keyboard-response","789","315802","0.0-789.0","5d537c0cecc84200153075e9","6a04f72bb0f4a868caeeb473","6a05526634fbb9d50ec646a9","2bomnjjb","","","","spr_word","128","1b_2a","d","8","1b_2a-8","0","why","3","21","false","","",""
"202","<div class=""spr-display"">The mailman revealed why the ------ --------- ---- --- ---- -------- -------- ------------ --- -------- -------- - ------ ---- --- -----------</div>"," ","html-keyboard-response","790","316005","0.0-790.0","5d537c0cecc84200153075e9","6a04f72bb0f4a868caeeb473","6a05526634fbb9d50ec646a9","2bomnjjb","","","","spr_word","128","1b_2a","d","8","1b_2a-8","0","the","4","21","false","","",""
"190","<div class=""spr-display"">The mailman revealed why the recent --------- ---- --- ---- -------- -------- ------------ --- -------- -------- - ------ ---- --- -----------</div>"," ","html-keyboard-response","791","316195","0.0-791.0","5d537c0cecc84200153075e9","6a04f72bb0f4a868caeeb473","6a05526634fbb9d50ec646a9","2bomnjjb","","","","spr_word","128","1b_2a","d","8","1b_2a-8","0","recent","5","21","false","","",""
"140","<div class=""spr-display"">The mailman revealed why the recent homeowner ---- --- ---- -------- -------- ------------ --- -------- -------- - ------ ---- --- -----------</div>"," ","html-keyboard-response","792","316336","0.0-792.0","5d537c0cecc84200153075e9","6a04f72bb0f4a868caeeb473","6a05526634fbb9d50ec646a9","2bomnjjb","","","","spr_word","128","1b_2a","d","8","1b_2a-8","0","homeowner","6","21","false","","",""
"160","<div class=""spr-display"">The mailman revealed why the recent homeowner that --- ---- -------- -------- ------------ --- -------- -------- - ------ ---- --- -----------</div>"," ","html-keyboard-response","793","316497","0.0-793.0","5d537c0cecc84200153075e9","6a04f72bb0f4a868caeeb473","6a05526634fbb9d50ec646a9","2bomnjjb","","","","spr_word","128","1b_2a","d","8","1b_2a-8","0","that","7","21","false","","",""
"148","<div class=""spr-display"">The mailman revealed why the recent homeowner that the ---- -------- -------- ------------ --- -------- -------- - ------ ---- --- -----------</div>"," ","html-keyboard-response","794","316646","0.0-794.0","5d537c0cecc84200153075e9","6a04f72bb0f4a868caeeb473","6a05526634fbb9d50ec646a9","2bomnjjb","","","","spr_word","128","1b_2a","d","8","1b_2a-8","0","the","8","21","false","","",""
"158","<div class=""spr-display"">The mailman revealed why the recent homeowner that the nosy -------- -------- ------------ --- -------- -------- - ------ ---- --- -----------</div>"," ","html-keyboard-response","795","316805","0.0-795.0","5d537c0cecc84200153075e9","6a04f72bb0f4a868caeeb473","6a05526634fbb9d50ec646a9","2bomnjjb","","","","spr_word","128","1b_2a","d","8","1b_2a-8","0","nosy","9","21","false","","",""
"157","<div class=""spr-display"">The mailman revealed why the recent homeowner that the nosy neighbor -------- ------------ --- -------- -------- - ------ ---- --- -----------</div>"," ","html-keyboard-response","796","316962","0.0-796.0","5d537c0cecc84200153075e9","6a04f72bb0f4a868caeeb473","6a05526634fbb9d50ec646a9","2bomnjjb","","","","spr_word","128","1b_2a","d","8","1b_2a-8","0","neighbor","10","21","false","","",""
"170","<div class=""spr-display"">The mailman revealed why the recent homeowner that the nosy neighbor followed ------------ --- -------- -------- - ------ ---- --- -----------</div>"," ","html-keyboard-response","797","317133","0.0-797.0","5d537c0cecc84200153075e9","6a04f72bb0f4a868caeeb473","6a05526634fbb9d50ec646a9","2bomnjjb","","","","spr_word","128","1b_2a","d","8","1b_2a-8","0","followed","11","21","false","","",""
"156","<div class=""spr-display"">The mailman revealed why the recent homeowner that the nosy neighbor followed suspiciously --- -------- -------- - ------ ---- --- -----------</div>"," ","html-keyboard-response","798","317290","0.0-798.0","5d537c0cecc84200153075e9","6a04f72bb0f4a868caeeb473","6a05526634fbb9d50ec646a9","2bomnjjb","","","","spr_word","128","1b_2a","d","8","1b_2a-8","0","suspiciously","12","21","false","","",""
"174","<div class=""spr-display"">The mailman revealed why the recent homeowner that the nosy neighbor followed suspiciously and -------- -------- - ------ ---- --- -----------</div>"," ","html-keyboard-response","799","317465","0.0-799.0","5d537c0cecc84200153075e9","6a04f72bb0f4a868caeeb473","6a05526634fbb9d50ec646a9","2bomnjjb","","","","spr_word","128","1b_2a","d","8","1b_2a-8","0","and","13","21","false","","",""
"165","<div class=""spr-display"">The mailman revealed why the recent homeowner that the nosy neighbor followed suspiciously and randomly -------- - ------ ---- --- -----------</div>"," ","html-keyboard-response","800","317631","0.0-800.0","5d537c0cecc84200153075e9","6a04f72bb0f4a868caeeb473","6a05526634fbb9d50ec646a9","2bomnjjb","","","","spr_word","128","1b_2a","d","8","1b_2a-8","0","randomly","14","21","false","","",""
"180","<div class=""spr-display"">The mailman revealed why the recent homeowner that the nosy neighbor followed suspiciously and randomly received - ------ ---- --- -----------</div>"," ","html-keyboard-response","801","317812","0.0-801.0","5d537c0cecc84200153075e9","6a04f72bb0f4a868caeeb473","6a05526634fbb9d50ec646a9","2bomnjjb","","","","spr_word","128","1b_2a","d","8","1b_2a-8","0","received","15","21","false","","",""
"179","<div class=""spr-display"">The mailman revealed why the recent homeowner that the nosy neighbor followed suspiciously and randomly received a ------ ---- --- -----------</div>"," ","html-keyboard-response","802","317992","0.0-802.0","5d537c0cecc84200153075e9","6a04f72bb0f4a868caeeb473","6a05526634fbb9d50ec646a9","2bomnjjb","","","","spr_word","128","1b_2a","d","8","1b_2a-8","0","a","16","21","false","","",""
"173","<div class=""spr-display"">The mailman revealed why the recent homeowner that the nosy neighbor followed suspiciously and randomly received a letter ---- --- -----------</div>"," ","html-keyboard-response","803","318166","0.0-803.0","5d537c0cecc84200153075e9","6a04f72bb0f4a868caeeb473","6a05526634fbb9d50ec646a9","2bomnjjb","","","","spr_word","128","1b_2a","d","8","1b_2a-8","0","letter","17","21","false","","",""
"181","<div class=""spr-display"">The mailman revealed why the recent homeowner that the nosy neighbor followed suspiciously and randomly received a letter from --- -----------</div>"," ","html-keyboard-response","804","318349","0.0-804.0","5d537c0cecc84200153075e9","6a04f72bb0f4a868caeeb473","6a05526634fbb9d50ec646a9","2bomnjjb","","","","spr_word","128","1b_2a","d","8","1b_2a-8","0","from","18","21","false","","",""
"189","<div class=""spr-display"">The mailman revealed why the recent homeowner that the nosy neighbor followed suspiciously and randomly received a letter from the -----------</div>"," ","html-keyboard-response","805","318539","0.0-805.0","5d537c0cecc84200153075e9","6a04f72bb0f4a868caeeb473","6a05526634fbb9d50ec646a9","2bomnjjb","","","","spr_word","128","1b_2a","d","8","1b_2a-8","0","the","19","21","false","","",""
"180","<div class=""spr-display"">The mailman revealed why the recent homeowner that the nosy neighbor followed suspiciously and randomly received a letter from the government.</div>"," ","html-keyboard-response","806","318720","0.0-806.0","5d537c0cecc84200153075e9","6a04f72bb0f4a868caeeb473","6a05526634fbb9d50ec646a9","2bomnjjb","","","","spr_word","128","1b_2a","d","8","1b_2a-8","0","government.","20","21","false","","",""
"490","<div class=""comprehension-box"">
                    <p>undefined</p>
                    <p>Press <span class=""key-label"">F</span> for <strong>Yes</strong> &nbsp;|&nbsp;
                    Press <span class=""key-label"">J</span> for <strong>No</strong></p>
                </div>","j","html-keyboard-response","807","319210","0.0-807.0","5d537c0cecc84200153075e9","6a04f72bb0f4a868caeeb473","6a05526634fbb9d50ec646a9","2bomnjjb","","","","comprehension","128","1b_2a","d","8","1b_2a-8","0","","","","","","No","false"
"301","<div class=""comprehension-box"">
                    <p class=""feedback-incorrect"">Incorrect</p>
                    <p style=""font-size:18px;"">The correct answer was <strong>No</strong>.</p>
                    <p style=""margin-top:20px; font-size:16px; color:#555;"">
                    Press <span class=""key-label"">SPACE</span> to continue.
                    </p>
                </div>"," ","html-keyboard-response","808","319513","0.0-808.0","5d537c0cecc84200153075e9","6a04f72bb0f4a868caeeb473","6a05526634fbb9d50ec646a9","2bomnjjb","","","","feedback","128","1b_2a","d","8","1b_2a-8","0","","","","","","",""
"null","<span class=""fixation"">+</span>","null","html-keyboard-response","809","320017","0.0-809.0","5d537c0cecc84200153075e9","6a04f72bb0f4a868caeeb473","6a05526634fbb9d50ec646a9","2bomnjjb","","","","fixation","138","1b_2a","b","11","1b_2a-11","0","","","","","","",""
"79","<div class=""spr-display"">--- --------- --------- --- --- ------ ----- ---- --- ------- ------ ----------- ------------ --- --------- ---- --- ----- -- - ----------"," ","html-keyboard-response","810","320097","0.0-810.0","5d537c0cecc84200153075e9","6a04f72bb0f4a868caeeb473","6a05526634fbb9d50ec646a9","2bomnjjb","","","","prompt","138","1b_2a","b","11","1b_2a-11","0","","","","","","",""
"193","<div class=""spr-display"">The --------- --------- --- --- ------ ----- ---- --- ------- ------ ----------- ------------ --- --------- ---- --- ----- -- - ----------</div>"," ","html-keyboard-response","811","320291","0.0-811.0","5d537c0cecc84200153075e9","6a04f72bb0f4a868caeeb473","6a05526634fbb9d50ec646a9","2bomnjjb","","","","spr_word","138","1b_2a","b","11","1b_2a-11","0","The","0","21","false","","",""
"190","<div class=""spr-display"">The assistant --------- --- --- ------ ----- ---- --- ------- ------ ----------- ------------ --- --------- ---- --- ----- -- - ----------</div>"," ","html-keyboard-response","812","320482","0.0-812.0","5d537c0cecc84200153075e9","6a04f72bb0f4a868caeeb473","6a05526634fbb9d50ec646a9","2bomnjjb","","","","spr_word","138","1b_2a","b","11","1b_2a-11","0","assistant","1","21","false","","",""
"190","<div class=""spr-display"">The assistant mentioned --- --- ------ ----- ---- --- ------- ------ ----------- ------------ --- --------- ---- --- ----- -- - ----------</div>"," ","html-keyboard-response","813","320672","0.0-813.0","5d537c0cecc84200153075e9","6a04f72bb0f4a868caeeb473","6a05526634fbb9d50ec646a9","2bomnjjb","","","","spr_word","138","1b_2a","b","11","1b_2a-11","0","mentioned","2","21","false","","",""
"173","<div class=""spr-display"">The assistant mentioned how --- ------ ----- ---- --- ------- ------ ----------- ------------ --- --------- ---- --- ----- -- - ----------</div>"," ","html-keyboard-response","814","320847","0.0-814.0","5d537c0cecc84200153075e9","6a04f72bb0f4a868caeeb473","6a05526634fbb9d50ec646a9","2bomnjjb","","","","spr_word","138","1b_2a","b","11","1b_2a-11","0","how","3","21","false","","",""
"187","<div class=""spr-display"">The assistant mentioned how the ------ ----- ---- --- ------- ------ ----------- ------------ --- --------- ---- --- ----- -- - ----------</div>"," ","html-keyboard-response","815","321034","0.0-815.0","5d537c0cecc84200153075e9","6a04f72bb0f4a868caeeb473","6a05526634fbb9d50ec646a9","2bomnjjb","","","","spr_word","138","1b_2a","b","11","1b_2a-11","0","the","4","21","false","","",""
"180","<div class=""spr-display"">The assistant mentioned how the lovely ----- ---- --- ------- ------ ----------- ------------ --- --------- ---- --- ----- -- - ----------</div>"," ","html-keyboard-response","816","321216","0.0-816.0","5d537c0cecc84200153075e9","6a04f72bb0f4a868caeeb473","6a05526634fbb9d50ec646a9","2bomnjjb","","","","spr_word","138","1b_2a","b","11","1b_2a-11","0","lovely","5","21","false","","",""
"181","<div class=""spr-display"">The assistant mentioned how the lovely bride ---- --- ------- ------ ----------- ------------ --- --------- ---- --- ----- -- - ----------</div>"," ","html-keyboard-response","817","321397","0.0-817.0","5d537c0cecc84200153075e9","6a04f72bb0f4a868caeeb473","6a05526634fbb9d50ec646a9","2bomnjjb","","","","spr_word","138","1b_2a","b","11","1b_2a-11","0","bride","6","21","false","","",""
"165","<div class=""spr-display"">The assistant mentioned how the lovely bride that --- ------- ------ ----------- ------------ --- --------- ---- --- ----- -- - ----------</div>"," ","html-keyboard-response","818","321563","0.0-818.0","5d537c0cecc84200153075e9","6a04f72bb0f4a868caeeb473","6a05526634fbb9d50ec646a9","2bomnjjb","","","","spr_word","138","1b_2a","b","11","1b_2a-11","0","that","7","21","false","","",""
"190","<div class=""spr-display"">The assistant mentioned how the lovely bride that the ------- ------ ----------- ------------ --- --------- ---- --- ----- -- - ----------</div>"," ","html-keyboard-response","819","321754","0.0-819.0","5d537c0cecc84200153075e9","6a04f72bb0f4a868caeeb473","6a05526634fbb9d50ec646a9","2bomnjjb","","","","spr_word","138","1b_2a","b","11","1b_2a-11","0","the","8","21","false","","",""
"181","<div class=""spr-display"">The assistant mentioned how the lovely bride that the skilled ------ ----------- ------------ --- --------- ---- --- ----- -- - ----------</div>"," ","html-keyboard-response","820","321936","0.0-820.0","5d537c0cecc84200153075e9","6a04f72bb0f4a868caeeb473","6a05526634fbb9d50ec646a9","2bomnjjb","","","","spr_word","138","1b_2a","b","11","1b_2a-11","0","skilled","9","21","false","","",""
"194","<div class=""spr-display"">The assistant mentioned how the lovely bride that the skilled tailor ----------- ------------ --- --------- ---- --- ----- -- - ----------</div>"," ","html-keyboard-response","821","322131","0.0-821.0","5d537c0cecc84200153075e9","6a04f72bb0f4a868caeeb473","6a05526634fbb9d50ec646a9","2bomnjjb","","","","spr_word","138","1b_2a","b","11","1b_2a-11","0","tailor","10","21","false","","",""
"177","<div class=""spr-display"">The assistant mentioned how the lovely bride that the skilled tailor intimidated ------------ --- --------- ---- --- ----- -- - ----------</div>"," ","html-keyboard-response","822","322309","0.0-822.0","5d537c0cecc84200153075e9","6a04f72bb0f4a868caeeb473","6a05526634fbb9d50ec646a9","2bomnjjb","","","","spr_word","138","1b_2a","b","11","1b_2a-11","0","intimidated","11","21","false","","",""
"198","<div class=""spr-display"">The assistant mentioned how the lovely bride that the skilled tailor intimidated purposefully --- --------- ---- --- ----- -- - ----------</div>"," ","html-keyboard-response","823","322508","0.0-823.0","5d537c0cecc84200153075e9","6a04f72bb0f4a868caeeb473","6a05526634fbb9d50ec646a9","2bomnjjb","","","","spr_word","138","1b_2a","b","11","1b_2a-11","0","purposefully","12","21","false","","",""
"180","<div class=""spr-display"">The assistant mentioned how the lovely bride that the skilled tailor intimidated purposefully and --------- ---- --- ----- -- - ----------</div>"," ","html-keyboard-response","824","322688","0.0-824.0","5d537c0cecc84200153075e9","6a04f72bb0f4a868caeeb473","6a05526634fbb9d50ec646a9","2bomnjjb","","","","spr_word","138","1b_2a","b","11","1b_2a-11","0","and","13","21","false","","",""
"190","<div class=""spr-display"">The assistant mentioned how the lovely bride that the skilled tailor intimidated purposefully and obviously ---- --- ----- -- - ----------</div>"," ","html-keyboard-response","825","322879","0.0-825.0","5d537c0cecc84200153075e9","6a04f72bb0f4a868caeeb473","6a05526634fbb9d50ec646a9","2bomnjjb","","","","spr_word","138","1b_2a","b","11","1b_2a-11","0","obviously","14","21","false","","",""
"202","<div class=""spr-display"">The assistant mentioned how the lovely bride that the skilled tailor intimidated purposefully and obviously sold --- ----- -- - ----------</div>"," ","html-keyboard-response","826","323082","0.0-826.0","5d537c0cecc84200153075e9","6a04f72bb0f4a868caeeb473","6a05526634fbb9d50ec646a9","2bomnjjb","","","","spr_word","138","1b_2a","b","11","1b_2a-11","0","sold","15","21","false","","",""
"192","<div class=""spr-display"">The assistant mentioned how the lovely bride that the skilled tailor intimidated purposefully and obviously sold the ----- -- - ----------</div>"," ","html-keyboard-response","827","323275","0.0-827.0","5d537c0cecc84200153075e9","6a04f72bb0f4a868caeeb473","6a05526634fbb9d50ec646a9","2bomnjjb","","","","spr_word","138","1b_2a","b","11","1b_2a-11","0","the","16","21","false","","",""
"197","<div class=""spr-display"">The assistant mentioned how the lovely bride that the skilled tailor intimidated purposefully and obviously sold the dress -- - ----------</div>"," ","html-keyboard-response","828","323474","0.0-828.0","5d537c0cecc84200153075e9","6a04f72bb0f4a868caeeb473","6a05526634fbb9d50ec646a9","2bomnjjb","","","","spr_word","138","1b_2a","b","11","1b_2a-11","0","dress","17","21","false","","",""
"206","<div class=""spr-display"">The assistant mentioned how the lovely bride that the skilled tailor intimidated purposefully and obviously sold the dress to - ----------</div>"," ","html-keyboard-response","829","323681","0.0-829.0","5d537c0cecc84200153075e9","6a04f72bb0f4a868caeeb473","6a05526634fbb9d50ec646a9","2bomnjjb","","","","spr_word","138","1b_2a","b","11","1b_2a-11","0","to","18","21","false","","",""
"199","<div class=""spr-display"">The assistant mentioned how the lovely bride that the skilled tailor intimidated purposefully and obviously sold the dress to a ----------</div>"," ","html-keyboard-response","830","323881","0.0-830.0","5d537c0cecc84200153075e9","6a04f72bb0f4a868caeeb473","6a05526634fbb9d50ec646a9","2bomnjjb","","","","spr_word","138","1b_2a","b","11","1b_2a-11","0","a","19","21","false","","",""
"200","<div class=""spr-display"">The assistant mentioned how the lovely bride that the skilled tailor intimidated purposefully and obviously sold the dress to a celebrity.</div>"," ","html-keyboard-response","831","324082","0.0-831.0","5d537c0cecc84200153075e9","6a04f72bb0f4a868caeeb473","6a05526634fbb9d50ec646a9","2bomnjjb","","","","spr_word","138","1b_2a","b","11","1b_2a-11","0","celebrity.","20","21","false","","",""
"558","<div class=""comprehension-box"">
                    <p>undefined</p>
                    <p>Press <span class=""key-label"">F</span> for <strong>Yes</strong> &nbsp;|&nbsp;
                    Press <span class=""key-label"">J</span> for <strong>No</strong></p>
                </div>","j","html-keyboard-response","832","324641","0.0-832.0","5d537c0cecc84200153075e9","6a04f72bb0f4a868caeeb473","6a05526634fbb9d50ec646a9","2bomnjjb","","","","comprehension","138","1b_2a","b","11","1b_2a-11","0","","","","","","No","false"
"340","<div class=""comprehension-box"">
                    <p class=""feedback-incorrect"">Incorrect</p>
                    <p style=""font-size:18px;"">The correct answer was <strong>No</strong>.</p>
                    <p style=""margin-top:20px; font-size:16px; color:#555;"">
                    Press <span class=""key-label"">SPACE</span> to continue.
                    </p>
                </div>"," ","html-keyboard-response","833","324982","0.0-833.0","5d537c0cecc84200153075e9","6a04f72bb0f4a868caeeb473","6a05526634fbb9d50ec646a9","2bomnjjb","","","","feedback","138","1b_2a","b","11","1b_2a-11","0","","","","","","",""
"null","<span class=""fixation"">+</span>","null","html-keyboard-response","834","325495","0.0-834.0","5d537c0cecc84200153075e9","6a04f72bb0f4a868caeeb473","6a05526634fbb9d50ec646a9","2bomnjjb","","","","fixation","130","1b_2a","b","9","1b_2a-9","0","","","","","","",""
"139","<div class=""spr-display"">--- ----- -------- --- --- --------- ------- ---- --- ------ ---------- -------- ----------- --- ---------- ------- --- ----- ---- --- -------"," ","html-keyboard-response","835","325635","0.0-835.0","5d537c0cecc84200153075e9","6a04f72bb0f4a868caeeb473","6a05526634fbb9d50ec646a9","2bomnjjb","","","","prompt","130","1b_2a","b","9","1b_2a-9","0","","","","","","",""
"197","<div class=""spr-display"">The ----- -------- --- --- --------- ------- ---- --- ------ ---------- -------- ----------- --- ---------- ------- --- ----- ---- --- -------</div>"," ","html-keyboard-response","836","325833","0.0-836.0","5d537c0cecc84200153075e9","6a04f72bb0f4a868caeeb473","6a05526634fbb9d50ec646a9","2bomnjjb","","","","spr_word","130","1b_2a","b","9","1b_2a-9","0","The","0","21","false","","",""
"211","<div class=""spr-display"">The boxer -------- --- --- --------- ------- ---- --- ------ ---------- -------- ----------- --- ---------- ------- --- ----- ---- --- -------</div>"," ","html-keyboard-response","837","326045","0.0-837.0","5d537c0cecc84200153075e9","6a04f72bb0f4a868caeeb473","6a05526634fbb9d50ec646a9","2bomnjjb","","","","spr_word","130","1b_2a","b","9","1b_2a-9","0","boxer","1","21","false","","",""
"188","<div class=""spr-display"">The boxer revealed --- --- --------- ------- ---- --- ------ ---------- -------- ----------- --- ---------- ------- --- ----- ---- --- -------</div>"," ","html-keyboard-response","838","326234","0.0-838.0","5d537c0cecc84200153075e9","6a04f72bb0f4a868caeeb473","6a05526634fbb9d50ec646a9","2bomnjjb","","","","spr_word","130","1b_2a","b","9","1b_2a-9","0","revealed","2","21","false","","",""
"178","<div class=""spr-display"">The boxer revealed how --- --------- ------- ---- --- ------ ---------- -------- ----------- --- ---------- ------- --- ----- ---- --- -------</div>"," ","html-keyboard-response","839","326412","0.0-839.0","5d537c0cecc84200153075e9","6a04f72bb0f4a868caeeb473","6a05526634fbb9d50ec646a9","2bomnjjb","","","","spr_word","130","1b_2a","b","9","1b_2a-9","0","how","3","21","false","","",""
"193","<div class=""spr-display"">The boxer revealed how the --------- ------- ---- --- ------ ---------- -------- ----------- --- ---------- ------- --- ----- ---- --- -------</div>"," ","html-keyboard-response","840","326606","0.0-840.0","5d537c0cecc84200153075e9","6a04f72bb0f4a868caeeb473","6a05526634fbb9d50ec646a9","2bomnjjb","","","","spr_word","130","1b_2a","b","9","1b_2a-9","0","the","4","21","false","","",""
"178","<div class=""spr-display"">The boxer revealed how the excellent ------- ---- --- ------ ---------- -------- ----------- --- ---------- ------- --- ----- ---- --- -------</div>"," ","html-keyboard-response","841","326785","0.0-841.0","5d537c0cecc84200153075e9","6a04f72bb0f4a868caeeb473","6a05526634fbb9d50ec646a9","2bomnjjb","","","","spr_word","130","1b_2a","b","9","1b_2a-9","0","excellent","5","21","false","","",""
"208","<div class=""spr-display"">The boxer revealed how the excellent trainer ---- --- ------ ---------- -------- ----------- --- ---------- ------- --- ----- ---- --- -------</div>"," ","html-keyboard-response","842","326994","0.0-842.0","5d537c0cecc84200153075e9","6a04f72bb0f4a868caeeb473","6a05526634fbb9d50ec646a9","2bomnjjb","","","","spr_word","130","1b_2a","b","9","1b_2a-9","0","trainer","6","21","false","","",""
"200","<div class=""spr-display"">The boxer revealed how the excellent trainer that --- ------ ---------- -------- ----------- --- ---------- ------- --- ----- ---- --- -------</div>"," ","html-keyboard-response","843","327195","0.0-843.0","5d537c0cecc84200153075e9","6a04f72bb0f4a868caeeb473","6a05526634fbb9d50ec646a9","2bomnjjb","","","","spr_word","130","1b_2a","b","9","1b_2a-9","0","that","7","21","false","","",""
"188","<div class=""spr-display"">The boxer revealed how the excellent trainer that the ------ ---------- -------- ----------- --- ---------- ------- --- ----- ---- --- -------</div>"," ","html-keyboard-response","844","327383","0.0-844.0","5d537c0cecc84200153075e9","6a04f72bb0f4a868caeeb473","6a05526634fbb9d50ec646a9","2bomnjjb","","","","spr_word","130","1b_2a","b","9","1b_2a-9","0","the","8","21","false","","",""
"202","<div class=""spr-display"">The boxer revealed how the excellent trainer that the fierce ---------- -------- ----------- --- ---------- ------- --- ----- ---- --- -------</div>"," ","html-keyboard-response","845","327586","0.0-845.0","5d537c0cecc84200153075e9","6a04f72bb0f4a868caeeb473","6a05526634fbb9d50ec646a9","2bomnjjb","","","","spr_word","130","1b_2a","b","9","1b_2a-9","0","fierce","9","21","false","","",""
"200","<div class=""spr-display"">The boxer revealed how the excellent trainer that the fierce competitor -------- ----------- --- ---------- ------- --- ----- ---- --- -------</div>"," ","html-keyboard-response","846","327787","0.0-846.0","5d537c0cecc84200153075e9","6a04f72bb0f4a868caeeb473","6a05526634fbb9d50ec646a9","2bomnjjb","","","","spr_word","130","1b_2a","b","9","1b_2a-9","0","competitor","10","21","false","","",""
"199","<div class=""spr-display"">The boxer revealed how the excellent trainer that the fierce competitor utilized ----------- --- ---------- ------- --- ----- ---- --- -------</div>"," ","html-keyboard-response","847","327987","0.0-847.0","5d537c0cecc84200153075e9","6a04f72bb0f4a868caeeb473","6a05526634fbb9d50ec646a9","2bomnjjb","","","","spr_word","130","1b_2a","b","9","1b_2a-9","0","utilized","11","21","false","","",""
"213","<div class=""spr-display"">The boxer revealed how the excellent trainer that the fierce competitor utilized effectively --- ---------- ------- --- ----- ---- --- -------</div>"," ","html-keyboard-response","848","328201","0.0-848.0","5d537c0cecc84200153075e9","6a04f72bb0f4a868caeeb473","6a05526634fbb9d50ec646a9","2bomnjjb","","","","spr_word","130","1b_2a","b","9","1b_2a-9","0","effectively","12","21","false","","",""
"207","<div class=""spr-display"">The boxer revealed how the excellent trainer that the fierce competitor utilized effectively and ---------- ------- --- ----- ---- --- -------</div>"," ","html-keyboard-response","849","328410","0.0-849.0","5d537c0cecc84200153075e9","6a04f72bb0f4a868caeeb473","6a05526634fbb9d50ec646a9","2bomnjjb","","","","spr_word","130","1b_2a","b","9","1b_2a-9","0","and","13","21","false","","",""
"211","<div class=""spr-display"">The boxer revealed how the excellent trainer that the fierce competitor utilized effectively and frequently ------- --- ----- ---- --- -------</div>"," ","html-keyboard-response","850","328622","0.0-850.0","5d537c0cecc84200153075e9","6a04f72bb0f4a868caeeb473","6a05526634fbb9d50ec646a9","2bomnjjb","","","","spr_word","130","1b_2a","b","9","1b_2a-9","0","frequently","14","21","false","","",""
"200","<div class=""spr-display"">The boxer revealed how the excellent trainer that the fierce competitor utilized effectively and frequently learned --- ----- ---- --- -------</div>"," ","html-keyboard-response","851","328823","0.0-851.0","5d537c0cecc84200153075e9","6a04f72bb0f4a868caeeb473","6a05526634fbb9d50ec646a9","2bomnjjb","","","","spr_word","130","1b_2a","b","9","1b_2a-9","0","learned","15","21","false","","",""
"197","<div class=""spr-display"">The boxer revealed how the excellent trainer that the fierce competitor utilized effectively and frequently learned his ----- ---- --- -------</div>"," ","html-keyboard-response","852","329021","0.0-852.0","5d537c0cecc84200153075e9","6a04f72bb0f4a868caeeb473","6a05526634fbb9d50ec646a9","2bomnjjb","","","","spr_word","130","1b_2a","b","9","1b_2a-9","0","his","16","21","false","","",""
"207","<div class=""spr-display"">The boxer revealed how the excellent trainer that the fierce competitor utilized effectively and frequently learned his trade ---- --- -------</div>"," ","html-keyboard-response","853","329229","0.0-853.0","5d537c0cecc84200153075e9","6a04f72bb0f4a868caeeb473","6a05526634fbb9d50ec646a9","2bomnjjb","","","","spr_word","130","1b_2a","b","9","1b_2a-9","0","trade","17","21","false","","",""
"198","<div class=""spr-display"">The boxer revealed how the excellent trainer that the fierce competitor utilized effectively and frequently learned his trade from --- -------</div>"," ","html-keyboard-response","854","329429","0.0-854.0","5d537c0cecc84200153075e9","6a04f72bb0f4a868caeeb473","6a05526634fbb9d50ec646a9","2bomnjjb","","","","spr_word","130","1b_2a","b","9","1b_2a-9","0","from","18","21","false","","",""
"200","<div class=""spr-display"">The boxer revealed how the excellent trainer that the fierce competitor utilized effectively and frequently learned his trade from his -------</div>"," ","html-keyboard-response","855","329629","0.0-855.0","5d537c0cecc84200153075e9","6a04f72bb0f4a868caeeb473","6a05526634fbb9d50ec646a9","2bomnjjb","","","","spr_word","130","1b_2a","b","9","1b_2a-9","0","his","19","21","false","","",""
"196","<div class=""spr-display"">The boxer revealed how the excellent trainer that the fierce competitor utilized effectively and frequently learned his trade from his father.</div>"," ","html-keyboard-response","856","329825","0.0-856.0","5d537c0cecc84200153075e9","6a04f72bb0f4a868caeeb473","6a05526634fbb9d50ec646a9","2bomnjjb","","","","spr_word","130","1b_2a","b","9","1b_2a-9","0","father.","20","21","false","","",""
"422","<div class=""comprehension-box"">
                    <p>undefined</p>
                    <p>Press <span class=""key-label"">F</span> for <strong>Yes</strong> &nbsp;|&nbsp;
                    Press <span class=""key-label"">J</span> for <strong>No</strong></p>
                </div>","j","html-keyboard-response","857","330248","0.0-857.0","5d537c0cecc84200153075e9","6a04f72bb0f4a868caeeb473","6a05526634fbb9d50ec646a9","2bomnjjb","","","","comprehension","130","1b_2a","b","9","1b_2a-9","0","","","","","","No","false"
"591","<div class=""comprehension-box"">
                    <p class=""feedback-incorrect"">Incorrect</p>
                    <p style=""font-size:18px;"">The correct answer was <strong>No</strong>.</p>
                    <p style=""margin-top:20px; font-size:16px; color:#555;"">
                    Press <span class=""key-label"">SPACE</span> to continue.
                    </p>
                </div>"," ","html-keyboard-response","858","330840","0.0-858.0","5d537c0cecc84200153075e9","6a04f72bb0f4a868caeeb473","6a05526634fbb9d50ec646a9","2bomnjjb","","","","feedback","130","1b_2a","b","9","1b_2a-9","0","","","","","","",""
"null","<span class=""fixation"">+</span>","null","html-keyboard-response","859","331344","0.0-859.0","5d537c0cecc84200153075e9","6a04f72bb0f4a868caeeb473","6a05526634fbb9d50ec646a9","2bomnjjb","","","","fixation","111","1b_2a","c","4","1b_2a-4","0","","","","","","",""
"125","<div class=""spr-display"">--- ----- ---------- ---- --- ------- --------- ---- --- -------------- --------- ----- -------- --- ---------- ------- --- ----- -- --- -----------"," ","html-keyboard-response","860","331470","0.0-860.0","5d537c0cecc84200153075e9","6a04f72bb0f4a868caeeb473","6a05526634fbb9d50ec646a9","2bomnjjb","","","","prompt","111","1b_2a","c","4","1b_2a-4","0","","","","","","",""
"216","<div class=""spr-display"">The ----- ---------- ---- --- ------- --------- ---- --- -------------- --------- ----- -------- --- ---------- ------- --- ----- -- --- -----------</div>"," ","html-keyboard-response","861","331687","0.0-861.0","5d537c0cecc84200153075e9","6a04f72bb0f4a868caeeb473","6a05526634fbb9d50ec646a9","2bomnjjb","","","","spr_word","111","1b_2a","c","4","1b_2a-4","0","The","0","21","false","","",""
"212","<div class=""spr-display"">The panel ---------- ---- --- ------- --------- ---- --- -------------- --------- ----- -------- --- ---------- ------- --- ----- -- --- -----------</div>"," ","html-keyboard-response","862","331900","0.0-862.0","5d537c0cecc84200153075e9","6a04f72bb0f4a868caeeb473","6a05526634fbb9d50ec646a9","2bomnjjb","","","","spr_word","111","1b_2a","c","4","1b_2a-4","0","panel","1","21","false","","",""
"202","<div class=""spr-display"">The panel remembered ---- --- ------- --------- ---- --- -------------- --------- ----- -------- --- ---------- ------- --- ----- -- --- -----------</div>"," ","html-keyboard-response","863","332103","0.0-863.0","5d537c0cecc84200153075e9","6a04f72bb0f4a868caeeb473","6a05526634fbb9d50ec646a9","2bomnjjb","","","","spr_word","111","1b_2a","c","4","1b_2a-4","0","remembered","2","21","false","","",""
"217","<div class=""spr-display"">The panel remembered that --- ------- --------- ---- --- -------------- --------- ----- -------- --- ---------- ------- --- ----- -- --- -----------</div>"," ","html-keyboard-response","864","332320","0.0-864.0","5d537c0cecc84200153075e9","6a04f72bb0f4a868caeeb473","6a05526634fbb9d50ec646a9","2bomnjjb","","","","spr_word","111","1b_2a","c","4","1b_2a-4","0","that","3","21","false","","",""
"219","<div class=""spr-display"">The panel remembered that the ------- --------- ---- --- -------------- --------- ----- -------- --- ---------- ------- --- ----- -- --- -----------</div>"," ","html-keyboard-response","865","332540","0.0-865.0","5d537c0cecc84200153075e9","6a04f72bb0f4a868caeeb473","6a05526634fbb9d50ec646a9","2bomnjjb","","","","spr_word","111","1b_2a","c","4","1b_2a-4","0","the","4","21","false","","",""
"210","<div class=""spr-display"">The panel remembered that the awkward --------- ---- --- -------------- --------- ----- -------- --- ---------- ------- --- ----- -- --- -----------</div>"," ","html-keyboard-response","866","332751","0.0-866.0","5d537c0cecc84200153075e9","6a04f72bb0f4a868caeeb473","6a05526634fbb9d50ec646a9","2bomnjjb","","","","spr_word","111","1b_2a","c","4","1b_2a-4","0","awkward","5","21","false","","",""
"208","<div class=""spr-display"">The panel remembered that the awkward scientist ---- --- -------------- --------- ----- -------- --- ---------- ------- --- ----- -- --- -----------</div>"," ","html-keyboard-response","867","332960","0.0-867.0","5d537c0cecc84200153075e9","6a04f72bb0f4a868caeeb473","6a05526634fbb9d50ec646a9","2bomnjjb","","","","spr_word","111","1b_2a","c","4","1b_2a-4","0","scientist","6","21","false","","",""
"211","<div class=""spr-display"">The panel remembered that the awkward scientist that --- -------------- --------- ----- -------- --- ---------- ------- --- ----- -- --- -----------</div>"," ","html-keyboard-response","868","333172","0.0-868.0","5d537c0cecc84200153075e9","6a04f72bb0f4a868caeeb473","6a05526634fbb9d50ec646a9","2bomnjjb","","","","spr_word","111","1b_2a","c","4","1b_2a-4","0","that","7","21","false","","",""
"222","<div class=""spr-display"">The panel remembered that the awkward scientist that the -------------- --------- ----- -------- --- ---------- ------- --- ----- -- --- -----------</div>"," ","html-keyboard-response","869","333394","0.0-869.0","5d537c0cecc84200153075e9","6a04f72bb0f4a868caeeb473","6a05526634fbb9d50ec646a9","2bomnjjb","","","","spr_word","111","1b_2a","c","4","1b_2a-4","0","the","8","21","false","","",""
"220","<div class=""spr-display"">The panel remembered that the awkward scientist that the unconventional --------- ----- -------- --- ---------- ------- --- ----- -- --- -----------</div>"," ","html-keyboard-response","870","333615","0.0-870.0","5d537c0cecc84200153075e9","6a04f72bb0f4a868caeeb473","6a05526634fbb9d50ec646a9","2bomnjjb","","","","spr_word","111","1b_2a","c","4","1b_2a-4","0","unconventional","9","21","false","","",""
"206","<div class=""spr-display"">The panel remembered that the awkward scientist that the unconventional professor ----- -------- --- ---------- ------- --- ----- -- --- -----------</div>"," ","html-keyboard-response","871","333822","0.0-871.0","5d537c0cecc84200153075e9","6a04f72bb0f4a868caeeb473","6a05526634fbb9d50ec646a9","2bomnjjb","","","","spr_word","111","1b_2a","c","4","1b_2a-4","0","professor","10","21","false","","",""
"211","<div class=""spr-display"">The panel remembered that the awkward scientist that the unconventional professor liked -------- --- ---------- ------- --- ----- -- --- -----------</div>"," ","html-keyboard-response","872","334034","0.0-872.0","5d537c0cecc84200153075e9","6a04f72bb0f4a868caeeb473","6a05526634fbb9d50ec646a9","2bomnjjb","","","","spr_word","111","1b_2a","c","4","1b_2a-4","0","liked","11","21","false","","",""
"220","<div class=""spr-display"">The panel remembered that the awkward scientist that the unconventional professor liked benignly --- ---------- ------- --- ----- -- --- -----------</div>"," ","html-keyboard-response","873","334255","0.0-873.0","5d537c0cecc84200153075e9","6a04f72bb0f4a868caeeb473","6a05526634fbb9d50ec646a9","2bomnjjb","","","","spr_word","111","1b_2a","c","4","1b_2a-4","0","benignly","12","21","false","","",""
"208","<div class=""spr-display"">The panel remembered that the awkward scientist that the unconventional professor liked benignly and ---------- ------- --- ----- -- --- -----------</div>"," ","html-keyboard-response","874","334464","0.0-874.0","5d537c0cecc84200153075e9","6a04f72bb0f4a868caeeb473","6a05526634fbb9d50ec646a9","2bomnjjb","","","","spr_word","111","1b_2a","c","4","1b_2a-4","0","and","13","21","false","","",""
"208","<div class=""spr-display"">The panel remembered that the awkward scientist that the unconventional professor liked benignly and hesitantly ------- --- ----- -- --- -----------</div>"," ","html-keyboard-response","875","334672","0.0-875.0","5d537c0cecc84200153075e9","6a04f72bb0f4a868caeeb473","6a05526634fbb9d50ec646a9","2bomnjjb","","","","spr_word","111","1b_2a","c","4","1b_2a-4","0","hesitantly","14","21","false","","",""
"225","<div class=""spr-display"">The panel remembered that the awkward scientist that the unconventional professor liked benignly and hesitantly awarded --- ----- -- --- -----------</div>"," ","html-keyboard-response","876","334898","0.0-876.0","5d537c0cecc84200153075e9","6a04f72bb0f4a868caeeb473","6a05526634fbb9d50ec646a9","2bomnjjb","","","","spr_word","111","1b_2a","c","4","1b_2a-4","0","awarded","15","21","false","","",""
"188","<div class=""spr-display"">The panel remembered that the awkward scientist that the unconventional professor liked benignly and hesitantly awarded the ----- -- --- -----------</div>"," ","html-keyboard-response","877","335088","0.0-877.0","5d537c0cecc84200153075e9","6a04f72bb0f4a868caeeb473","6a05526634fbb9d50ec646a9","2bomnjjb","","","","spr_word","111","1b_2a","c","4","1b_2a-4","0","the","16","21","false","","",""
"215","<div class=""spr-display"">The panel remembered that the awkward scientist that the unconventional professor liked benignly and hesitantly awarded the grant -- --- -----------</div>"," ","html-keyboard-response","878","335303","0.0-878.0","5d537c0cecc84200153075e9","6a04f72bb0f4a868caeeb473","6a05526634fbb9d50ec646a9","2bomnjjb","","","","spr_word","111","1b_2a","c","4","1b_2a-4","0","grant","17","21","false","","",""
"208","<div class=""spr-display"">The panel remembered that the awkward scientist that the unconventional professor liked benignly and hesitantly awarded the grant to --- -----------</div>"," ","html-keyboard-response","879","335513","0.0-879.0","5d537c0cecc84200153075e9","6a04f72bb0f4a868caeeb473","6a05526634fbb9d50ec646a9","2bomnjjb","","","","spr_word","111","1b_2a","c","4","1b_2a-4","0","to","18","21","false","","",""
"208","<div class=""spr-display"">The panel remembered that the awkward scientist that the unconventional professor liked benignly and hesitantly awarded the grant to the -----------</div>"," ","html-keyboard-response","880","335722","0.0-880.0","5d537c0cecc84200153075e9","6a04f72bb0f4a868caeeb473","6a05526634fbb9d50ec646a9","2bomnjjb","","","","spr_word","111","1b_2a","c","4","1b_2a-4","0","the","19","21","false","","",""
"201","<div class=""spr-display"">The panel remembered that the awkward scientist that the unconventional professor liked benignly and hesitantly awarded the grant to the researcher.</div>"," ","html-keyboard-response","881","335924","0.0-881.0","5d537c0cecc84200153075e9","6a04f72bb0f4a868caeeb473","6a05526634fbb9d50ec646a9","2bomnjjb","","","","spr_word","111","1b_2a","c","4","1b_2a-4","0","researcher.","20","21","false","","",""
"353","<div class=""comprehension-box"">
                    <p>undefined</p>
                    <p>Press <span class=""key-label"">F</span> for <strong>Yes</strong> &nbsp;|&nbsp;
                    Press <span class=""key-label"">J</span> for <strong>No</strong></p>
                </div>","f","html-keyboard-response","882","336278","0.0-882.0","5d537c0cecc84200153075e9","6a04f72bb0f4a868caeeb473","6a05526634fbb9d50ec646a9","2bomnjjb","","","","comprehension","111","1b_2a","c","4","1b_2a-4","0","","","","","","Yes","false"
"337","<div class=""comprehension-box"">
                    <p class=""feedback-incorrect"">Incorrect</p>
                    <p style=""font-size:18px;"">The correct answer was <strong>No</strong>.</p>
                    <p style=""margin-top:20px; font-size:16px; color:#555;"">
                    Press <span class=""key-label"">SPACE</span> to continue.
                    </p>
                </div>"," ","html-keyboard-response","883","336616","0.0-883.0","5d537c0cecc84200153075e9","6a04f72bb0f4a868caeeb473","6a05526634fbb9d50ec646a9","2bomnjjb","","","","feedback","111","1b_2a","c","4","1b_2a-4","0","","","","","","",""
"null","<span class=""fixation"">+</span>","null","html-keyboard-response","884","337126","0.0-884.0","5d537c0cecc84200153075e9","6a04f72bb0f4a868caeeb473","6a05526634fbb9d50ec646a9","2bomnjjb","","","","fixation","115","1b_2a","c","5","1b_2a-5","0","","","","","","",""
"188","<div class=""spr-display"">--- ------- ---------- ---- --- --------- --------- ---- --- --------- ------- ------ -------- --- -------- ---- - ------ -- --- -------"," ","html-keyboard-response","885","337315","0.0-885.0","5d537c0cecc84200153075e9","6a04f72bb0f4a868caeeb473","6a05526634fbb9d50ec646a9","2bomnjjb","","","","prompt","115","1b_2a","c","5","1b_2a-5","0","","","","","","",""
"229","<div class=""spr-display"">The ------- ---------- ---- --- --------- --------- ---- --- --------- ------- ------ -------- --- -------- ---- - ------ -- --- -------</div>"," ","html-keyboard-response","886","337545","0.0-886.0","5d537c0cecc84200153075e9","6a04f72bb0f4a868caeeb473","6a05526634fbb9d50ec646a9","2bomnjjb","","","","spr_word","115","1b_2a","c","5","1b_2a-5","0","The","0","21","false","","",""
"210","<div class=""spr-display"">The pianist ---------- ---- --- --------- --------- ---- --- --------- ------- ------ -------- --- -------- ---- - ------ -- --- -------</div>"," ","html-keyboard-response","887","337756","0.0-887.0","5d537c0cecc84200153075e9","6a04f72bb0f4a868caeeb473","6a05526634fbb9d50ec646a9","2bomnjjb","","","","spr_word","115","1b_2a","c","5","1b_2a-5","0","pianist","1","21","false","","",""
"208","<div class=""spr-display"">The pianist remembered ---- --- --------- --------- ---- --- --------- ------- ------ -------- --- -------- ---- - ------ -- --- -------</div>"," ","html-keyboard-response","888","337964","0.0-888.0","5d537c0cecc84200153075e9","6a04f72bb0f4a868caeeb473","6a05526634fbb9d50ec646a9","2bomnjjb","","","","spr_word","115","1b_2a","c","5","1b_2a-5","0","remembered","2","21","false","","",""
"210","<div class=""spr-display"">The pianist remembered that --- --------- --------- ---- --- --------- ------- ------ -------- --- -------- ---- - ------ -- --- -------</div>"," ","html-keyboard-response","889","338175","0.0-889.0","5d537c0cecc84200153075e9","6a04f72bb0f4a868caeeb473","6a05526634fbb9d50ec646a9","2bomnjjb","","","","spr_word","115","1b_2a","c","5","1b_2a-5","0","that","3","21","false","","",""
"211","<div class=""spr-display"">The pianist remembered that the --------- --------- ---- --- --------- ------- ------ -------- --- -------- ---- - ------ -- --- -------</div>"," ","html-keyboard-response","890","338386","0.0-890.0","5d537c0cecc84200153075e9","6a04f72bb0f4a868caeeb473","6a05526634fbb9d50ec646a9","2bomnjjb","","","","spr_word","115","1b_2a","c","5","1b_2a-5","0","the","4","21","false","","",""
"216","<div class=""spr-display"">The pianist remembered that the competent --------- ---- --- --------- ------- ------ -------- --- -------- ---- - ------ -- --- -------</div>"," ","html-keyboard-response","891","338604","0.0-891.0","5d537c0cecc84200153075e9","6a04f72bb0f4a868caeeb473","6a05526634fbb9d50ec646a9","2bomnjjb","","","","spr_word","115","1b_2a","c","5","1b_2a-5","0","competent","5","21","false","","",""
"202","<div class=""spr-display"">The pianist remembered that the competent conductor ---- --- --------- ------- ------ -------- --- -------- ---- - ------ -- --- -------</div>"," ","html-keyboard-response","892","338806","0.0-892.0","5d537c0cecc84200153075e9","6a04f72bb0f4a868caeeb473","6a05526634fbb9d50ec646a9","2bomnjjb","","","","spr_word","115","1b_2a","c","5","1b_2a-5","0","conductor","6","21","false","","",""
"210","<div class=""spr-display"">The pianist remembered that the competent conductor that --- --------- ------- ------ -------- --- -------- ---- - ------ -- --- -------</div>"," ","html-keyboard-response","893","339017","0.0-893.0","5d537c0cecc84200153075e9","6a04f72bb0f4a868caeeb473","6a05526634fbb9d50ec646a9","2bomnjjb","","","","spr_word","115","1b_2a","c","5","1b_2a-5","0","that","7","21","false","","",""
"212","<div class=""spr-display"">The pianist remembered that the competent conductor that the --------- ------- ------ -------- --- -------- ---- - ------ -- --- -------</div>"," ","html-keyboard-response","894","339230","0.0-894.0","5d537c0cecc84200153075e9","6a04f72bb0f4a868caeeb473","6a05526634fbb9d50ec646a9","2bomnjjb","","","","spr_word","115","1b_2a","c","5","1b_2a-5","0","the","8","21","false","","",""
"215","<div class=""spr-display"">The pianist remembered that the competent conductor that the beautiful ------- ------ -------- --- -------- ---- - ------ -- --- -------</div>"," ","html-keyboard-response","895","339445","0.0-895.0","5d537c0cecc84200153075e9","6a04f72bb0f4a868caeeb473","6a05526634fbb9d50ec646a9","2bomnjjb","","","","spr_word","115","1b_2a","c","5","1b_2a-5","0","beautiful","9","21","false","","",""
"212","<div class=""spr-display"">The pianist remembered that the competent conductor that the beautiful cellist ------ -------- --- -------- ---- - ------ -- --- -------</div>"," ","html-keyboard-response","896","339658","0.0-896.0","5d537c0cecc84200153075e9","6a04f72bb0f4a868caeeb473","6a05526634fbb9d50ec646a9","2bomnjjb","","","","spr_word","115","1b_2a","c","5","1b_2a-5","0","cellist","10","21","false","","",""
"211","<div class=""spr-display"">The pianist remembered that the competent conductor that the beautiful cellist adored -------- --- -------- ---- - ------ -- --- -------</div>"," ","html-keyboard-response","897","339870","0.0-897.0","5d537c0cecc84200153075e9","6a04f72bb0f4a868caeeb473","6a05526634fbb9d50ec646a9","2bomnjjb","","","","spr_word","115","1b_2a","c","5","1b_2a-5","0","adored","11","21","false","","",""
"210","<div class=""spr-display"">The pianist remembered that the competent conductor that the beautiful cellist adored secretly --- -------- ---- - ------ -- --- -------</div>"," ","html-keyboard-response","898","340080","0.0-898.0","5d537c0cecc84200153075e9","6a04f72bb0f4a868caeeb473","6a05526634fbb9d50ec646a9","2bomnjjb","","","","spr_word","115","1b_2a","c","5","1b_2a-5","0","secretly","12","21","false","","",""
"211","<div class=""spr-display"">The pianist remembered that the competent conductor that the beautiful cellist adored secretly and -------- ---- - ------ -- --- -------</div>"," ","html-keyboard-response","899","340292","0.0-899.0","5d537c0cecc84200153075e9","6a04f72bb0f4a868caeeb473","6a05526634fbb9d50ec646a9","2bomnjjb","","","","spr_word","115","1b_2a","c","5","1b_2a-5","0","and","13","21","false","","",""
"205","<div class=""spr-display"">The pianist remembered that the competent conductor that the beautiful cellist adored secretly and woefully ---- - ------ -- --- -------</div>"," ","html-keyboard-response","900","340498","0.0-900.0","5d537c0cecc84200153075e9","6a04f72bb0f4a868caeeb473","6a05526634fbb9d50ec646a9","2bomnjjb","","","","spr_word","115","1b_2a","c","5","1b_2a-5","0","woefully","14","21","false","","",""
"211","<div class=""spr-display"">The pianist remembered that the competent conductor that the beautiful cellist adored secretly and woefully sent - ------ -- --- -------</div>"," ","html-keyboard-response","901","340710","0.0-901.0","5d537c0cecc84200153075e9","6a04f72bb0f4a868caeeb473","6a05526634fbb9d50ec646a9","2bomnjjb","","","","spr_word","115","1b_2a","c","5","1b_2a-5","0","sent","15","21","false","","",""
"209","<div class=""spr-display"">The pianist remembered that the competent conductor that the beautiful cellist adored secretly and woefully sent a ------ -- --- -------</div>"," ","html-keyboard-response","902","340920","0.0-902.0","5d537c0cecc84200153075e9","6a04f72bb0f4a868caeeb473","6a05526634fbb9d50ec646a9","2bomnjjb","","","","spr_word","115","1b_2a","c","5","1b_2a-5","0","a","16","21","false","","",""
"204","<div class=""spr-display"">The pianist remembered that the competent conductor that the beautiful cellist adored secretly and woefully sent a letter -- --- -------</div>"," ","html-keyboard-response","903","341125","0.0-903.0","5d537c0cecc84200153075e9","6a04f72bb0f4a868caeeb473","6a05526634fbb9d50ec646a9","2bomnjjb","","","","spr_word","115","1b_2a","c","5","1b_2a-5","0","letter","17","21","false","","",""
"207","<div class=""spr-display"">The pianist remembered that the competent conductor that the beautiful cellist adored secretly and woefully sent a letter to --- -------</div>"," ","html-keyboard-response","904","341333","0.0-904.0","5d537c0cecc84200153075e9","6a04f72bb0f4a868caeeb473","6a05526634fbb9d50ec646a9","2bomnjjb","","","","spr_word","115","1b_2a","c","5","1b_2a-5","0","to","18","21","false","","",""
"200","<div class=""spr-display"">The pianist remembered that the competent conductor that the beautiful cellist adored secretly and woefully sent a letter to the -------</div>"," ","html-keyboard-response","905","341534","0.0-905.0","5d537c0cecc84200153075e9","6a04f72bb0f4a868caeeb473","6a05526634fbb9d50ec646a9","2bomnjjb","","","","spr_word","115","1b_2a","c","5","1b_2a-5","0","the","19","21","false","","",""
"311","<div class=""spr-display"">The pianist remembered that the competent conductor that the beautiful cellist adored secretly and woefully sent a letter to the oboist.</div>"," ","html-keyboard-response","906","341845","0.0-906.0","5d537c0cecc84200153075e9","6a04f72bb0f4a868caeeb473","6a05526634fbb9d50ec646a9","2bomnjjb","","","","spr_word","115","1b_2a","c","5","1b_2a-5","0","oboist.","20","21","false","","",""
"512","<div class=""comprehension-box"">
                    <p>undefined</p>
                    <p>Press <span class=""key-label"">F</span> for <strong>Yes</strong> &nbsp;|&nbsp;
                    Press <span class=""key-label"">J</span> for <strong>No</strong></p>
                </div>","j","html-keyboard-response","907","342358","0.0-907.0","5d537c0cecc84200153075e9","6a04f72bb0f4a868caeeb473","6a05526634fbb9d50ec646a9","2bomnjjb","","","","comprehension","115","1b_2a","c","5","1b_2a-5","0","","","","","","No","false"
"308","<div class=""comprehension-box"">
                    <p class=""feedback-incorrect"">Incorrect</p>
                    <p style=""font-size:18px;"">The correct answer was <strong>No</strong>.</p>
                    <p style=""margin-top:20px; font-size:16px; color:#555;"">
                    Press <span class=""key-label"">SPACE</span> to continue.
                    </p>
                </div>"," ","html-keyboard-response","908","342667","0.0-908.0","5d537c0cecc84200153075e9","6a04f72bb0f4a868caeeb473","6a05526634fbb9d50ec646a9","2bomnjjb","","","","feedback","115","1b_2a","c","5","1b_2a-5","0","","","","","","",""
"null","<span class=""fixation"">+</span>","null","html-keyboard-response","909","343183","0.0-909.0","5d537c0cecc84200153075e9","6a04f72bb0f4a868caeeb473","6a05526634fbb9d50ec646a9","2bomnjjb","","","","fixation","146","1b_2a","b","13","1b_2a-13","0","","","","","","",""
"190","<div class=""spr-display"">--- ------- --------- --- --- --------- ----- ---- --- --- ------ ----------- -------- --- ---------- -------- --- ---- -- --- --------"," ","html-keyboard-response","910","343375","0.0-910.0","5d537c0cecc84200153075e9","6a04f72bb0f4a868caeeb473","6a05526634fbb9d50ec646a9","2bomnjjb","","","","prompt","146","1b_2a","b","13","1b_2a-13","0","","","","","","",""
"211","<div class=""spr-display"">The ------- --------- --- --- --------- ----- ---- --- --- ------ ----------- -------- --- ---------- -------- --- ---- -- --- --------</div>"," ","html-keyboard-response","911","343587","0.0-911.0","5d537c0cecc84200153075e9","6a04f72bb0f4a868caeeb473","6a05526634fbb9d50ec646a9","2bomnjjb","","","","spr_word","146","1b_2a","b","13","1b_2a-13","0","The","0","21","false","","",""
"215","<div class=""spr-display"">The surgeon --------- --- --- --------- ----- ---- --- --- ------ ----------- -------- --- ---------- -------- --- ---- -- --- --------</div>"," ","html-keyboard-response","912","343803","0.0-912.0","5d537c0cecc84200153075e9","6a04f72bb0f4a868caeeb473","6a05526634fbb9d50ec646a9","2bomnjjb","","","","spr_word","146","1b_2a","b","13","1b_2a-13","0","surgeon","1","21","false","","",""
"217","<div class=""spr-display"">The surgeon disclosed --- --- --------- ----- ---- --- --- ------ ----------- -------- --- ---------- -------- --- ---- -- --- --------</div>"," ","html-keyboard-response","913","344021","0.0-913.0","5d537c0cecc84200153075e9","6a04f72bb0f4a868caeeb473","6a05526634fbb9d50ec646a9","2bomnjjb","","","","spr_word","146","1b_2a","b","13","1b_2a-13","0","disclosed","2","21","false","","",""
"207","<div class=""spr-display"">The surgeon disclosed how --- --------- ----- ---- --- --- ------ ----------- -------- --- ---------- -------- --- ---- -- --- --------</div>"," ","html-keyboard-response","914","344229","0.0-914.0","5d537c0cecc84200153075e9","6a04f72bb0f4a868caeeb473","6a05526634fbb9d50ec646a9","2bomnjjb","","","","spr_word","146","1b_2a","b","13","1b_2a-13","0","how","3","21","false","","",""
"200","<div class=""spr-display"">The surgeon disclosed how the --------- ----- ---- --- --- ------ ----------- -------- --- ---------- -------- --- ---- -- --- --------</div>"," ","html-keyboard-response","915","344430","0.0-915.0","5d537c0cecc84200153075e9","6a04f72bb0f4a868caeeb473","6a05526634fbb9d50ec646a9","2bomnjjb","","","","spr_word","146","1b_2a","b","13","1b_2a-13","0","the","4","21","false","","",""
"196","<div class=""spr-display"">The surgeon disclosed how the ambitious ----- ---- --- --- ------ ----------- -------- --- ---------- -------- --- ---- -- --- --------</div>"," ","html-keyboard-response","916","344626","0.0-916.0","5d537c0cecc84200153075e9","6a04f72bb0f4a868caeeb473","6a05526634fbb9d50ec646a9","2bomnjjb","","","","spr_word","146","1b_2a","b","13","1b_2a-13","0","ambitious","5","21","false","","",""
"206","<div class=""spr-display"">The surgeon disclosed how the ambitious nurse ---- --- --- ------ ----------- -------- --- ---------- -------- --- ---- -- --- --------</div>"," ","html-keyboard-response","917","344833","0.0-917.0","5d537c0cecc84200153075e9","6a04f72bb0f4a868caeeb473","6a05526634fbb9d50ec646a9","2bomnjjb","","","","spr_word","146","1b_2a","b","13","1b_2a-13","0","nurse","6","21","false","","",""
"189","<div class=""spr-display"">The surgeon disclosed how the ambitious nurse that --- --- ------ ----------- -------- --- ---------- -------- --- ---- -- --- --------</div>"," ","html-keyboard-response","918","345023","0.0-918.0","5d537c0cecc84200153075e9","6a04f72bb0f4a868caeeb473","6a05526634fbb9d50ec646a9","2bomnjjb","","","","spr_word","146","1b_2a","b","13","1b_2a-13","0","that","7","21","false","","",""
"191","<div class=""spr-display"">The surgeon disclosed how the ambitious nurse that the --- ------ ----------- -------- --- ---------- -------- --- ---- -- --- --------</div>"," ","html-keyboard-response","919","345215","0.0-919.0","5d537c0cecc84200153075e9","6a04f72bb0f4a868caeeb473","6a05526634fbb9d50ec646a9","2bomnjjb","","","","spr_word","146","1b_2a","b","13","1b_2a-13","0","the","8","21","false","","",""
"213","<div class=""spr-display"">The surgeon disclosed how the ambitious nurse that the old ------ ----------- -------- --- ---------- -------- --- ---- -- --- --------</div>"," ","html-keyboard-response","920","345429","0.0-920.0","5d537c0cecc84200153075e9","6a04f72bb0f4a868caeeb473","6a05526634fbb9d50ec646a9","2bomnjjb","","","","spr_word","146","1b_2a","b","13","1b_2a-13","0","old","9","21","false","","",""
"209","<div class=""spr-display"">The surgeon disclosed how the ambitious nurse that the old doctor ----------- -------- --- ---------- -------- --- ---- -- --- --------</div>"," ","html-keyboard-response","921","345639","0.0-921.0","5d537c0cecc84200153075e9","6a04f72bb0f4a868caeeb473","6a05526634fbb9d50ec646a9","2bomnjjb","","","","spr_word","146","1b_2a","b","13","1b_2a-13","0","doctor","10","21","false","","",""
"211","<div class=""spr-display"">The surgeon disclosed how the ambitious nurse that the old doctor recommended -------- --- ---------- -------- --- ---- -- --- --------</div>"," ","html-keyboard-response","922","345851","0.0-922.0","5d537c0cecc84200153075e9","6a04f72bb0f4a868caeeb473","6a05526634fbb9d50ec646a9","2bomnjjb","","","","spr_word","146","1b_2a","b","13","1b_2a-13","0","recommended","11","21","false","","",""
"219","<div class=""spr-display"">The surgeon disclosed how the ambitious nurse that the old doctor recommended unfairly --- ---------- -------- --- ---- -- --- --------</div>"," ","html-keyboard-response","923","346072","0.0-923.0","5d537c0cecc84200153075e9","6a04f72bb0f4a868caeeb473","6a05526634fbb9d50ec646a9","2bomnjjb","","","","spr_word","146","1b_2a","b","13","1b_2a-13","0","unfairly","12","21","false","","",""
"213","<div class=""spr-display"">The surgeon disclosed how the ambitious nurse that the old doctor recommended unfairly and ---------- -------- --- ---- -- --- --------</div>"," ","html-keyboard-response","924","346286","0.0-924.0","5d537c0cecc84200153075e9","6a04f72bb0f4a868caeeb473","6a05526634fbb9d50ec646a9","2bomnjjb","","","","spr_word","146","1b_2a","b","13","1b_2a-13","0","and","13","21","false","","",""
"201","<div class=""spr-display"">The surgeon disclosed how the ambitious nurse that the old doctor recommended unfairly and ignorantly -------- --- ---- -- --- --------</div>"," ","html-keyboard-response","925","346487","0.0-925.0","5d537c0cecc84200153075e9","6a04f72bb0f4a868caeeb473","6a05526634fbb9d50ec646a9","2bomnjjb","","","","spr_word","146","1b_2a","b","13","1b_2a-13","0","ignorantly","14","21","false","","",""
"198","<div class=""spr-display"">The surgeon disclosed how the ambitious nurse that the old doctor recommended unfairly and ignorantly promised --- ---- -- --- --------</div>"," ","html-keyboard-response","926","346686","0.0-926.0","5d537c0cecc84200153075e9","6a04f72bb0f4a868caeeb473","6a05526634fbb9d50ec646a9","2bomnjjb","","","","spr_word","146","1b_2a","b","13","1b_2a-13","0","promised","15","21","false","","",""
"201","<div class=""spr-display"">The surgeon disclosed how the ambitious nurse that the old doctor recommended unfairly and ignorantly promised the ---- -- --- --------</div>"," ","html-keyboard-response","927","346888","0.0-927.0","5d537c0cecc84200153075e9","6a04f72bb0f4a868caeeb473","6a05526634fbb9d50ec646a9","2bomnjjb","","","","spr_word","146","1b_2a","b","13","1b_2a-13","0","the","16","21","false","","",""
"220","<div class=""spr-display"">The surgeon disclosed how the ambitious nurse that the old doctor recommended unfairly and ignorantly promised the cure -- --- --------</div>"," ","html-keyboard-response","928","347108","0.0-928.0","5d537c0cecc84200153075e9","6a04f72bb0f4a868caeeb473","6a05526634fbb9d50ec646a9","2bomnjjb","","","","spr_word","146","1b_2a","b","13","1b_2a-13","0","cure","17","21","false","","",""
"186","<div class=""spr-display"">The surgeon disclosed how the ambitious nurse that the old doctor recommended unfairly and ignorantly promised the cure to --- --------</div>"," ","html-keyboard-response","929","347295","0.0-929.0","5d537c0cecc84200153075e9","6a04f72bb0f4a868caeeb473","6a05526634fbb9d50ec646a9","2bomnjjb","","","","spr_word","146","1b_2a","b","13","1b_2a-13","0","to","18","21","false","","",""
"196","<div class=""spr-display"">The surgeon disclosed how the ambitious nurse that the old doctor recommended unfairly and ignorantly promised the cure to the --------</div>"," ","html-keyboard-response","930","347492","0.0-930.0","5d537c0cecc84200153075e9","6a04f72bb0f4a868caeeb473","6a05526634fbb9d50ec646a9","2bomnjjb","","","","spr_word","146","1b_2a","b","13","1b_2a-13","0","the","19","21","false","","",""
"202","<div class=""spr-display"">The surgeon disclosed how the ambitious nurse that the old doctor recommended unfairly and ignorantly promised the cure to the patient.</div>"," ","html-keyboard-response","931","347695","0.0-931.0","5d537c0cecc84200153075e9","6a04f72bb0f4a868caeeb473","6a05526634fbb9d50ec646a9","2bomnjjb","","","","spr_word","146","1b_2a","b","13","1b_2a-13","0","patient.","20","21","false","","",""
"397","<div class=""comprehension-box"">
                    <p>undefined</p>
                    <p>Press <span class=""key-label"">F</span> for <strong>Yes</strong> &nbsp;|&nbsp;
                    Press <span class=""key-label"">J</span> for <strong>No</strong></p>
                </div>","j","html-keyboard-response","932","348093","0.0-932.0","5d537c0cecc84200153075e9","6a04f72bb0f4a868caeeb473","6a05526634fbb9d50ec646a9","2bomnjjb","","","","comprehension","146","1b_2a","b","13","1b_2a-13","0","","","","","","No","false"
"311","<div class=""comprehension-box"">
                    <p class=""feedback-incorrect"">Incorrect</p>
                    <p style=""font-size:18px;"">The correct answer was <strong>No</strong>.</p>
                    <p style=""margin-top:20px; font-size:16px; color:#555;"">
                    Press <span class=""key-label"">SPACE</span> to continue.
                    </p>
                </div>"," ","html-keyboard-response","933","348404","0.0-933.0","5d537c0cecc84200153075e9","6a04f72bb0f4a868caeeb473","6a05526634fbb9d50ec646a9","2bomnjjb","","","","feedback","146","1b_2a","b","13","1b_2a-13","0","","","","","","",""
"null","<span class=""fixation"">+</span>","null","html-keyboard-response","934","348917","0.0-934.0","5d537c0cecc84200153075e9","6a04f72bb0f4a868caeeb473","6a05526634fbb9d50ec646a9","2bomnjjb","","","","fixation","124","1b_2a","d","7","1b_2a-7","0","","","","","","",""
"110","<div class=""spr-display"">--- ------ -------- --- --- ---- -------- ---- --- -------- ---- ----- ------- --- --------- ------ --- ---- -- --- -------"," ","html-keyboard-response","935","349028","0.0-935.0","5d537c0cecc84200153075e9","6a04f72bb0f4a868caeeb473","6a05526634fbb9d50ec646a9","2bomnjjb","","","","prompt","124","1b_2a","d","7","1b_2a-7","0","","","","","","",""
"214","<div class=""spr-display"">The ------ -------- --- --- ---- -------- ---- --- -------- ---- ----- ------- --- --------- ------ --- ---- -- --- -------</div>"," ","html-keyboard-response","936","349242","0.0-936.0","5d537c0cecc84200153075e9","6a04f72bb0f4a868caeeb473","6a05526634fbb9d50ec646a9","2bomnjjb","","","","spr_word","124","1b_2a","d","7","1b_2a-7","0","The","0","21","false","","",""
"205","<div class=""spr-display"">The busboy -------- --- --- ---- -------- ---- --- -------- ---- ----- ------- --- --------- ------ --- ---- -- --- -------</div>"," ","html-keyboard-response","937","349448","0.0-937.0","5d537c0cecc84200153075e9","6a04f72bb0f4a868caeeb473","6a05526634fbb9d50ec646a9","2bomnjjb","","","","spr_word","124","1b_2a","d","7","1b_2a-7","0","busboy","1","21","false","","",""
"201","<div class=""spr-display"">The busboy revealed --- --- ---- -------- ---- --- -------- ---- ----- ------- --- --------- ------ --- ---- -- --- -------</div>"," ","html-keyboard-response","938","349650","0.0-938.0","5d537c0cecc84200153075e9","6a04f72bb0f4a868caeeb473","6a05526634fbb9d50ec646a9","2bomnjjb","","","","spr_word","124","1b_2a","d","7","1b_2a-7","0","revealed","2","21","false","","",""
"208","<div class=""spr-display"">The busboy revealed why --- ---- -------- ---- --- -------- ---- ----- ------- --- --------- ------ --- ---- -- --- -------</div>"," ","html-keyboard-response","939","349860","0.0-939.0","5d537c0cecc84200153075e9","6a04f72bb0f4a868caeeb473","6a05526634fbb9d50ec646a9","2bomnjjb","","","","spr_word","124","1b_2a","d","7","1b_2a-7","0","why","3","21","false","","",""
"209","<div class=""spr-display"">The busboy revealed why the ---- -------- ---- --- -------- ---- ----- ------- --- --------- ------ --- ---- -- --- -------</div>"," ","html-keyboard-response","940","350070","0.0-940.0","5d537c0cecc84200153075e9","6a04f72bb0f4a868caeeb473","6a05526634fbb9d50ec646a9","2bomnjjb","","","","spr_word","124","1b_2a","d","7","1b_2a-7","0","the","4","21","false","","",""
"200","<div class=""spr-display"">The busboy revealed why the busy -------- ---- --- -------- ---- ----- ------- --- --------- ------ --- ---- -- --- -------</div>"," ","html-keyboard-response","941","350270","0.0-941.0","5d537c0cecc84200153075e9","6a04f72bb0f4a868caeeb473","6a05526634fbb9d50ec646a9","2bomnjjb","","","","spr_word","124","1b_2a","d","7","1b_2a-7","0","busy","5","21","false","","",""
"194","<div class=""spr-display"">The busboy revealed why the busy waitress ---- --- -------- ---- ----- ------- --- --------- ------ --- ---- -- --- -------</div>"," ","html-keyboard-response","942","350465","0.0-942.0","5d537c0cecc84200153075e9","6a04f72bb0f4a868caeeb473","6a05526634fbb9d50ec646a9","2bomnjjb","","","","spr_word","124","1b_2a","d","7","1b_2a-7","0","waitress","6","21","false","","",""
"201","<div class=""spr-display"">The busboy revealed why the busy waitress that --- -------- ---- ----- ------- --- --------- ------ --- ---- -- --- -------</div>"," ","html-keyboard-response","943","350666","0.0-943.0","5d537c0cecc84200153075e9","6a04f72bb0f4a868caeeb473","6a05526634fbb9d50ec646a9","2bomnjjb","","","","spr_word","124","1b_2a","d","7","1b_2a-7","0","that","7","21","false","","",""
"186","<div class=""spr-display"">The busboy revealed why the busy waitress that the -------- ---- ----- ------- --- --------- ------ --- ---- -- --- -------</div>"," ","html-keyboard-response","944","350853","0.0-944.0","5d537c0cecc84200153075e9","6a04f72bb0f4a868caeeb473","6a05526634fbb9d50ec646a9","2bomnjjb","","","","spr_word","124","1b_2a","d","7","1b_2a-7","0","the","8","21","false","","",""
"202","<div class=""spr-display"">The busboy revealed why the busy waitress that the talented ---- ----- ------- --- --------- ------ --- ---- -- --- -------</div>"," ","html-keyboard-response","945","351055","0.0-945.0","5d537c0cecc84200153075e9","6a04f72bb0f4a868caeeb473","6a05526634fbb9d50ec646a9","2bomnjjb","","","","spr_word","124","1b_2a","d","7","1b_2a-7","0","talented","9","21","false","","",""
"195","<div class=""spr-display"">The busboy revealed why the busy waitress that the talented cook ----- ------- --- --------- ------ --- ---- -- --- -------</div>"," ","html-keyboard-response","946","351251","0.0-946.0","5d537c0cecc84200153075e9","6a04f72bb0f4a868caeeb473","6a05526634fbb9d50ec646a9","2bomnjjb","","","","spr_word","124","1b_2a","d","7","1b_2a-7","0","cook","10","21","false","","",""
"200","<div class=""spr-display"">The busboy revealed why the busy waitress that the talented cook hated ------- --- --------- ------ --- ---- -- --- -------</div>"," ","html-keyboard-response","947","351452","0.0-947.0","5d537c0cecc84200153075e9","6a04f72bb0f4a868caeeb473","6a05526634fbb9d50ec646a9","2bomnjjb","","","","spr_word","124","1b_2a","d","7","1b_2a-7","0","hated","11","21","false","","",""
"200","<div class=""spr-display"">The busboy revealed why the busy waitress that the talented cook hated happily --- --------- ------ --- ---- -- --- -------</div>"," ","html-keyboard-response","948","351653","0.0-948.0","5d537c0cecc84200153075e9","6a04f72bb0f4a868caeeb473","6a05526634fbb9d50ec646a9","2bomnjjb","","","","spr_word","124","1b_2a","d","7","1b_2a-7","0","happily","12","21","false","","",""
"207","<div class=""spr-display"">The busboy revealed why the busy waitress that the talented cook hated happily and --------- ------ --- ---- -- --- -------</div>"," ","html-keyboard-response","949","351860","0.0-949.0","5d537c0cecc84200153075e9","6a04f72bb0f4a868caeeb473","6a05526634fbb9d50ec646a9","2bomnjjb","","","","spr_word","124","1b_2a","d","7","1b_2a-7","0","and","13","21","false","","",""
"186","<div class=""spr-display"">The busboy revealed why the busy waitress that the talented cook hated happily and leisurely ------ --- ---- -- --- -------</div>"," ","html-keyboard-response","950","352047","0.0-950.0","5d537c0cecc84200153075e9","6a04f72bb0f4a868caeeb473","6a05526634fbb9d50ec646a9","2bomnjjb","","","","spr_word","124","1b_2a","d","7","1b_2a-7","0","leisurely","14","21","false","","",""
"198","<div class=""spr-display"">The busboy revealed why the busy waitress that the talented cook hated happily and leisurely served --- ---- -- --- -------</div>"," ","html-keyboard-response","951","352246","0.0-951.0","5d537c0cecc84200153075e9","6a04f72bb0f4a868caeeb473","6a05526634fbb9d50ec646a9","2bomnjjb","","","","spr_word","124","1b_2a","d","7","1b_2a-7","0","served","15","21","false","","",""
"198","<div class=""spr-display"">The busboy revealed why the busy waitress that the talented cook hated happily and leisurely served the ---- -- --- -------</div>"," ","html-keyboard-response","952","352444","0.0-952.0","5d537c0cecc84200153075e9","6a04f72bb0f4a868caeeb473","6a05526634fbb9d50ec646a9","2bomnjjb","","","","spr_word","124","1b_2a","d","7","1b_2a-7","0","the","16","21","false","","",""
"211","<div class=""spr-display"">The busboy revealed why the busy waitress that the talented cook hated happily and leisurely served the meal -- --- -------</div>"," ","html-keyboard-response","953","352657","0.0-953.0","5d537c0cecc84200153075e9","6a04f72bb0f4a868caeeb473","6a05526634fbb9d50ec646a9","2bomnjjb","","","","spr_word","124","1b_2a","d","7","1b_2a-7","0","meal","17","21","false","","",""
"218","<div class=""spr-display"">The busboy revealed why the busy waitress that the talented cook hated happily and leisurely served the meal to --- -------</div>"," ","html-keyboard-response","954","352875","0.0-954.0","5d537c0cecc84200153075e9","6a04f72bb0f4a868caeeb473","6a05526634fbb9d50ec646a9","2bomnjjb","","","","spr_word","124","1b_2a","d","7","1b_2a-7","0","to","18","21","false","","",""
"217","<div class=""spr-display"">The busboy revealed why the busy waitress that the talented cook hated happily and leisurely served the meal to the -------</div>"," ","html-keyboard-response","955","353093","0.0-955.0","5d537c0cecc84200153075e9","6a04f72bb0f4a868caeeb473","6a05526634fbb9d50ec646a9","2bomnjjb","","","","spr_word","124","1b_2a","d","7","1b_2a-7","0","the","19","21","false","","",""
"200","<div class=""spr-display"">The busboy revealed why the busy waitress that the talented cook hated happily and leisurely served the meal to the family.</div>"," ","html-keyboard-response","956","353294","0.0-956.0","5d537c0cecc84200153075e9","6a04f72bb0f4a868caeeb473","6a05526634fbb9d50ec646a9","2bomnjjb","","","","spr_word","124","1b_2a","d","7","1b_2a-7","0","family.","20","21","false","","",""
"710","<div class=""comprehension-box"">
                    <p>undefined</p>
                    <p>Press <span class=""key-label"">F</span> for <strong>Yes</strong> &nbsp;|&nbsp;
                    Press <span class=""key-label"">J</span> for <strong>No</strong></p>
                </div>","f","html-keyboard-response","957","354005","0.0-957.0","5d537c0cecc84200153075e9","6a04f72bb0f4a868caeeb473","6a05526634fbb9d50ec646a9","2bomnjjb","","","","comprehension","124","1b_2a","d","7","1b_2a-7","0","","","","","","Yes","false"
"381","<div class=""comprehension-box"">
                    <p class=""feedback-incorrect"">Incorrect</p>
                    <p style=""font-size:18px;"">The correct answer was <strong>No</strong>.</p>
                    <p style=""margin-top:20px; font-size:16px; color:#555;"">
                    Press <span class=""key-label"">SPACE</span> to continue.
                    </p>
                </div>"," ","html-keyboard-response","958","354387","0.0-958.0","5d537c0cecc84200153075e9","6a04f72bb0f4a868caeeb473","6a05526634fbb9d50ec646a9","2bomnjjb","","","","feedback","124","1b_2a","d","7","1b_2a-7","0","","","","","","",""
"null","<span class=""fixation"">+</span>","null","html-keyboard-response","959","354892","0.0-959.0","5d537c0cecc84200153075e9","6a04f72bb0f4a868caeeb473","6a05526634fbb9d50ec646a9","2bomnjjb","","","","fixation","121","1b_2a","a","7","1b_2a-7","0","","","","","","",""
"127","<div class=""spr-display"">--- ------ -------- --- --- ---- -------- ---- --- -------- ---- ----- ------- --- --------- ------ --- ---- ---"," ","html-keyboard-response","960","355021","0.0-960.0","5d537c0cecc84200153075e9","6a04f72bb0f4a868caeeb473","6a05526634fbb9d50ec646a9","2bomnjjb","","","","prompt","121","1b_2a","a","7","1b_2a-7","0","","","","","","",""
"215","<div class=""spr-display"">The ------ -------- --- --- ---- -------- ---- --- -------- ---- ----- ------- --- --------- ------ --- ---- ---</div>"," ","html-keyboard-response","961","355237","0.0-961.0","5d537c0cecc84200153075e9","6a04f72bb0f4a868caeeb473","6a05526634fbb9d50ec646a9","2bomnjjb","","","","spr_word","121","1b_2a","a","7","1b_2a-7","0","The","0","19","false","","",""
"211","<div class=""spr-display"">The busboy -------- --- --- ---- -------- ---- --- -------- ---- ----- ------- --- --------- ------ --- ---- ---</div>"," ","html-keyboard-response","962","355449","0.0-962.0","5d537c0cecc84200153075e9","6a04f72bb0f4a868caeeb473","6a05526634fbb9d50ec646a9","2bomnjjb","","","","spr_word","121","1b_2a","a","7","1b_2a-7","0","busboy","1","19","false","","",""
"184","<div class=""spr-display"">The busboy revealed --- --- ---- -------- ---- --- -------- ---- ----- ------- --- --------- ------ --- ---- ---</div>"," ","html-keyboard-response","963","355634","0.0-963.0","5d537c0cecc84200153075e9","6a04f72bb0f4a868caeeb473","6a05526634fbb9d50ec646a9","2bomnjjb","","","","spr_word","121","1b_2a","a","7","1b_2a-7","0","revealed","2","19","false","","",""
"226","<div class=""spr-display"">The busboy revealed who --- ---- -------- ---- --- -------- ---- ----- ------- --- --------- ------ --- ---- ---</div>"," ","html-keyboard-response","964","355861","0.0-964.0","5d537c0cecc84200153075e9","6a04f72bb0f4a868caeeb473","6a05526634fbb9d50ec646a9","2bomnjjb","","","","spr_word","121","1b_2a","a","7","1b_2a-7","0","who","3","19","false","","",""
"218","<div class=""spr-display"">The busboy revealed who the ---- -------- ---- --- -------- ---- ----- ------- --- --------- ------ --- ---- ---</div>"," ","html-keyboard-response","965","356080","0.0-965.0","5d537c0cecc84200153075e9","6a04f72bb0f4a868caeeb473","6a05526634fbb9d50ec646a9","2bomnjjb","","","","spr_word","121","1b_2a","a","7","1b_2a-7","0","the","4","19","false","","",""
"193","<div class=""spr-display"">The busboy revealed who the busy -------- ---- --- -------- ---- ----- ------- --- --------- ------ --- ---- ---</div>"," ","html-keyboard-response","966","356274","0.0-966.0","5d537c0cecc84200153075e9","6a04f72bb0f4a868caeeb473","6a05526634fbb9d50ec646a9","2bomnjjb","","","","spr_word","121","1b_2a","a","7","1b_2a-7","0","busy","5","19","false","","",""
"226","<div class=""spr-display"">The busboy revealed who the busy waitress ---- --- -------- ---- ----- ------- --- --------- ------ --- ---- ---</div>"," ","html-keyboard-response","967","356501","0.0-967.0","5d537c0cecc84200153075e9","6a04f72bb0f4a868caeeb473","6a05526634fbb9d50ec646a9","2bomnjjb","","","","spr_word","121","1b_2a","a","7","1b_2a-7","0","waitress","6","19","false","","",""
"178","<div class=""spr-display"">The busboy revealed who the busy waitress that --- -------- ---- ----- ------- --- --------- ------ --- ---- ---</div>"," ","html-keyboard-response","968","356679","0.0-968.0","5d537c0cecc84200153075e9","6a04f72bb0f4a868caeeb473","6a05526634fbb9d50ec646a9","2bomnjjb","","","","spr_word","121","1b_2a","a","7","1b_2a-7","0","that","7","19","false","","",""
"200","<div class=""spr-display"">The busboy revealed who the busy waitress that the -------- ---- ----- ------- --- --------- ------ --- ---- ---</div>"," ","html-keyboard-response","969","356881","0.0-969.0","5d537c0cecc84200153075e9","6a04f72bb0f4a868caeeb473","6a05526634fbb9d50ec646a9","2bomnjjb","","","","spr_word","121","1b_2a","a","7","1b_2a-7","0","the","8","19","false","","",""
"204","<div class=""spr-display"">The busboy revealed who the busy waitress that the talented ---- ----- ------- --- --------- ------ --- ---- ---</div>"," ","html-keyboard-response","970","357086","0.0-970.0","5d537c0cecc84200153075e9","6a04f72bb0f4a868caeeb473","6a05526634fbb9d50ec646a9","2bomnjjb","","","","spr_word","121","1b_2a","a","7","1b_2a-7","0","talented","9","19","false","","",""
"201","<div class=""spr-display"">The busboy revealed who the busy waitress that the talented cook ----- ------- --- --------- ------ --- ---- ---</div>"," ","html-keyboard-response","971","357287","0.0-971.0","5d537c0cecc84200153075e9","6a04f72bb0f4a868caeeb473","6a05526634fbb9d50ec646a9","2bomnjjb","","","","spr_word","121","1b_2a","a","7","1b_2a-7","0","cook","10","19","false","","",""
"219","<div class=""spr-display"">The busboy revealed who the busy waitress that the talented cook hated ------- --- --------- ------ --- ---- ---</div>"," ","html-keyboard-response","972","357508","0.0-972.0","5d537c0cecc84200153075e9","6a04f72bb0f4a868caeeb473","6a05526634fbb9d50ec646a9","2bomnjjb","","","","spr_word","121","1b_2a","a","7","1b_2a-7","0","hated","11","19","false","","",""
"207","<div class=""spr-display"">The busboy revealed who the busy waitress that the talented cook hated happily --- --------- ------ --- ---- ---</div>"," ","html-keyboard-response","973","357716","0.0-973.0","5d537c0cecc84200153075e9","6a04f72bb0f4a868caeeb473","6a05526634fbb9d50ec646a9","2bomnjjb","","","","spr_word","121","1b_2a","a","7","1b_2a-7","0","happily","12","19","false","","",""
"207","<div class=""spr-display"">The busboy revealed who the busy waitress that the talented cook hated happily and --------- ------ --- ---- ---</div>"," ","html-keyboard-response","974","357923","0.0-974.0","5d537c0cecc84200153075e9","6a04f72bb0f4a868caeeb473","6a05526634fbb9d50ec646a9","2bomnjjb","","","","spr_word","121","1b_2a","a","7","1b_2a-7","0","and","13","19","false","","",""
"215","<div class=""spr-display"">The busboy revealed who the busy waitress that the talented cook hated happily and leisurely ------ --- ---- ---</div>"," ","html-keyboard-response","975","358139","0.0-975.0","5d537c0cecc84200153075e9","6a04f72bb0f4a868caeeb473","6a05526634fbb9d50ec646a9","2bomnjjb","","","","spr_word","121","1b_2a","a","7","1b_2a-7","0","leisurely","14","19","false","","",""
"210","<div class=""spr-display"">The busboy revealed who the busy waitress that the talented cook hated happily and leisurely served --- ---- ---</div>"," ","html-keyboard-response","976","358350","0.0-976.0","5d537c0cecc84200153075e9","6a04f72bb0f4a868caeeb473","6a05526634fbb9d50ec646a9","2bomnjjb","","","","spr_word","121","1b_2a","a","7","1b_2a-7","0","served","15","19","false","","",""
"207","<div class=""spr-display"">The busboy revealed who the busy waitress that the talented cook hated happily and leisurely served the ---- ---</div>"," ","html-keyboard-response","977","358558","0.0-977.0","5d537c0cecc84200153075e9","6a04f72bb0f4a868caeeb473","6a05526634fbb9d50ec646a9","2bomnjjb","","","","spr_word","121","1b_2a","a","7","1b_2a-7","0","the","16","19","false","","",""
"205","<div class=""spr-display"">The busboy revealed who the busy waitress that the talented cook hated happily and leisurely served the meal ---</div>"," ","html-keyboard-response","978","358764","0.0-978.0","5d537c0cecc84200153075e9","6a04f72bb0f4a868caeeb473","6a05526634fbb9d50ec646a9","2bomnjjb","","","","spr_word","121","1b_2a","a","7","1b_2a-7","0","meal","17","19","false","","",""
"206","<div class=""spr-display"">The busboy revealed who the busy waitress that the talented cook hated happily and leisurely served the meal to.</div>"," ","html-keyboard-response","979","358970","0.0-979.0","5d537c0cecc84200153075e9","6a04f72bb0f4a868caeeb473","6a05526634fbb9d50ec646a9","2bomnjjb","","","","spr_word","121","1b_2a","a","7","1b_2a-7","0","to.","18","19","false","","",""
"398","<div class=""comprehension-box"">
                    <p>undefined</p>
                    <p>Press <span class=""key-label"">F</span> for <strong>Yes</strong> &nbsp;|&nbsp;
                    Press <span class=""key-label"">J</span> for <strong>No</strong></p>
                </div>","f","html-keyboard-response","980","359369","0.0-980.0","5d537c0cecc84200153075e9","6a04f72bb0f4a868caeeb473","6a05526634fbb9d50ec646a9","2bomnjjb","","","","comprehension","121","1b_2a","a","7","1b_2a-7","0","","","","","","Yes","false"
"308","<div class=""comprehension-box"">
                    <p class=""feedback-incorrect"">Incorrect</p>
                    <p style=""font-size:18px;"">The correct answer was <strong>No</strong>.</p>
                    <p style=""margin-top:20px; font-size:16px; color:#555;"">
                    Press <span class=""key-label"">SPACE</span> to continue.
                    </p>
                </div>"," ","html-keyboard-response","981","359678","0.0-981.0","5d537c0cecc84200153075e9","6a04f72bb0f4a868caeeb473","6a05526634fbb9d50ec646a9","2bomnjjb","","","","feedback","121","1b_2a","a","7","1b_2a-7","0","","","","","","",""
"null","<span class=""fixation"">+</span>","null","html-keyboard-response","982","360188","0.0-982.0","5d537c0cecc84200153075e9","6a04f72bb0f4a868caeeb473","6a05526634fbb9d50ec646a9","2bomnjjb","","","","fixation","126","1b_2a","b","8","1b_2a-8","0","","","","","","",""
"113","<div class=""spr-display"">--- ------- -------- --- --- ------ --------- ---- --- ---- -------- -------- ------------ --- -------- -------- - ------ ---- --- -----------"," ","html-keyboard-response","983","360302","0.0-983.0","5d537c0cecc84200153075e9","6a04f72bb0f4a868caeeb473","6a05526634fbb9d50ec646a9","2bomnjjb","","","","prompt","126","1b_2a","b","8","1b_2a-8","0","","","","","","",""
"213","<div class=""spr-display"">The ------- -------- --- --- ------ --------- ---- --- ---- -------- -------- ------------ --- -------- -------- - ------ ---- --- -----------</div>"," ","html-keyboard-response","984","360516","0.0-984.0","5d537c0cecc84200153075e9","6a04f72bb0f4a868caeeb473","6a05526634fbb9d50ec646a9","2bomnjjb","","","","spr_word","126","1b_2a","b","8","1b_2a-8","0","The","0","21","false","","",""
"216","<div class=""spr-display"">The mailman -------- --- --- ------ --------- ---- --- ---- -------- -------- ------------ --- -------- -------- - ------ ---- --- -----------</div>"," ","html-keyboard-response","985","360732","0.0-985.0","5d537c0cecc84200153075e9","6a04f72bb0f4a868caeeb473","6a05526634fbb9d50ec646a9","2bomnjjb","","","","spr_word","126","1b_2a","b","8","1b_2a-8","0","mailman","1","21","false","","",""
"214","<div class=""spr-display"">The mailman revealed --- --- ------ --------- ---- --- ---- -------- -------- ------------ --- -------- -------- - ------ ---- --- -----------</div>"," ","html-keyboard-response","986","360947","0.0-986.0","5d537c0cecc84200153075e9","6a04f72bb0f4a868caeeb473","6a05526634fbb9d50ec646a9","2bomnjjb","","","","spr_word","126","1b_2a","b","8","1b_2a-8","0","revealed","2","21","false","","",""
"212","<div class=""spr-display"">The mailman revealed how --- ------ --------- ---- --- ---- -------- -------- ------------ --- -------- -------- - ------ ---- --- -----------</div>"," ","html-keyboard-response","987","361159","0.0-987.0","5d537c0cecc84200153075e9","6a04f72bb0f4a868caeeb473","6a05526634fbb9d50ec646a9","2bomnjjb","","","","spr_word","126","1b_2a","b","8","1b_2a-8","0","how","3","21","false","","",""
"224","<div class=""spr-display"">The mailman revealed how the ------ --------- ---- --- ---- -------- -------- ------------ --- -------- -------- - ------ ---- --- -----------</div>"," ","html-keyboard-response","988","361384","0.0-988.0","5d537c0cecc84200153075e9","6a04f72bb0f4a868caeeb473","6a05526634fbb9d50ec646a9","2bomnjjb","","","","spr_word","126","1b_2a","b","8","1b_2a-8","0","the","4","21","false","","",""
"213","<div class=""spr-display"">The mailman revealed how the recent --------- ---- --- ---- -------- -------- ------------ --- -------- -------- - ------ ---- --- -----------</div>"," ","html-keyboard-response","989","361597","0.0-989.0","5d537c0cecc84200153075e9","6a04f72bb0f4a868caeeb473","6a05526634fbb9d50ec646a9","2bomnjjb","","","","spr_word","126","1b_2a","b","8","1b_2a-8","0","recent","5","21","false","","",""
"216","<div class=""spr-display"">The mailman revealed how the recent homeowner ---- --- ---- -------- -------- ------------ --- -------- -------- - ------ ---- --- -----------</div>"," ","html-keyboard-response","990","361815","0.0-990.0","5d537c0cecc84200153075e9","6a04f72bb0f4a868caeeb473","6a05526634fbb9d50ec646a9","2bomnjjb","","","","spr_word","126","1b_2a","b","8","1b_2a-8","0","homeowner","6","21","false","","",""
"209","<div class=""spr-display"">The mailman revealed how the recent homeowner that --- ---- -------- -------- ------------ --- -------- -------- - ------ ---- --- -----------</div>"," ","html-keyboard-response","991","362025","0.0-991.0","5d537c0cecc84200153075e9","6a04f72bb0f4a868caeeb473","6a05526634fbb9d50ec646a9","2bomnjjb","","","","spr_word","126","1b_2a","b","8","1b_2a-8","0","that","7","21","false","","",""
"215","<div class=""spr-display"">The mailman revealed how the recent homeowner that the ---- -------- -------- ------------ --- -------- -------- - ------ ---- --- -----------</div>"," ","html-keyboard-response","992","362240","0.0-992.0","5d537c0cecc84200153075e9","6a04f72bb0f4a868caeeb473","6a05526634fbb9d50ec646a9","2bomnjjb","","","","spr_word","126","1b_2a","b","8","1b_2a-8","0","the","8","21","false","","",""
"221","<div class=""spr-display"">The mailman revealed how the recent homeowner that the nosy -------- -------- ------------ --- -------- -------- - ------ ---- --- -----------</div>"," ","html-keyboard-response","993","362463","0.0-993.0","5d537c0cecc84200153075e9","6a04f72bb0f4a868caeeb473","6a05526634fbb9d50ec646a9","2bomnjjb","","","","spr_word","126","1b_2a","b","8","1b_2a-8","0","nosy","9","21","false","","",""
"210","<div class=""spr-display"">The mailman revealed how the recent homeowner that the nosy neighbor -------- ------------ --- -------- -------- - ------ ---- --- -----------</div>"," ","html-keyboard-response","994","362673","0.0-994.0","5d537c0cecc84200153075e9","6a04f72bb0f4a868caeeb473","6a05526634fbb9d50ec646a9","2bomnjjb","","","","spr_word","126","1b_2a","b","8","1b_2a-8","0","neighbor","10","21","false","","",""
"222","<div class=""spr-display"">The mailman revealed how the recent homeowner that the nosy neighbor followed ------------ --- -------- -------- - ------ ---- --- -----------</div>"," ","html-keyboard-response","995","362896","0.0-995.0","5d537c0cecc84200153075e9","6a04f72bb0f4a868caeeb473","6a05526634fbb9d50ec646a9","2bomnjjb","","","","spr_word","126","1b_2a","b","8","1b_2a-8","0","followed","11","21","false","","",""
"206","<div class=""spr-display"">The mailman revealed how the recent homeowner that the nosy neighbor followed suspiciously --- -------- -------- - ------ ---- --- -----------</div>"," ","html-keyboard-response","996","363103","0.0-996.0","5d537c0cecc84200153075e9","6a04f72bb0f4a868caeeb473","6a05526634fbb9d50ec646a9","2bomnjjb","","","","spr_word","126","1b_2a","b","8","1b_2a-8","0","suspiciously","12","21","false","","",""
"220","<div class=""spr-display"">The mailman revealed how the recent homeowner that the nosy neighbor followed suspiciously and -------- -------- - ------ ---- --- -----------</div>"," ","html-keyboard-response","997","363323","0.0-997.0","5d537c0cecc84200153075e9","6a04f72bb0f4a868caeeb473","6a05526634fbb9d50ec646a9","2bomnjjb","","","","spr_word","126","1b_2a","b","8","1b_2a-8","0","and","13","21","false","","",""
"212","<div class=""spr-display"">The mailman revealed how the recent homeowner that the nosy neighbor followed suspiciously and randomly -------- - ------ ---- --- -----------</div>"," ","html-keyboard-response","998","363536","0.0-998.0","5d537c0cecc84200153075e9","6a04f72bb0f4a868caeeb473","6a05526634fbb9d50ec646a9","2bomnjjb","","","","spr_word","126","1b_2a","b","8","1b_2a-8","0","randomly","14","21","false","","",""
"205","<div class=""spr-display"">The mailman revealed how the recent homeowner that the nosy neighbor followed suspiciously and randomly received - ------ ---- --- -----------</div>"," ","html-keyboard-response","999","363742","0.0-999.0","5d537c0cecc84200153075e9","6a04f72bb0f4a868caeeb473","6a05526634fbb9d50ec646a9","2bomnjjb","","","","spr_word","126","1b_2a","b","8","1b_2a-8","0","received","15","21","false","","",""
"223","<div class=""spr-display"">The mailman revealed how the recent homeowner that the nosy neighbor followed suspiciously and randomly received a ------ ---- --- -----------</div>"," ","html-keyboard-response","1000","363966","0.0-1000.0","5d537c0cecc84200153075e9","6a04f72bb0f4a868caeeb473","6a05526634fbb9d50ec646a9","2bomnjjb","","","","spr_word","126","1b_2a","b","8","1b_2a-8","0","a","16","21","false","","",""
"219","<div class=""spr-display"">The mailman revealed how the recent homeowner that the nosy neighbor followed suspiciously and randomly received a letter ---- --- -----------</div>"," ","html-keyboard-response","1001","364186","0.0-1001.0","5d537c0cecc84200153075e9","6a04f72bb0f4a868caeeb473","6a05526634fbb9d50ec646a9","2bomnjjb","","","","spr_word","126","1b_2a","b","8","1b_2a-8","0","letter","17","21","false","","",""
"206","<div class=""spr-display"">The mailman revealed how the recent homeowner that the nosy neighbor followed suspiciously and randomly received a letter from --- -----------</div>"," ","html-keyboard-response","1002","364393","0.0-1002.0","5d537c0cecc84200153075e9","6a04f72bb0f4a868caeeb473","6a05526634fbb9d50ec646a9","2bomnjjb","","","","spr_word","126","1b_2a","b","8","1b_2a-8","0","from","18","21","false","","",""
"200","<div class=""spr-display"">The mailman revealed how the recent homeowner that the nosy neighbor followed suspiciously and randomly received a letter from the -----------</div>"," ","html-keyboard-response","1003","364594","0.0-1003.0","5d537c0cecc84200153075e9","6a04f72bb0f4a868caeeb473","6a05526634fbb9d50ec646a9","2bomnjjb","","","","spr_word","126","1b_2a","b","8","1b_2a-8","0","the","19","21","false","","",""
"206","<div class=""spr-display"">The mailman revealed how the recent homeowner that the nosy neighbor followed suspiciously and randomly received a letter from the government.</div>"," ","html-keyboard-response","1004","364801","0.0-1004.0","5d537c0cecc84200153075e9","6a04f72bb0f4a868caeeb473","6a05526634fbb9d50ec646a9","2bomnjjb","","","","spr_word","126","1b_2a","b","8","1b_2a-8","0","government.","20","21","false","","",""
"451","<div class=""comprehension-box"">
                    <p>undefined</p>
                    <p>Press <span class=""key-label"">F</span> for <strong>Yes</strong> &nbsp;|&nbsp;
                    Press <span class=""key-label"">J</span> for <strong>No</strong></p>
                </div>","j","html-keyboard-response","1005","365253","0.0-1005.0","5d537c0cecc84200153075e9","6a04f72bb0f4a868caeeb473","6a05526634fbb9d50ec646a9","2bomnjjb","","","","comprehension","126","1b_2a","b","8","1b_2a-8","0","","","","","","No","false"
"314","<div class=""comprehension-box"">
                    <p class=""feedback-incorrect"">Incorrect</p>
                    <p style=""font-size:18px;"">The correct answer was <strong>No</strong>.</p>
                    <p style=""margin-top:20px; font-size:16px; color:#555;"">
                    Press <span class=""key-label"">SPACE</span> to continue.
                    </p>
                </div>"," ","html-keyboard-response","1006","365568","0.0-1006.0","5d537c0cecc84200153075e9","6a04f72bb0f4a868caeeb473","6a05526634fbb9d50ec646a9","2bomnjjb","","","","feedback","126","1b_2a","b","8","1b_2a-8","0","","","","","","",""
"null","<span class=""fixation"">+</span>","null","html-keyboard-response","1007","366078","0.0-1007.0","5d537c0cecc84200153075e9","6a04f72bb0f4a868caeeb473","6a05526634fbb9d50ec646a9","2bomnjjb","","","","fixation","152","1b_2a","d","14","1b_2a-14","0","","","","","","",""
"144","<div class=""spr-display"">--- ------ --------- --- --- ---------- ------- ---- --- ------ ----------- ------ ------------- --- --------- ------- -- ------- ---- --- -----------"," ","html-keyboard-response","1008","366223","0.0-1008.0","5d537c0cecc84200153075e9","6a04f72bb0f4a868caeeb473","6a05526634fbb9d50ec646a9","2bomnjjb","","","","prompt","152","1b_2a","d","14","1b_2a-14","0","","","","","","",""
"233","<div class=""spr-display"">The ------ --------- --- --- ---------- ------- ---- --- ------ ----------- ------ ------------- --- --------- ------- -- ------- ---- --- -----------</div>"," ","html-keyboard-response","1009","366456","0.0-1009.0","5d537c0cecc84200153075e9","6a04f72bb0f4a868caeeb473","6a05526634fbb9d50ec646a9","2bomnjjb","","","","spr_word","152","1b_2a","d","14","1b_2a-14","0","The","0","21","false","","",""
"215","<div class=""spr-display"">The farmer --------- --- --- ---------- ------- ---- --- ------ ----------- ------ ------------- --- --------- ------- -- ------- ---- --- -----------</div>"," ","html-keyboard-response","1010","366672","0.0-1010.0","5d537c0cecc84200153075e9","6a04f72bb0f4a868caeeb473","6a05526634fbb9d50ec646a9","2bomnjjb","","","","spr_word","152","1b_2a","d","14","1b_2a-14","0","farmer","1","21","false","","",""
"201","<div class=""spr-display"">The farmer disclosed --- --- ---------- ------- ---- --- ------ ----------- ------ ------------- --- --------- ------- -- ------- ---- --- -----------</div>"," ","html-keyboard-response","1011","366873","0.0-1011.0","5d537c0cecc84200153075e9","6a04f72bb0f4a868caeeb473","6a05526634fbb9d50ec646a9","2bomnjjb","","","","spr_word","152","1b_2a","d","14","1b_2a-14","0","disclosed","2","21","false","","",""
"211","<div class=""spr-display"">The farmer disclosed why --- ---------- ------- ---- --- ------ ----------- ------ ------------- --- --------- ------- -- ------- ---- --- -----------</div>"," ","html-keyboard-response","1012","367084","0.0-1012.0","5d537c0cecc84200153075e9","6a04f72bb0f4a868caeeb473","6a05526634fbb9d50ec646a9","2bomnjjb","","","","spr_word","152","1b_2a","d","14","1b_2a-14","0","why","3","21","false","","",""
"219","<div class=""spr-display"">The farmer disclosed why the ---------- ------- ---- --- ------ ----------- ------ ------------- --- --------- ------- -- ------- ---- --- -----------</div>"," ","html-keyboard-response","1013","367305","0.0-1013.0","5d537c0cecc84200153075e9","6a04f72bb0f4a868caeeb473","6a05526634fbb9d50ec646a9","2bomnjjb","","","","spr_word","152","1b_2a","d","14","1b_2a-14","0","the","4","21","false","","",""
"222","<div class=""spr-display"">The farmer disclosed why the passionate ------- ---- --- ------ ----------- ------ ------------- --- --------- ------- -- ------- ---- --- -----------</div>"," ","html-keyboard-response","1014","367527","0.0-1014.0","5d537c0cecc84200153075e9","6a04f72bb0f4a868caeeb473","6a05526634fbb9d50ec646a9","2bomnjjb","","","","spr_word","152","1b_2a","d","14","1b_2a-14","0","passionate","5","21","false","","",""
"210","<div class=""spr-display"">The farmer disclosed why the passionate rancher ---- --- ------ ----------- ------ ------------- --- --------- ------- -- ------- ---- --- -----------</div>"," ","html-keyboard-response","1015","367738","0.0-1015.0","5d537c0cecc84200153075e9","6a04f72bb0f4a868caeeb473","6a05526634fbb9d50ec646a9","2bomnjjb","","","","spr_word","152","1b_2a","d","14","1b_2a-14","0","rancher","6","21","false","","",""
"214","<div class=""spr-display"">The farmer disclosed why the passionate rancher that --- ------ ----------- ------ ------------- --- --------- ------- -- ------- ---- --- -----------</div>"," ","html-keyboard-response","1016","367953","0.0-1016.0","5d537c0cecc84200153075e9","6a04f72bb0f4a868caeeb473","6a05526634fbb9d50ec646a9","2bomnjjb","","","","spr_word","152","1b_2a","d","14","1b_2a-14","0","that","7","21","false","","",""
"218","<div class=""spr-display"">The farmer disclosed why the passionate rancher that the ------ ----------- ------ ------------- --- --------- ------- -- ------- ---- --- -----------</div>"," ","html-keyboard-response","1017","368172","0.0-1017.0","5d537c0cecc84200153075e9","6a04f72bb0f4a868caeeb473","6a05526634fbb9d50ec646a9","2bomnjjb","","","","spr_word","152","1b_2a","d","14","1b_2a-14","0","the","8","21","false","","",""
"210","<div class=""spr-display"">The farmer disclosed why the passionate rancher that the boring ----------- ------ ------------- --- --------- ------- -- ------- ---- --- -----------</div>"," ","html-keyboard-response","1018","368383","0.0-1018.0","5d537c0cecc84200153075e9","6a04f72bb0f4a868caeeb473","6a05526634fbb9d50ec646a9","2bomnjjb","","","","spr_word","152","1b_2a","d","14","1b_2a-14","0","boring","9","21","false","","",""
"194","<div class=""spr-display"">The farmer disclosed why the passionate rancher that the boring businessman ------ ------------- --- --------- ------- -- ------- ---- --- -----------</div>"," ","html-keyboard-response","1019","368578","0.0-1019.0","5d537c0cecc84200153075e9","6a04f72bb0f4a868caeeb473","6a05526634fbb9d50ec646a9","2bomnjjb","","","","spr_word","152","1b_2a","d","14","1b_2a-14","0","businessman","10","21","false","","",""
"222","<div class=""spr-display"">The farmer disclosed why the passionate rancher that the boring businessman judged ------------- --- --------- ------- -- ------- ---- --- -----------</div>"," ","html-keyboard-response","1020","368801","0.0-1020.0","5d537c0cecc84200153075e9","6a04f72bb0f4a868caeeb473","6a05526634fbb9d50ec646a9","2bomnjjb","","","","spr_word","152","1b_2a","d","14","1b_2a-14","0","judged","11","21","false","","",""
"221","<div class=""spr-display"">The farmer disclosed why the passionate rancher that the boring businessman judged unnecessarily --- --------- ------- -- ------- ---- --- -----------</div>"," ","html-keyboard-response","1021","369023","0.0-1021.0","5d537c0cecc84200153075e9","6a04f72bb0f4a868caeeb473","6a05526634fbb9d50ec646a9","2bomnjjb","","","","spr_word","152","1b_2a","d","14","1b_2a-14","0","unnecessarily","12","21","false","","",""
"217","<div class=""spr-display"">The farmer disclosed why the passionate rancher that the boring businessman judged unnecessarily and --------- ------- -- ------- ---- --- -----------</div>"," ","html-keyboard-response","1022","369240","0.0-1022.0","5d537c0cecc84200153075e9","6a04f72bb0f4a868caeeb473","6a05526634fbb9d50ec646a9","2bomnjjb","","","","spr_word","152","1b_2a","d","14","1b_2a-14","0","and","13","21","false","","",""
"216","<div class=""spr-display"">The farmer disclosed why the passionate rancher that the boring businessman judged unnecessarily and intensely ------- -- ------- ---- --- -----------</div>"," ","html-keyboard-response","1023","369457","0.0-1023.0","5d537c0cecc84200153075e9","6a04f72bb0f4a868caeeb473","6a05526634fbb9d50ec646a9","2bomnjjb","","","","spr_word","152","1b_2a","d","14","1b_2a-14","0","intensely","14","21","false","","",""
"228","<div class=""spr-display"">The farmer disclosed why the passionate rancher that the boring businessman judged unnecessarily and intensely studied -- ------- ---- --- -----------</div>"," ","html-keyboard-response","1024","369686","0.0-1024.0","5d537c0cecc84200153075e9","6a04f72bb0f4a868caeeb473","6a05526634fbb9d50ec646a9","2bomnjjb","","","","spr_word","152","1b_2a","d","14","1b_2a-14","0","studied","15","21","false","","",""
"188","<div class=""spr-display"">The farmer disclosed why the passionate rancher that the boring businessman judged unnecessarily and intensely studied in ------- ---- --- -----------</div>"," ","html-keyboard-response","1025","369875","0.0-1025.0","5d537c0cecc84200153075e9","6a04f72bb0f4a868caeeb473","6a05526634fbb9d50ec646a9","2bomnjjb","","","","spr_word","152","1b_2a","d","14","1b_2a-14","0","in","16","21","false","","",""
"211","<div class=""spr-display"">The farmer disclosed why the passionate rancher that the boring businessman judged unnecessarily and intensely studied in college ---- --- -----------</div>"," ","html-keyboard-response","1026","370086","0.0-1026.0","5d537c0cecc84200153075e9","6a04f72bb0f4a868caeeb473","6a05526634fbb9d50ec646a9","2bomnjjb","","","","spr_word","152","1b_2a","d","14","1b_2a-14","0","college","17","21","false","","",""
"218","<div class=""spr-display"">The farmer disclosed why the passionate rancher that the boring businessman judged unnecessarily and intensely studied in college with --- -----------</div>"," ","html-keyboard-response","1027","370305","0.0-1027.0","5d537c0cecc84200153075e9","6a04f72bb0f4a868caeeb473","6a05526634fbb9d50ec646a9","2bomnjjb","","","","spr_word","152","1b_2a","d","14","1b_2a-14","0","with","18","21","false","","",""
"215","<div class=""spr-display"">The farmer disclosed why the passionate rancher that the boring businessman judged unnecessarily and intensely studied in college with the -----------</div>"," ","html-keyboard-response","1028","370521","0.0-1028.0","5d537c0cecc84200153075e9","6a04f72bb0f4a868caeeb473","6a05526634fbb9d50ec646a9","2bomnjjb","","","","spr_word","152","1b_2a","d","14","1b_2a-14","0","the","19","21","false","","",""
"214","<div class=""spr-display"">The farmer disclosed why the passionate rancher that the boring businessman judged unnecessarily and intensely studied in college with the professors.</div>"," ","html-keyboard-response","1029","370736","0.0-1029.0","5d537c0cecc84200153075e9","6a04f72bb0f4a868caeeb473","6a05526634fbb9d50ec646a9","2bomnjjb","","","","spr_word","152","1b_2a","d","14","1b_2a-14","0","professors.","20","21","false","","",""
"449","<div class=""comprehension-box"">
                    <p>undefined</p>
                    <p>Press <span class=""key-label"">F</span> for <strong>Yes</strong> &nbsp;|&nbsp;
                    Press <span class=""key-label"">J</span> for <strong>No</strong></p>
                </div>","j","html-keyboard-response","1030","371186","0.0-1030.0","5d537c0cecc84200153075e9","6a04f72bb0f4a868caeeb473","6a05526634fbb9d50ec646a9","2bomnjjb","","","","comprehension","152","1b_2a","d","14","1b_2a-14","0","","","","","","No","false"
"336","<div class=""comprehension-box"">
                    <p class=""feedback-incorrect"">Incorrect</p>
                    <p style=""font-size:18px;"">The correct answer was <strong>No</strong>.</p>
                    <p style=""margin-top:20px; font-size:16px; color:#555;"">
                    Press <span class=""key-label"">SPACE</span> to continue.
                    </p>
                </div>"," ","html-keyboard-response","1031","371523","0.0-1031.0","5d537c0cecc84200153075e9","6a04f72bb0f4a868caeeb473","6a05526634fbb9d50ec646a9","2bomnjjb","","","","feedback","152","1b_2a","d","14","1b_2a-14","0","","","","","","",""
"null","<span class=""fixation"">+</span>","null","html-keyboard-response","1032","372026","0.0-1032.0","5d537c0cecc84200153075e9","6a04f72bb0f4a868caeeb473","6a05526634fbb9d50ec646a9","2bomnjjb","","","","fixation","107","1b_2a","c","3","1b_2a-3","0","","","","","","",""
"161","<div class=""spr-display"">--- ----- ------- ---- --- ------ --------- ---- --- ------ ------- ----- ------ --- ------------ ---- ----- --------- -- --- ---------"," ","html-keyboard-response","1033","372188","0.0-1033.0","5d537c0cecc84200153075e9","6a04f72bb0f4a868caeeb473","6a05526634fbb9d50ec646a9","2bomnjjb","","","","prompt","107","1b_2a","c","3","1b_2a-3","0","","","","","","",""
"214","<div class=""spr-display"">The ----- ------- ---- --- ------ --------- ---- --- ------ ------- ----- ------ --- ------------ ---- ----- --------- -- --- ---------</div>"," ","html-keyboard-response","1034","372403","0.0-1034.0","5d537c0cecc84200153075e9","6a04f72bb0f4a868caeeb473","6a05526634fbb9d50ec646a9","2bomnjjb","","","","spr_word","107","1b_2a","c","3","1b_2a-3","0","The","0","21","false","","",""
"221","<div class=""spr-display"">The pilot ------- ---- --- ------ --------- ---- --- ------ ------- ----- ------ --- ------------ ---- ----- --------- -- --- ---------</div>"," ","html-keyboard-response","1035","372625","0.0-1035.0","5d537c0cecc84200153075e9","6a04f72bb0f4a868caeeb473","6a05526634fbb9d50ec646a9","2bomnjjb","","","","spr_word","107","1b_2a","c","3","1b_2a-3","0","pilot","1","21","false","","",""
"211","<div class=""spr-display"">The pilot noticed ---- --- ------ --------- ---- --- ------ ------- ----- ------ --- ------------ ---- ----- --------- -- --- ---------</div>"," ","html-keyboard-response","1036","372837","0.0-1036.0","5d537c0cecc84200153075e9","6a04f72bb0f4a868caeeb473","6a05526634fbb9d50ec646a9","2bomnjjb","","","","spr_word","107","1b_2a","c","3","1b_2a-3","0","noticed","2","21","false","","",""
"218","<div class=""spr-display"">The pilot noticed that --- ------ --------- ---- --- ------ ------- ----- ------ --- ------------ ---- ----- --------- -- --- ---------</div>"," ","html-keyboard-response","1037","373056","0.0-1037.0","5d537c0cecc84200153075e9","6a04f72bb0f4a868caeeb473","6a05526634fbb9d50ec646a9","2bomnjjb","","","","spr_word","107","1b_2a","c","3","1b_2a-3","0","that","3","21","false","","",""
"229","<div class=""spr-display"">The pilot noticed that the ------ --------- ---- --- ------ ------- ----- ------ --- ------------ ---- ----- --------- -- --- ---------</div>"," ","html-keyboard-response","1038","373285","0.0-1038.0","5d537c0cecc84200153075e9","6a04f72bb0f4a868caeeb473","6a05526634fbb9d50ec646a9","2bomnjjb","","","","spr_word","107","1b_2a","c","3","1b_2a-3","0","the","4","21","false","","",""
"240","<div class=""spr-display"">The pilot noticed that the pretty --------- ---- --- ------ ------- ----- ------ --- ------------ ---- ----- --------- -- --- ---------</div>"," ","html-keyboard-response","1039","373526","0.0-1039.0","5d537c0cecc84200153075e9","6a04f72bb0f4a868caeeb473","6a05526634fbb9d50ec646a9","2bomnjjb","","","","spr_word","107","1b_2a","c","3","1b_2a-3","0","pretty","5","21","false","","",""
"193","<div class=""spr-display"">The pilot noticed that the pretty attendant ---- --- ------ ------- ----- ------ --- ------------ ---- ----- --------- -- --- ---------</div>"," ","html-keyboard-response","1040","373720","0.0-1040.0","5d537c0cecc84200153075e9","6a04f72bb0f4a868caeeb473","6a05526634fbb9d50ec646a9","2bomnjjb","","","","spr_word","107","1b_2a","c","3","1b_2a-3","0","attendant","6","21","false","","",""
"224","<div class=""spr-display"">The pilot noticed that the pretty attendant that --- ------ ------- ----- ------ --- ------------ ---- ----- --------- -- --- ---------</div>"," ","html-keyboard-response","1041","373945","0.0-1041.0","5d537c0cecc84200153075e9","6a04f72bb0f4a868caeeb473","6a05526634fbb9d50ec646a9","2bomnjjb","","","","spr_word","107","1b_2a","c","3","1b_2a-3","0","that","7","21","false","","",""
"227","<div class=""spr-display"">The pilot noticed that the pretty attendant that the ------ ------- ----- ------ --- ------------ ---- ----- --------- -- --- ---------</div>"," ","html-keyboard-response","1042","374174","0.0-1042.0","5d537c0cecc84200153075e9","6a04f72bb0f4a868caeeb473","6a05526634fbb9d50ec646a9","2bomnjjb","","","","spr_word","107","1b_2a","c","3","1b_2a-3","0","the","8","21","false","","",""
"236","<div class=""spr-display"">The pilot noticed that the pretty attendant that the famous ------- ----- ------ --- ------------ ---- ----- --------- -- --- ---------</div>"," ","html-keyboard-response","1043","374410","0.0-1043.0","5d537c0cecc84200153075e9","6a04f72bb0f4a868caeeb473","6a05526634fbb9d50ec646a9","2bomnjjb","","","","spr_word","107","1b_2a","c","3","1b_2a-3","0","famous","9","21","false","","",""
"207","<div class=""spr-display"">The pilot noticed that the pretty attendant that the famous airline ----- ------ --- ------------ ---- ----- --------- -- --- ---------</div>"," ","html-keyboard-response","1044","374618","0.0-1044.0","5d537c0cecc84200153075e9","6a04f72bb0f4a868caeeb473","6a05526634fbb9d50ec646a9","2bomnjjb","","","","spr_word","107","1b_2a","c","3","1b_2a-3","0","airline","10","21","false","","",""
"220","<div class=""spr-display"">The pilot noticed that the pretty attendant that the famous airline hired ------ --- ------------ ---- ----- --------- -- --- ---------</div>"," ","html-keyboard-response","1045","374839","0.0-1045.0","5d537c0cecc84200153075e9","6a04f72bb0f4a868caeeb473","6a05526634fbb9d50ec646a9","2bomnjjb","","","","spr_word","107","1b_2a","c","3","1b_2a-3","0","hired","11","21","false","","",""
"224","<div class=""spr-display"">The pilot noticed that the pretty attendant that the famous airline hired kindly --- ------------ ---- ----- --------- -- --- ---------</div>"," ","html-keyboard-response","1046","375064","0.0-1046.0","5d537c0cecc84200153075e9","6a04f72bb0f4a868caeeb473","6a05526634fbb9d50ec646a9","2bomnjjb","","","","spr_word","107","1b_2a","c","3","1b_2a-3","0","kindly","12","21","false","","",""
"226","<div class=""spr-display"">The pilot noticed that the pretty attendant that the famous airline hired kindly and ------------ ---- ----- --------- -- --- ---------</div>"," ","html-keyboard-response","1047","375290","0.0-1047.0","5d537c0cecc84200153075e9","6a04f72bb0f4a868caeeb473","6a05526634fbb9d50ec646a9","2bomnjjb","","","","spr_word","107","1b_2a","c","3","1b_2a-3","0","and","13","21","false","","",""
"220","<div class=""spr-display"">The pilot noticed that the pretty attendant that the famous airline hired kindly and thoughtfully ---- ----- --------- -- --- ---------</div>"," ","html-keyboard-response","1048","375511","0.0-1048.0","5d537c0cecc84200153075e9","6a04f72bb0f4a868caeeb473","6a05526634fbb9d50ec646a9","2bomnjjb","","","","spr_word","107","1b_2a","c","3","1b_2a-3","0","thoughtfully","14","21","false","","",""
"208","<div class=""spr-display"">The pilot noticed that the pretty attendant that the famous airline hired kindly and thoughtfully gave ----- --------- -- --- ---------</div>"," ","html-keyboard-response","1049","375719","0.0-1049.0","5d537c0cecc84200153075e9","6a04f72bb0f4a868caeeb473","6a05526634fbb9d50ec646a9","2bomnjjb","","","","spr_word","107","1b_2a","c","3","1b_2a-3","0","gave","15","21","false","","",""
"208","<div class=""spr-display"">The pilot noticed that the pretty attendant that the famous airline hired kindly and thoughtfully gave extra --------- -- --- ---------</div>"," ","html-keyboard-response","1050","375928","0.0-1050.0","5d537c0cecc84200153075e9","6a04f72bb0f4a868caeeb473","6a05526634fbb9d50ec646a9","2bomnjjb","","","","spr_word","107","1b_2a","c","3","1b_2a-3","0","extra","16","21","false","","",""
"221","<div class=""spr-display"">The pilot noticed that the pretty attendant that the famous airline hired kindly and thoughtfully gave extra attention -- --- ---------</div>"," ","html-keyboard-response","1051","376150","0.0-1051.0","5d537c0cecc84200153075e9","6a04f72bb0f4a868caeeb473","6a05526634fbb9d50ec646a9","2bomnjjb","","","","spr_word","107","1b_2a","c","3","1b_2a-3","0","attention","17","21","false","","",""
"223","<div class=""spr-display"">The pilot noticed that the pretty attendant that the famous airline hired kindly and thoughtfully gave extra attention to --- ---------</div>"," ","html-keyboard-response","1052","376373","0.0-1052.0","5d537c0cecc84200153075e9","6a04f72bb0f4a868caeeb473","6a05526634fbb9d50ec646a9","2bomnjjb","","","","spr_word","107","1b_2a","c","3","1b_2a-3","0","to","18","21","false","","",""
"206","<div class=""spr-display"">The pilot noticed that the pretty attendant that the famous airline hired kindly and thoughtfully gave extra attention to her ---------</div>"," ","html-keyboard-response","1053","376580","0.0-1053.0","5d537c0cecc84200153075e9","6a04f72bb0f4a868caeeb473","6a05526634fbb9d50ec646a9","2bomnjjb","","","","spr_word","107","1b_2a","c","3","1b_2a-3","0","her","19","21","false","","",""
"211","<div class=""spr-display"">The pilot noticed that the pretty attendant that the famous airline hired kindly and thoughtfully gave extra attention to her daughter.</div>"," ","html-keyboard-response","1054","376792","0.0-1054.0","5d537c0cecc84200153075e9","6a04f72bb0f4a868caeeb473","6a05526634fbb9d50ec646a9","2bomnjjb","","","","spr_word","107","1b_2a","c","3","1b_2a-3","0","daughter.","20","21","false","","",""
"510","<div class=""comprehension-box"">
                    <p>undefined</p>
                    <p>Press <span class=""key-label"">F</span> for <strong>Yes</strong> &nbsp;|&nbsp;
                    Press <span class=""key-label"">J</span> for <strong>No</strong></p>
                </div>","j","html-keyboard-response","1055","377302","0.0-1055.0","5d537c0cecc84200153075e9","6a04f72bb0f4a868caeeb473","6a05526634fbb9d50ec646a9","2bomnjjb","","","","comprehension","107","1b_2a","c","3","1b_2a-3","0","","","","","","No","false"
"326","<div class=""comprehension-box"">
                    <p class=""feedback-incorrect"">Incorrect</p>
                    <p style=""font-size:18px;"">The correct answer was <strong>No</strong>.</p>
                    <p style=""margin-top:20px; font-size:16px; color:#555;"">
                    Press <span class=""key-label"">SPACE</span> to continue.
                    </p>
                </div>"," ","html-keyboard-response","1056","377630","0.0-1056.0","5d537c0cecc84200153075e9","6a04f72bb0f4a868caeeb473","6a05526634fbb9d50ec646a9","2bomnjjb","","","","feedback","107","1b_2a","c","3","1b_2a-3","0","","","","","","",""
"null","<span class=""fixation"">+</span>","null","html-keyboard-response","1057","378139","0.0-1057.0","5d537c0cecc84200153075e9","6a04f72bb0f4a868caeeb473","6a05526634fbb9d50ec646a9","2bomnjjb","","","","fixation","147","1b_2a","c","13","1b_2a-13","0","","","","","","",""
"154","<div class=""spr-display"">--- ------- --------- ---- --- --------- ----- ---- --- --- ------ ----------- -------- --- ---------- -------- --- ---- -- --- --------"," ","html-keyboard-response","1058","378295","0.0-1058.0","5d537c0cecc84200153075e9","6a04f72bb0f4a868caeeb473","6a05526634fbb9d50ec646a9","2bomnjjb","","","","prompt","147","1b_2a","c","13","1b_2a-13","0","","","","","","",""
"231","<div class=""spr-display"">The ------- --------- ---- --- --------- ----- ---- --- --- ------ ----------- -------- --- ---------- -------- --- ---- -- --- --------</div>"," ","html-keyboard-response","1059","378527","0.0-1059.0","5d537c0cecc84200153075e9","6a04f72bb0f4a868caeeb473","6a05526634fbb9d50ec646a9","2bomnjjb","","","","spr_word","147","1b_2a","c","13","1b_2a-13","0","The","0","21","false","","",""
"217","<div class=""spr-display"">The surgeon --------- ---- --- --------- ----- ---- --- --- ------ ----------- -------- --- ---------- -------- --- ---- -- --- --------</div>"," ","html-keyboard-response","1060","378744","0.0-1060.0","5d537c0cecc84200153075e9","6a04f72bb0f4a868caeeb473","6a05526634fbb9d50ec646a9","2bomnjjb","","","","spr_word","147","1b_2a","c","13","1b_2a-13","0","surgeon","1","21","false","","",""
"224","<div class=""spr-display"">The surgeon disclosed ---- --- --------- ----- ---- --- --- ------ ----------- -------- --- ---------- -------- --- ---- -- --- --------</div>"," ","html-keyboard-response","1061","378969","0.0-1061.0","5d537c0cecc84200153075e9","6a04f72bb0f4a868caeeb473","6a05526634fbb9d50ec646a9","2bomnjjb","","","","spr_word","147","1b_2a","c","13","1b_2a-13","0","disclosed","2","21","false","","",""
"217","<div class=""spr-display"">The surgeon disclosed that --- --------- ----- ---- --- --- ------ ----------- -------- --- ---------- -------- --- ---- -- --- --------</div>"," ","html-keyboard-response","1062","379186","0.0-1062.0","5d537c0cecc84200153075e9","6a04f72bb0f4a868caeeb473","6a05526634fbb9d50ec646a9","2bomnjjb","","","","spr_word","147","1b_2a","c","13","1b_2a-13","0","that","3","21","false","","",""
"220","<div class=""spr-display"">The surgeon disclosed that the --------- ----- ---- --- --- ------ ----------- -------- --- ---------- -------- --- ---- -- --- --------</div>"," ","html-keyboard-response","1063","379407","0.0-1063.0","5d537c0cecc84200153075e9","6a04f72bb0f4a868caeeb473","6a05526634fbb9d50ec646a9","2bomnjjb","","","","spr_word","147","1b_2a","c","13","1b_2a-13","0","the","4","21","false","","",""
"212","<div class=""spr-display"">The surgeon disclosed that the ambitious ----- ---- --- --- ------ ----------- -------- --- ---------- -------- --- ---- -- --- --------</div>"," ","html-keyboard-response","1064","379620","0.0-1064.0","5d537c0cecc84200153075e9","6a04f72bb0f4a868caeeb473","6a05526634fbb9d50ec646a9","2bomnjjb","","","","spr_word","147","1b_2a","c","13","1b_2a-13","0","ambitious","5","21","false","","",""
"205","<div class=""spr-display"">The surgeon disclosed that the ambitious nurse ---- --- --- ------ ----------- -------- --- ---------- -------- --- ---- -- --- --------</div>"," ","html-keyboard-response","1065","379826","0.0-1065.0","5d537c0cecc84200153075e9","6a04f72bb0f4a868caeeb473","6a05526634fbb9d50ec646a9","2bomnjjb","","","","spr_word","147","1b_2a","c","13","1b_2a-13","0","nurse","6","21","false","","",""
"227","<div class=""spr-display"">The surgeon disclosed that the ambitious nurse that --- --- ------ ----------- -------- --- ---------- -------- --- ---- -- --- --------</div>"," ","html-keyboard-response","1066","380054","0.0-1066.0","5d537c0cecc84200153075e9","6a04f72bb0f4a868caeeb473","6a05526634fbb9d50ec646a9","2bomnjjb","","","","spr_word","147","1b_2a","c","13","1b_2a-13","0","that","7","21","false","","",""
"211","<div class=""spr-display"">The surgeon disclosed that the ambitious nurse that the --- ------ ----------- -------- --- ---------- -------- --- ---- -- --- --------</div>"," ","html-keyboard-response","1067","380266","0.0-1067.0","5d537c0cecc84200153075e9","6a04f72bb0f4a868caeeb473","6a05526634fbb9d50ec646a9","2bomnjjb","","","","spr_word","147","1b_2a","c","13","1b_2a-13","0","the","8","21","false","","",""
"203","<div class=""spr-display"">The surgeon disclosed that the ambitious nurse that the old ------ ----------- -------- --- ---------- -------- --- ---- -- --- --------</div>"," ","html-keyboard-response","1068","380471","0.0-1068.0","5d537c0cecc84200153075e9","6a04f72bb0f4a868caeeb473","6a05526634fbb9d50ec646a9","2bomnjjb","","","","spr_word","147","1b_2a","c","13","1b_2a-13","0","old","9","21","false","","",""
"195","<div class=""spr-display"">The surgeon disclosed that the ambitious nurse that the old doctor ----------- -------- --- ---------- -------- --- ---- -- --- --------</div>"," ","html-keyboard-response","1069","380666","0.0-1069.0","5d537c0cecc84200153075e9","6a04f72bb0f4a868caeeb473","6a05526634fbb9d50ec646a9","2bomnjjb","","","","spr_word","147","1b_2a","c","13","1b_2a-13","0","doctor","10","21","false","","",""
"161","<div class=""spr-display"">The surgeon disclosed that the ambitious nurse that the old doctor recommended -------- --- ---------- -------- --- ---- -- --- --------</div>"," ","html-keyboard-response","1070","380828","0.0-1070.0","5d537c0cecc84200153075e9","6a04f72bb0f4a868caeeb473","6a05526634fbb9d50ec646a9","2bomnjjb","","","","spr_word","147","1b_2a","c","13","1b_2a-13","0","recommended","11","21","false","","",""
"168","<div class=""spr-display"">The surgeon disclosed that the ambitious nurse that the old doctor recommended unfairly --- ---------- -------- --- ---- -- --- --------</div>"," ","html-keyboard-response","1071","380997","0.0-1071.0","5d537c0cecc84200153075e9","6a04f72bb0f4a868caeeb473","6a05526634fbb9d50ec646a9","2bomnjjb","","","","spr_word","147","1b_2a","c","13","1b_2a-13","0","unfairly","12","21","false","","",""
"152","<div class=""spr-display"">The surgeon disclosed that the ambitious nurse that the old doctor recommended unfairly and ---------- -------- --- ---- -- --- --------</div>"," ","html-keyboard-response","1072","381150","0.0-1072.0","5d537c0cecc84200153075e9","6a04f72bb0f4a868caeeb473","6a05526634fbb9d50ec646a9","2bomnjjb","","","","spr_word","147","1b_2a","c","13","1b_2a-13","0","and","13","21","false","","",""
"186","<div class=""spr-display"">The surgeon disclosed that the ambitious nurse that the old doctor recommended unfairly and ignorantly -------- --- ---- -- --- --------</div>"," ","html-keyboard-response","1073","381338","0.0-1073.0","5d537c0cecc84200153075e9","6a04f72bb0f4a868caeeb473","6a05526634fbb9d50ec646a9","2bomnjjb","","","","spr_word","147","1b_2a","c","13","1b_2a-13","0","ignorantly","14","21","false","","",""
"169","<div class=""spr-display"">The surgeon disclosed that the ambitious nurse that the old doctor recommended unfairly and ignorantly promised --- ---- -- --- --------</div>"," ","html-keyboard-response","1074","381508","0.0-1074.0","5d537c0cecc84200153075e9","6a04f72bb0f4a868caeeb473","6a05526634fbb9d50ec646a9","2bomnjjb","","","","spr_word","147","1b_2a","c","13","1b_2a-13","0","promised","15","21","false","","",""
"186","<div class=""spr-display"">The surgeon disclosed that the ambitious nurse that the old doctor recommended unfairly and ignorantly promised the ---- -- --- --------</div>"," ","html-keyboard-response","1075","381695","0.0-1075.0","5d537c0cecc84200153075e9","6a04f72bb0f4a868caeeb473","6a05526634fbb9d50ec646a9","2bomnjjb","","","","spr_word","147","1b_2a","c","13","1b_2a-13","0","the","16","21","false","","",""
"176","<div class=""spr-display"">The surgeon disclosed that the ambitious nurse that the old doctor recommended unfairly and ignorantly promised the cure -- --- --------</div>"," ","html-keyboard-response","1076","381872","0.0-1076.0","5d537c0cecc84200153075e9","6a04f72bb0f4a868caeeb473","6a05526634fbb9d50ec646a9","2bomnjjb","","","","spr_word","147","1b_2a","c","13","1b_2a-13","0","cure","17","21","false","","",""
"198","<div class=""spr-display"">The surgeon disclosed that the ambitious nurse that the old doctor recommended unfairly and ignorantly promised the cure to --- --------</div>"," ","html-keyboard-response","1077","382070","0.0-1077.0","5d537c0cecc84200153075e9","6a04f72bb0f4a868caeeb473","6a05526634fbb9d50ec646a9","2bomnjjb","","","","spr_word","147","1b_2a","c","13","1b_2a-13","0","to","18","21","false","","",""
"193","<div class=""spr-display"">The surgeon disclosed that the ambitious nurse that the old doctor recommended unfairly and ignorantly promised the cure to the --------</div>"," ","html-keyboard-response","1078","382264","0.0-1078.0","5d537c0cecc84200153075e9","6a04f72bb0f4a868caeeb473","6a05526634fbb9d50ec646a9","2bomnjjb","","","","spr_word","147","1b_2a","c","13","1b_2a-13","0","the","19","21","false","","",""
"185","<div class=""spr-display"">The surgeon disclosed that the ambitious nurse that the old doctor recommended unfairly and ignorantly promised the cure to the patient.</div>"," ","html-keyboard-response","1079","382450","0.0-1079.0","5d537c0cecc84200153075e9","6a04f72bb0f4a868caeeb473","6a05526634fbb9d50ec646a9","2bomnjjb","","","","spr_word","147","1b_2a","c","13","1b_2a-13","0","patient.","20","21","false","","",""
"574","<div class=""comprehension-box"">
                    <p>undefined</p>
                    <p>Press <span class=""key-label"">F</span> for <strong>Yes</strong> &nbsp;|&nbsp;
                    Press <span class=""key-label"">J</span> for <strong>No</strong></p>
                </div>","j","html-keyboard-response","1080","383025","0.0-1080.0","5d537c0cecc84200153075e9","6a04f72bb0f4a868caeeb473","6a05526634fbb9d50ec646a9","2bomnjjb","","","","comprehension","147","1b_2a","c","13","1b_2a-13","0","","","","","","No","false"
"559","<div class=""comprehension-box"">
                    <p class=""feedback-incorrect"">Incorrect</p>
                    <p style=""font-size:18px;"">The correct answer was <strong>No</strong>.</p>
                    <p style=""margin-top:20px; font-size:16px; color:#555;"">
                    Press <span class=""key-label"">SPACE</span> to continue.
                    </p>
                </div>"," ","html-keyboard-response","1081","383586","0.0-1081.0","5d537c0cecc84200153075e9","6a04f72bb0f4a868caeeb473","6a05526634fbb9d50ec646a9","2bomnjjb","","","","feedback","147","1b_2a","c","13","1b_2a-13","0","","","","","","",""
"null","<span class=""fixation"">+</span>","null","html-keyboard-response","1082","384090","0.0-1082.0","5d537c0cecc84200153075e9","6a04f72bb0f4a868caeeb473","6a05526634fbb9d50ec646a9","2bomnjjb","","","","fixation","110","1b_2a","b","4","1b_2a-4","0","","","","","","",""
"124","<div class=""spr-display"">--- ----- ---------- --- --- ------- --------- ---- --- -------------- --------- ----- -------- --- ---------- ------- --- ----- -- --- -----------"," ","html-keyboard-response","1083","384214","0.0-1083.0","5d537c0cecc84200153075e9","6a04f72bb0f4a868caeeb473","6a05526634fbb9d50ec646a9","2bomnjjb","","","","prompt","110","1b_2a","b","4","1b_2a-4","0","","","","","","",""
"204","<div class=""spr-display"">The ----- ---------- --- --- ------- --------- ---- --- -------------- --------- ----- -------- --- ---------- ------- --- ----- -- --- -----------</div>"," ","html-keyboard-response","1084","384419","0.0-1084.0","5d537c0cecc84200153075e9","6a04f72bb0f4a868caeeb473","6a05526634fbb9d50ec646a9","2bomnjjb","","","","spr_word","110","1b_2a","b","4","1b_2a-4","0","The","0","21","false","","",""
"221","<div class=""spr-display"">The panel ---------- --- --- ------- --------- ---- --- -------------- --------- ----- -------- --- ---------- ------- --- ----- -- --- -----------</div>"," ","html-keyboard-response","1085","384640","0.0-1085.0","5d537c0cecc84200153075e9","6a04f72bb0f4a868caeeb473","6a05526634fbb9d50ec646a9","2bomnjjb","","","","spr_word","110","1b_2a","b","4","1b_2a-4","0","panel","1","21","false","","",""
"216","<div class=""spr-display"">The panel remembered --- --- ------- --------- ---- --- -------------- --------- ----- -------- --- ---------- ------- --- ----- -- --- -----------</div>"," ","html-keyboard-response","1086","384857","0.0-1086.0","5d537c0cecc84200153075e9","6a04f72bb0f4a868caeeb473","6a05526634fbb9d50ec646a9","2bomnjjb","","","","spr_word","110","1b_2a","b","4","1b_2a-4","0","remembered","2","21","false","","",""
"211","<div class=""spr-display"">The panel remembered how --- ------- --------- ---- --- -------------- --------- ----- -------- --- ---------- ------- --- ----- -- --- -----------</div>"," ","html-keyboard-response","1087","385069","0.0-1087.0","5d537c0cecc84200153075e9","6a04f72bb0f4a868caeeb473","6a05526634fbb9d50ec646a9","2bomnjjb","","","","spr_word","110","1b_2a","b","4","1b_2a-4","0","how","3","21","false","","",""
"220","<div class=""spr-display"">The panel remembered how the ------- --------- ---- --- -------------- --------- ----- -------- --- ---------- ------- --- ----- -- --- -----------</div>"," ","html-keyboard-response","1088","385289","0.0-1088.0","5d537c0cecc84200153075e9","6a04f72bb0f4a868caeeb473","6a05526634fbb9d50ec646a9","2bomnjjb","","","","spr_word","110","1b_2a","b","4","1b_2a-4","0","the","4","21","false","","",""
"201","<div class=""spr-display"">The panel remembered how the awkward --------- ---- --- -------------- --------- ----- -------- --- ---------- ------- --- ----- -- --- -----------</div>"," ","html-keyboard-response","1089","385492","0.0-1089.0","5d537c0cecc84200153075e9","6a04f72bb0f4a868caeeb473","6a05526634fbb9d50ec646a9","2bomnjjb","","","","spr_word","110","1b_2a","b","4","1b_2a-4","0","awkward","5","21","false","","",""
"200","<div class=""spr-display"">The panel remembered how the awkward scientist ---- --- -------------- --------- ----- -------- --- ---------- ------- --- ----- -- --- -----------</div>"," ","html-keyboard-response","1090","385693","0.0-1090.0","5d537c0cecc84200153075e9","6a04f72bb0f4a868caeeb473","6a05526634fbb9d50ec646a9","2bomnjjb","","","","spr_word","110","1b_2a","b","4","1b_2a-4","0","scientist","6","21","false","","",""
"185","<div class=""spr-display"">The panel remembered how the awkward scientist that --- -------------- --------- ----- -------- --- ---------- ------- --- ----- -- --- -----------</div>"," ","html-keyboard-response","1091","385879","0.0-1091.0","5d537c0cecc84200153075e9","6a04f72bb0f4a868caeeb473","6a05526634fbb9d50ec646a9","2bomnjjb","","","","spr_word","110","1b_2a","b","4","1b_2a-4","0","that","7","21","false","","",""
"191","<div class=""spr-display"">The panel remembered how the awkward scientist that the -------------- --------- ----- -------- --- ---------- ------- --- ----- -- --- -----------</div>"," ","html-keyboard-response","1092","386072","0.0-1092.0","5d537c0cecc84200153075e9","6a04f72bb0f4a868caeeb473","6a05526634fbb9d50ec646a9","2bomnjjb","","","","spr_word","110","1b_2a","b","4","1b_2a-4","0","the","8","21","false","","",""
"173","<div class=""spr-display"">The panel remembered how the awkward scientist that the unconventional --------- ----- -------- --- ---------- ------- --- ----- -- --- -----------</div>"," ","html-keyboard-response","1093","386245","0.0-1093.0","5d537c0cecc84200153075e9","6a04f72bb0f4a868caeeb473","6a05526634fbb9d50ec646a9","2bomnjjb","","","","spr_word","110","1b_2a","b","4","1b_2a-4","0","unconventional","9","21","false","","",""
"194","<div class=""spr-display"">The panel remembered how the awkward scientist that the unconventional professor ----- -------- --- ---------- ------- --- ----- -- --- -----------</div>"," ","html-keyboard-response","1094","386441","0.0-1094.0","5d537c0cecc84200153075e9","6a04f72bb0f4a868caeeb473","6a05526634fbb9d50ec646a9","2bomnjjb","","","","spr_word","110","1b_2a","b","4","1b_2a-4","0","professor","10","21","false","","",""
"206","<div class=""spr-display"">The panel remembered how the awkward scientist that the unconventional professor liked -------- --- ---------- ------- --- ----- -- --- -----------</div>"," ","html-keyboard-response","1095","386648","0.0-1095.0","5d537c0cecc84200153075e9","6a04f72bb0f4a868caeeb473","6a05526634fbb9d50ec646a9","2bomnjjb","","","","spr_word","110","1b_2a","b","4","1b_2a-4","0","liked","11","21","false","","",""
"212","<div class=""spr-display"">The panel remembered how the awkward scientist that the unconventional professor liked benignly --- ---------- ------- --- ----- -- --- -----------</div>"," ","html-keyboard-response","1096","386861","0.0-1096.0","5d537c0cecc84200153075e9","6a04f72bb0f4a868caeeb473","6a05526634fbb9d50ec646a9","2bomnjjb","","","","spr_word","110","1b_2a","b","4","1b_2a-4","0","benignly","12","21","false","","",""
"190","<div class=""spr-display"">The panel remembered how the awkward scientist that the unconventional professor liked benignly and ---------- ------- --- ----- -- --- -----------</div>"," ","html-keyboard-response","1097","387051","0.0-1097.0","5d537c0cecc84200153075e9","6a04f72bb0f4a868caeeb473","6a05526634fbb9d50ec646a9","2bomnjjb","","","","spr_word","110","1b_2a","b","4","1b_2a-4","0","and","13","21","false","","",""
"217","<div class=""spr-display"">The panel remembered how the awkward scientist that the unconventional professor liked benignly and hesitantly ------- --- ----- -- --- -----------</div>"," ","html-keyboard-response","1098","387269","0.0-1098.0","5d537c0cecc84200153075e9","6a04f72bb0f4a868caeeb473","6a05526634fbb9d50ec646a9","2bomnjjb","","","","spr_word","110","1b_2a","b","4","1b_2a-4","0","hesitantly","14","21","false","","",""
"190","<div class=""spr-display"">The panel remembered how the awkward scientist that the unconventional professor liked benignly and hesitantly awarded --- ----- -- --- -----------</div>"," ","html-keyboard-response","1099","387459","0.0-1099.0","5d537c0cecc84200153075e9","6a04f72bb0f4a868caeeb473","6a05526634fbb9d50ec646a9","2bomnjjb","","","","spr_word","110","1b_2a","b","4","1b_2a-4","0","awarded","15","21","false","","",""
"201","<div class=""spr-display"">The panel remembered how the awkward scientist that the unconventional professor liked benignly and hesitantly awarded the ----- -- --- -----------</div>"," ","html-keyboard-response","1100","387661","0.0-1100.0","5d537c0cecc84200153075e9","6a04f72bb0f4a868caeeb473","6a05526634fbb9d50ec646a9","2bomnjjb","","","","spr_word","110","1b_2a","b","4","1b_2a-4","0","the","16","21","false","","",""
"212","<div class=""spr-display"">The panel remembered how the awkward scientist that the unconventional professor liked benignly and hesitantly awarded the grant -- --- -----------</div>"," ","html-keyboard-response","1101","387874","0.0-1101.0","5d537c0cecc84200153075e9","6a04f72bb0f4a868caeeb473","6a05526634fbb9d50ec646a9","2bomnjjb","","","","spr_word","110","1b_2a","b","4","1b_2a-4","0","grant","17","21","false","","",""
"215","<div class=""spr-display"">The panel remembered how the awkward scientist that the unconventional professor liked benignly and hesitantly awarded the grant to --- -----------</div>"," ","html-keyboard-response","1102","388090","0.0-1102.0","5d537c0cecc84200153075e9","6a04f72bb0f4a868caeeb473","6a05526634fbb9d50ec646a9","2bomnjjb","","","","spr_word","110","1b_2a","b","4","1b_2a-4","0","to","18","21","false","","",""
"216","<div class=""spr-display"">The panel remembered how the awkward scientist that the unconventional professor liked benignly and hesitantly awarded the grant to the -----------</div>"," ","html-keyboard-response","1103","388307","0.0-1103.0","5d537c0cecc84200153075e9","6a04f72bb0f4a868caeeb473","6a05526634fbb9d50ec646a9","2bomnjjb","","","","spr_word","110","1b_2a","b","4","1b_2a-4","0","the","19","21","false","","",""
"197","<div class=""spr-display"">The panel remembered how the awkward scientist that the unconventional professor liked benignly and hesitantly awarded the grant to the researcher.</div>"," ","html-keyboard-response","1104","388504","0.0-1104.0","5d537c0cecc84200153075e9","6a04f72bb0f4a868caeeb473","6a05526634fbb9d50ec646a9","2bomnjjb","","","","spr_word","110","1b_2a","b","4","1b_2a-4","0","researcher.","20","21","false","","",""
"428","<div class=""comprehension-box"">
                    <p>undefined</p>
                    <p>Press <span class=""key-label"">F</span> for <strong>Yes</strong> &nbsp;|&nbsp;
                    Press <span class=""key-label"">J</span> for <strong>No</strong></p>
                </div>","f","html-keyboard-response","1105","388933","0.0-1105.0","5d537c0cecc84200153075e9","6a04f72bb0f4a868caeeb473","6a05526634fbb9d50ec646a9","2bomnjjb","","","","comprehension","110","1b_2a","b","4","1b_2a-4","0","","","","","","Yes","false"
"410","<div class=""comprehension-box"">
                    <p class=""feedback-incorrect"">Incorrect</p>
                    <p style=""font-size:18px;"">The correct answer was <strong>No</strong>.</p>
                    <p style=""margin-top:20px; font-size:16px; color:#555;"">
                    Press <span class=""key-label"">SPACE</span> to continue.
                    </p>
                </div>"," ","html-keyboard-response","1106","389343","0.0-1106.0","5d537c0cecc84200153075e9","6a04f72bb0f4a868caeeb473","6a05526634fbb9d50ec646a9","2bomnjjb","","","","feedback","110","1b_2a","b","4","1b_2a-4","0","","","","","","",""
"null","<span class=""fixation"">+</span>","null","html-keyboard-response","1107","389850","0.0-1107.0","5d537c0cecc84200153075e9","6a04f72bb0f4a868caeeb473","6a05526634fbb9d50ec646a9","2bomnjjb","","","","fixation","106","1b_2a","b","3","1b_2a-3","0","","","","","","",""
"138","<div class=""spr-display"">--- ----- ------- --- --- ------ --------- ---- --- ------ ------- ----- ------ --- ------------ ---- ----- --------- -- --- ---------"," ","html-keyboard-response","1108","389989","0.0-1108.0","5d537c0cecc84200153075e9","6a04f72bb0f4a868caeeb473","6a05526634fbb9d50ec646a9","2bomnjjb","","","","prompt","106","1b_2a","b","3","1b_2a-3","0","","","","","","",""
"200","<div class=""spr-display"">The ----- ------- --- --- ------ --------- ---- --- ------ ------- ----- ------ --- ------------ ---- ----- --------- -- --- ---------</div>"," ","html-keyboard-response","1109","390189","0.0-1109.0","5d537c0cecc84200153075e9","6a04f72bb0f4a868caeeb473","6a05526634fbb9d50ec646a9","2bomnjjb","","","","spr_word","106","1b_2a","b","3","1b_2a-3","0","The","0","21","false","","",""
"213","<div class=""spr-display"">The pilot ------- --- --- ------ --------- ---- --- ------ ------- ----- ------ --- ------------ ---- ----- --------- -- --- ---------</div>"," ","html-keyboard-response","1110","390403","0.0-1110.0","5d537c0cecc84200153075e9","6a04f72bb0f4a868caeeb473","6a05526634fbb9d50ec646a9","2bomnjjb","","","","spr_word","106","1b_2a","b","3","1b_2a-3","0","pilot","1","21","false","","",""
"194","<div class=""spr-display"">The pilot noticed --- --- ------ --------- ---- --- ------ ------- ----- ------ --- ------------ ---- ----- --------- -- --- ---------</div>"," ","html-keyboard-response","1111","390599","0.0-1111.0","5d537c0cecc84200153075e9","6a04f72bb0f4a868caeeb473","6a05526634fbb9d50ec646a9","2bomnjjb","","","","spr_word","106","1b_2a","b","3","1b_2a-3","0","noticed","2","21","false","","",""
"222","<div class=""spr-display"">The pilot noticed how --- ------ --------- ---- --- ------ ------- ----- ------ --- ------------ ---- ----- --------- -- --- ---------</div>"," ","html-keyboard-response","1112","390821","0.0-1112.0","5d537c0cecc84200153075e9","6a04f72bb0f4a868caeeb473","6a05526634fbb9d50ec646a9","2bomnjjb","","","","spr_word","106","1b_2a","b","3","1b_2a-3","0","how","3","21","false","","",""
"191","<div class=""spr-display"">The pilot noticed how the ------ --------- ---- --- ------ ------- ----- ------ --- ------------ ---- ----- --------- -- --- ---------</div>"," ","html-keyboard-response","1113","391013","0.0-1113.0","5d537c0cecc84200153075e9","6a04f72bb0f4a868caeeb473","6a05526634fbb9d50ec646a9","2bomnjjb","","","","spr_word","106","1b_2a","b","3","1b_2a-3","0","the","4","21","false","","",""
"200","<div class=""spr-display"">The pilot noticed how the pretty --------- ---- --- ------ ------- ----- ------ --- ------------ ---- ----- --------- -- --- ---------</div>"," ","html-keyboard-response","1114","391213","0.0-1114.0","5d537c0cecc84200153075e9","6a04f72bb0f4a868caeeb473","6a05526634fbb9d50ec646a9","2bomnjjb","","","","spr_word","106","1b_2a","b","3","1b_2a-3","0","pretty","5","21","false","","",""
"197","<div class=""spr-display"">The pilot noticed how the pretty attendant ---- --- ------ ------- ----- ------ --- ------------ ---- ----- --------- -- --- ---------</div>"," ","html-keyboard-response","1115","391411","0.0-1115.0","5d537c0cecc84200153075e9","6a04f72bb0f4a868caeeb473","6a05526634fbb9d50ec646a9","2bomnjjb","","","","spr_word","106","1b_2a","b","3","1b_2a-3","0","attendant","6","21","false","","",""
"191","<div class=""spr-display"">The pilot noticed how the pretty attendant that --- ------ ------- ----- ------ --- ------------ ---- ----- --------- -- --- ---------</div>"," ","html-keyboard-response","1116","391603","0.0-1116.0","5d537c0cecc84200153075e9","6a04f72bb0f4a868caeeb473","6a05526634fbb9d50ec646a9","2bomnjjb","","","","spr_word","106","1b_2a","b","3","1b_2a-3","0","that","7","21","false","","",""
"206","<div class=""spr-display"">The pilot noticed how the pretty attendant that the ------ ------- ----- ------ --- ------------ ---- ----- --------- -- --- ---------</div>"," ","html-keyboard-response","1117","391809","0.0-1117.0","5d537c0cecc84200153075e9","6a04f72bb0f4a868caeeb473","6a05526634fbb9d50ec646a9","2bomnjjb","","","","spr_word","106","1b_2a","b","3","1b_2a-3","0","the","8","21","false","","",""
"210","<div class=""spr-display"">The pilot noticed how the pretty attendant that the famous ------- ----- ------ --- ------------ ---- ----- --------- -- --- ---------</div>"," ","html-keyboard-response","1118","392021","0.0-1118.0","5d537c0cecc84200153075e9","6a04f72bb0f4a868caeeb473","6a05526634fbb9d50ec646a9","2bomnjjb","","","","spr_word","106","1b_2a","b","3","1b_2a-3","0","famous","9","21","false","","",""
"207","<div class=""spr-display"">The pilot noticed how the pretty attendant that the famous airline ----- ------ --- ------------ ---- ----- --------- -- --- ---------</div>"," ","html-keyboard-response","1119","392228","0.0-1119.0","5d537c0cecc84200153075e9","6a04f72bb0f4a868caeeb473","6a05526634fbb9d50ec646a9","2bomnjjb","","","","spr_word","106","1b_2a","b","3","1b_2a-3","0","airline","10","21","false","","",""
"198","<div class=""spr-display"">The pilot noticed how the pretty attendant that the famous airline hired ------ --- ------------ ---- ----- --------- -- --- ---------</div>"," ","html-keyboard-response","1120","392427","0.0-1120.0","5d537c0cecc84200153075e9","6a04f72bb0f4a868caeeb473","6a05526634fbb9d50ec646a9","2bomnjjb","","","","spr_word","106","1b_2a","b","3","1b_2a-3","0","hired","11","21","false","","",""
"201","<div class=""spr-display"">The pilot noticed how the pretty attendant that the famous airline hired kindly --- ------------ ---- ----- --------- -- --- ---------</div>"," ","html-keyboard-response","1121","392629","0.0-1121.0","5d537c0cecc84200153075e9","6a04f72bb0f4a868caeeb473","6a05526634fbb9d50ec646a9","2bomnjjb","","","","spr_word","106","1b_2a","b","3","1b_2a-3","0","kindly","12","21","false","","",""
"196","<div class=""spr-display"">The pilot noticed how the pretty attendant that the famous airline hired kindly and ------------ ---- ----- --------- -- --- ---------</div>"," ","html-keyboard-response","1122","392826","0.0-1122.0","5d537c0cecc84200153075e9","6a04f72bb0f4a868caeeb473","6a05526634fbb9d50ec646a9","2bomnjjb","","","","spr_word","106","1b_2a","b","3","1b_2a-3","0","and","13","21","false","","",""
"210","<div class=""spr-display"">The pilot noticed how the pretty attendant that the famous airline hired kindly and thoughtfully ---- ----- --------- -- --- ---------</div>"," ","html-keyboard-response","1123","393037","0.0-1123.0","5d537c0cecc84200153075e9","6a04f72bb0f4a868caeeb473","6a05526634fbb9d50ec646a9","2bomnjjb","","","","spr_word","106","1b_2a","b","3","1b_2a-3","0","thoughtfully","14","21","false","","",""
"190","<div class=""spr-display"">The pilot noticed how the pretty attendant that the famous airline hired kindly and thoughtfully gave ----- --------- -- --- ---------</div>"," ","html-keyboard-response","1124","393227","0.0-1124.0","5d537c0cecc84200153075e9","6a04f72bb0f4a868caeeb473","6a05526634fbb9d50ec646a9","2bomnjjb","","","","spr_word","106","1b_2a","b","3","1b_2a-3","0","gave","15","21","false","","",""
"207","<div class=""spr-display"">The pilot noticed how the pretty attendant that the famous airline hired kindly and thoughtfully gave extra --------- -- --- ---------</div>"," ","html-keyboard-response","1125","393435","0.0-1125.0","5d537c0cecc84200153075e9","6a04f72bb0f4a868caeeb473","6a05526634fbb9d50ec646a9","2bomnjjb","","","","spr_word","106","1b_2a","b","3","1b_2a-3","0","extra","16","21","false","","",""
"189","<div class=""spr-display"">The pilot noticed how the pretty attendant that the famous airline hired kindly and thoughtfully gave extra attention -- --- ---------</div>"," ","html-keyboard-response","1126","393625","0.0-1126.0","5d537c0cecc84200153075e9","6a04f72bb0f4a868caeeb473","6a05526634fbb9d50ec646a9","2bomnjjb","","","","spr_word","106","1b_2a","b","3","1b_2a-3","0","attention","17","21","false","","",""
"208","<div class=""spr-display"">The pilot noticed how the pretty attendant that the famous airline hired kindly and thoughtfully gave extra attention to --- ---------</div>"," ","html-keyboard-response","1127","393834","0.0-1127.0","5d537c0cecc84200153075e9","6a04f72bb0f4a868caeeb473","6a05526634fbb9d50ec646a9","2bomnjjb","","","","spr_word","106","1b_2a","b","3","1b_2a-3","0","to","18","21","false","","",""
"199","<div class=""spr-display"">The pilot noticed how the pretty attendant that the famous airline hired kindly and thoughtfully gave extra attention to her ---------</div>"," ","html-keyboard-response","1128","394034","0.0-1128.0","5d537c0cecc84200153075e9","6a04f72bb0f4a868caeeb473","6a05526634fbb9d50ec646a9","2bomnjjb","","","","spr_word","106","1b_2a","b","3","1b_2a-3","0","her","19","21","false","","",""
"209","<div class=""spr-display"">The pilot noticed how the pretty attendant that the famous airline hired kindly and thoughtfully gave extra attention to her daughter.</div>"," ","html-keyboard-response","1129","394243","0.0-1129.0","5d537c0cecc84200153075e9","6a04f72bb0f4a868caeeb473","6a05526634fbb9d50ec646a9","2bomnjjb","","","","spr_word","106","1b_2a","b","3","1b_2a-3","0","daughter.","20","21","false","","",""
"501","<div class=""comprehension-box"">
                    <p>undefined</p>
                    <p>Press <span class=""key-label"">F</span> for <strong>Yes</strong> &nbsp;|&nbsp;
                    Press <span class=""key-label"">J</span> for <strong>No</strong></p>
                </div>","f","html-keyboard-response","1130","394746","0.0-1130.0","5d537c0cecc84200153075e9","6a04f72bb0f4a868caeeb473","6a05526634fbb9d50ec646a9","2bomnjjb","","","","comprehension","106","1b_2a","b","3","1b_2a-3","0","","","","","","Yes","false"
"599","<div class=""comprehension-box"">
                    <p class=""feedback-incorrect"">Incorrect</p>
                    <p style=""font-size:18px;"">The correct answer was <strong>No</strong>.</p>
                    <p style=""margin-top:20px; font-size:16px; color:#555;"">
                    Press <span class=""key-label"">SPACE</span> to continue.
                    </p>
                </div>"," ","html-keyboard-response","1131","395345","0.0-1131.0","5d537c0cecc84200153075e9","6a04f72bb0f4a868caeeb473","6a05526634fbb9d50ec646a9","2bomnjjb","","","","feedback","106","1b_2a","b","3","1b_2a-3","0","","","","","","",""
"null","<span class=""fixation"">+</span>","null","html-keyboard-response","1132","395850","0.0-1132.0","5d537c0cecc84200153075e9","6a04f72bb0f4a868caeeb473","6a05526634fbb9d50ec646a9","2bomnjjb","","","","fixation","127","1b_2a","c","8","1b_2a-8","0","","","","","","",""
"165","<div class=""spr-display"">--- ------- -------- ---- --- ------ --------- ---- --- ---- -------- -------- ------------ --- -------- -------- - ------ ---- --- -----------"," ","html-keyboard-response","1133","396015","0.0-1133.0","5d537c0cecc84200153075e9","6a04f72bb0f4a868caeeb473","6a05526634fbb9d50ec646a9","2bomnjjb","","","","prompt","127","1b_2a","c","8","1b_2a-8","0","","","","","","",""
"215","<div class=""spr-display"">The ------- -------- ---- --- ------ --------- ---- --- ---- -------- -------- ------------ --- -------- -------- - ------ ---- --- -----------</div>"," ","html-keyboard-response","1134","396230","0.0-1134.0","5d537c0cecc84200153075e9","6a04f72bb0f4a868caeeb473","6a05526634fbb9d50ec646a9","2bomnjjb","","","","spr_word","127","1b_2a","c","8","1b_2a-8","0","The","0","21","false","","",""
"217","<div class=""spr-display"">The mailman -------- ---- --- ------ --------- ---- --- ---- -------- -------- ------------ --- -------- -------- - ------ ---- --- -----------</div>"," ","html-keyboard-response","1135","396449","0.0-1135.0","5d537c0cecc84200153075e9","6a04f72bb0f4a868caeeb473","6a05526634fbb9d50ec646a9","2bomnjjb","","","","spr_word","127","1b_2a","c","8","1b_2a-8","0","mailman","1","21","false","","",""
"217","<div class=""spr-display"">The mailman revealed ---- --- ------ --------- ---- --- ---- -------- -------- ------------ --- -------- -------- - ------ ---- --- -----------</div>"," ","html-keyboard-response","1136","396667","0.0-1136.0","5d537c0cecc84200153075e9","6a04f72bb0f4a868caeeb473","6a05526634fbb9d50ec646a9","2bomnjjb","","","","spr_word","127","1b_2a","c","8","1b_2a-8","0","revealed","2","21","false","","",""
"222","<div class=""spr-display"">The mailman revealed that --- ------ --------- ---- --- ---- -------- -------- ------------ --- -------- -------- - ------ ---- --- -----------</div>"," ","html-keyboard-response","1137","396890","0.0-1137.0","5d537c0cecc84200153075e9","6a04f72bb0f4a868caeeb473","6a05526634fbb9d50ec646a9","2bomnjjb","","","","spr_word","127","1b_2a","c","8","1b_2a-8","0","that","3","21","false","","",""
"219","<div class=""spr-display"">The mailman revealed that the ------ --------- ---- --- ---- -------- -------- ------------ --- -------- -------- - ------ ---- --- -----------</div>"," ","html-keyboard-response","1138","397109","0.0-1138.0","5d537c0cecc84200153075e9","6a04f72bb0f4a868caeeb473","6a05526634fbb9d50ec646a9","2bomnjjb","","","","spr_word","127","1b_2a","c","8","1b_2a-8","0","the","4","21","false","","",""
"221","<div class=""spr-display"">The mailman revealed that the recent --------- ---- --- ---- -------- -------- ------------ --- -------- -------- - ------ ---- --- -----------</div>"," ","html-keyboard-response","1139","397331","0.0-1139.0","5d537c0cecc84200153075e9","6a04f72bb0f4a868caeeb473","6a05526634fbb9d50ec646a9","2bomnjjb","","","","spr_word","127","1b_2a","c","8","1b_2a-8","0","recent","5","21","false","","",""
"218","<div class=""spr-display"">The mailman revealed that the recent homeowner ---- --- ---- -------- -------- ------------ --- -------- -------- - ------ ---- --- -----------</div>"," ","html-keyboard-response","1140","397549","0.0-1140.0","5d537c0cecc84200153075e9","6a04f72bb0f4a868caeeb473","6a05526634fbb9d50ec646a9","2bomnjjb","","","","spr_word","127","1b_2a","c","8","1b_2a-8","0","homeowner","6","21","false","","",""
"215","<div class=""spr-display"">The mailman revealed that the recent homeowner that --- ---- -------- -------- ------------ --- -------- -------- - ------ ---- --- -----------</div>"," ","html-keyboard-response","1141","397765","0.0-1141.0","5d537c0cecc84200153075e9","6a04f72bb0f4a868caeeb473","6a05526634fbb9d50ec646a9","2bomnjjb","","","","spr_word","127","1b_2a","c","8","1b_2a-8","0","that","7","21","false","","",""
"213","<div class=""spr-display"">The mailman revealed that the recent homeowner that the ---- -------- -------- ------------ --- -------- -------- - ------ ---- --- -----------</div>"," ","html-keyboard-response","1142","397979","0.0-1142.0","5d537c0cecc84200153075e9","6a04f72bb0f4a868caeeb473","6a05526634fbb9d50ec646a9","2bomnjjb","","","","spr_word","127","1b_2a","c","8","1b_2a-8","0","the","8","21","false","","",""
"221","<div class=""spr-display"">The mailman revealed that the recent homeowner that the nosy -------- -------- ------------ --- -------- -------- - ------ ---- --- -----------</div>"," ","html-keyboard-response","1143","398201","0.0-1143.0","5d537c0cecc84200153075e9","6a04f72bb0f4a868caeeb473","6a05526634fbb9d50ec646a9","2bomnjjb","","","","spr_word","127","1b_2a","c","8","1b_2a-8","0","nosy","9","21","false","","",""
"226","<div class=""spr-display"">The mailman revealed that the recent homeowner that the nosy neighbor -------- ------------ --- -------- -------- - ------ ---- --- -----------</div>"," ","html-keyboard-response","1144","398428","0.0-1144.0","5d537c0cecc84200153075e9","6a04f72bb0f4a868caeeb473","6a05526634fbb9d50ec646a9","2bomnjjb","","","","spr_word","127","1b_2a","c","8","1b_2a-8","0","neighbor","10","21","false","","",""
"217","<div class=""spr-display"">The mailman revealed that the recent homeowner that the nosy neighbor followed ------------ --- -------- -------- - ------ ---- --- -----------</div>"," ","html-keyboard-response","1145","398646","0.0-1145.0","5d537c0cecc84200153075e9","6a04f72bb0f4a868caeeb473","6a05526634fbb9d50ec646a9","2bomnjjb","","","","spr_word","127","1b_2a","c","8","1b_2a-8","0","followed","11","21","false","","",""
"215","<div class=""spr-display"">The mailman revealed that the recent homeowner that the nosy neighbor followed suspiciously --- -------- -------- - ------ ---- --- -----------</div>"," ","html-keyboard-response","1146","398861","0.0-1146.0","5d537c0cecc84200153075e9","6a04f72bb0f4a868caeeb473","6a05526634fbb9d50ec646a9","2bomnjjb","","","","spr_word","127","1b_2a","c","8","1b_2a-8","0","suspiciously","12","21","false","","",""
"204","<div class=""spr-display"">The mailman revealed that the recent homeowner that the nosy neighbor followed suspiciously and -------- -------- - ------ ---- --- -----------</div>"," ","html-keyboard-response","1147","399066","0.0-1147.0","5d537c0cecc84200153075e9","6a04f72bb0f4a868caeeb473","6a05526634fbb9d50ec646a9","2bomnjjb","","","","spr_word","127","1b_2a","c","8","1b_2a-8","0","and","13","21","false","","",""
"208","<div class=""spr-display"">The mailman revealed that the recent homeowner that the nosy neighbor followed suspiciously and randomly -------- - ------ ---- --- -----------</div>"," ","html-keyboard-response","1148","399274","0.0-1148.0","5d537c0cecc84200153075e9","6a04f72bb0f4a868caeeb473","6a05526634fbb9d50ec646a9","2bomnjjb","","","","spr_word","127","1b_2a","c","8","1b_2a-8","0","randomly","14","21","false","","",""
"212","<div class=""spr-display"">The mailman revealed that the recent homeowner that the nosy neighbor followed suspiciously and randomly received - ------ ---- --- -----------</div>"," ","html-keyboard-response","1149","399487","0.0-1149.0","5d537c0cecc84200153075e9","6a04f72bb0f4a868caeeb473","6a05526634fbb9d50ec646a9","2bomnjjb","","","","spr_word","127","1b_2a","c","8","1b_2a-8","0","received","15","21","false","","",""
"215","<div class=""spr-display"">The mailman revealed that the recent homeowner that the nosy neighbor followed suspiciously and randomly received a ------ ---- --- -----------</div>"," ","html-keyboard-response","1150","399702","0.0-1150.0","5d537c0cecc84200153075e9","6a04f72bb0f4a868caeeb473","6a05526634fbb9d50ec646a9","2bomnjjb","","","","spr_word","127","1b_2a","c","8","1b_2a-8","0","a","16","21","false","","",""
"216","<div class=""spr-display"">The mailman revealed that the recent homeowner that the nosy neighbor followed suspiciously and randomly received a letter ---- --- -----------</div>"," ","html-keyboard-response","1151","399919","0.0-1151.0","5d537c0cecc84200153075e9","6a04f72bb0f4a868caeeb473","6a05526634fbb9d50ec646a9","2bomnjjb","","","","spr_word","127","1b_2a","c","8","1b_2a-8","0","letter","17","21","false","","",""
"207","<div class=""spr-display"">The mailman revealed that the recent homeowner that the nosy neighbor followed suspiciously and randomly received a letter from --- -----------</div>"," ","html-keyboard-response","1152","400127","0.0-1152.0","5d537c0cecc84200153075e9","6a04f72bb0f4a868caeeb473","6a05526634fbb9d50ec646a9","2bomnjjb","","","","spr_word","127","1b_2a","c","8","1b_2a-8","0","from","18","21","false","","",""
"220","<div class=""spr-display"">The mailman revealed that the recent homeowner that the nosy neighbor followed suspiciously and randomly received a letter from the -----------</div>"," ","html-keyboard-response","1153","400349","0.0-1153.0","5d537c0cecc84200153075e9","6a04f72bb0f4a868caeeb473","6a05526634fbb9d50ec646a9","2bomnjjb","","","","spr_word","127","1b_2a","c","8","1b_2a-8","0","the","19","21","false","","",""
"211","<div class=""spr-display"">The mailman revealed that the recent homeowner that the nosy neighbor followed suspiciously and randomly received a letter from the government.</div>"," ","html-keyboard-response","1154","400561","0.0-1154.0","5d537c0cecc84200153075e9","6a04f72bb0f4a868caeeb473","6a05526634fbb9d50ec646a9","2bomnjjb","","","","spr_word","127","1b_2a","c","8","1b_2a-8","0","government.","20","21","false","","",""
"518","<div class=""comprehension-box"">
                    <p>undefined</p>
                    <p>Press <span class=""key-label"">F</span> for <strong>Yes</strong> &nbsp;|&nbsp;
                    Press <span class=""key-label"">J</span> for <strong>No</strong></p>
                </div>","f","html-keyboard-response","1155","401079","0.0-1155.0","5d537c0cecc84200153075e9","6a04f72bb0f4a868caeeb473","6a05526634fbb9d50ec646a9","2bomnjjb","","","","comprehension","127","1b_2a","c","8","1b_2a-8","0","","","","","","Yes","false"
"671","<div class=""comprehension-box"">
                    <p class=""feedback-incorrect"">Incorrect</p>
                    <p style=""font-size:18px;"">The correct answer was <strong>No</strong>.</p>
                    <p style=""margin-top:20px; font-size:16px; color:#555;"">
                    Press <span class=""key-label"">SPACE</span> to continue.
                    </p>
                </div>"," ","html-keyboard-response","1156","401751","0.0-1156.0","5d537c0cecc84200153075e9","6a04f72bb0f4a868caeeb473","6a05526634fbb9d50ec646a9","2bomnjjb","","","","feedback","127","1b_2a","c","8","1b_2a-8","0","","","","","","",""
"null","<span class=""fixation"">+</span>","null","html-keyboard-response","1157","402268","0.0-1157.0","5d537c0cecc84200153075e9","6a04f72bb0f4a868caeeb473","6a05526634fbb9d50ec646a9","2bomnjjb","","","","fixation","137","1b_2a","a","11","1b_2a-11","0","","","","","","",""
"152","<div class=""spr-display"">--- --------- --------- --- --- ------ ----- ---- --- ------- ------ ----------- ------------ --- --------- ---- --- ----- ---"," ","html-keyboard-response","1158","402421","0.0-1158.0","5d537c0cecc84200153075e9","6a04f72bb0f4a868caeeb473","6a05526634fbb9d50ec646a9","2bomnjjb","","","","prompt","137","1b_2a","a","11","1b_2a-11","0","","","","","","",""
"214","<div class=""spr-display"">The --------- --------- --- --- ------ ----- ---- --- ------- ------ ----------- ------------ --- --------- ---- --- ----- ---</div>"," ","html-keyboard-response","1159","402636","0.0-1159.0","5d537c0cecc84200153075e9","6a04f72bb0f4a868caeeb473","6a05526634fbb9d50ec646a9","2bomnjjb","","","","spr_word","137","1b_2a","a","11","1b_2a-11","0","The","0","19","false","","",""
"227","<div class=""spr-display"">The assistant --------- --- --- ------ ----- ---- --- ------- ------ ----------- ------------ --- --------- ---- --- ----- ---</div>"," ","html-keyboard-response","1160","402865","0.0-1160.0","5d537c0cecc84200153075e9","6a04f72bb0f4a868caeeb473","6a05526634fbb9d50ec646a9","2bomnjjb","","","","spr_word","137","1b_2a","a","11","1b_2a-11","0","assistant","1","19","false","","",""
"215","<div class=""spr-display"">The assistant mentioned --- --- ------ ----- ---- --- ------- ------ ----------- ------------ --- --------- ---- --- ----- ---</div>"," ","html-keyboard-response","1161","403081","0.0-1161.0","5d537c0cecc84200153075e9","6a04f72bb0f4a868caeeb473","6a05526634fbb9d50ec646a9","2bomnjjb","","","","spr_word","137","1b_2a","a","11","1b_2a-11","0","mentioned","2","19","false","","",""
"223","<div class=""spr-display"">The assistant mentioned who --- ------ ----- ---- --- ------- ------ ----------- ------------ --- --------- ---- --- ----- ---</div>"," ","html-keyboard-response","1162","403305","0.0-1162.0","5d537c0cecc84200153075e9","6a04f72bb0f4a868caeeb473","6a05526634fbb9d50ec646a9","2bomnjjb","","","","spr_word","137","1b_2a","a","11","1b_2a-11","0","who","3","19","false","","",""
"221","<div class=""spr-display"">The assistant mentioned who the ------ ----- ---- --- ------- ------ ----------- ------------ --- --------- ---- --- ----- ---</div>"," ","html-keyboard-response","1163","403527","0.0-1163.0","5d537c0cecc84200153075e9","6a04f72bb0f4a868caeeb473","6a05526634fbb9d50ec646a9","2bomnjjb","","","","spr_word","137","1b_2a","a","11","1b_2a-11","0","the","4","19","false","","",""
"230","<div class=""spr-display"">The assistant mentioned who the lovely ----- ---- --- ------- ------ ----------- ------------ --- --------- ---- --- ----- ---</div>"," ","html-keyboard-response","1164","403758","0.0-1164.0","5d537c0cecc84200153075e9","6a04f72bb0f4a868caeeb473","6a05526634fbb9d50ec646a9","2bomnjjb","","","","spr_word","137","1b_2a","a","11","1b_2a-11","0","lovely","5","19","false","","",""
"225","<div class=""spr-display"">The assistant mentioned who the lovely bride ---- --- ------- ------ ----------- ------------ --- --------- ---- --- ----- ---</div>"," ","html-keyboard-response","1165","403984","0.0-1165.0","5d537c0cecc84200153075e9","6a04f72bb0f4a868caeeb473","6a05526634fbb9d50ec646a9","2bomnjjb","","","","spr_word","137","1b_2a","a","11","1b_2a-11","0","bride","6","19","false","","",""
"203","<div class=""spr-display"">The assistant mentioned who the lovely bride that --- ------- ------ ----------- ------------ --- --------- ---- --- ----- ---</div>"," ","html-keyboard-response","1166","404188","0.0-1166.0","5d537c0cecc84200153075e9","6a04f72bb0f4a868caeeb473","6a05526634fbb9d50ec646a9","2bomnjjb","","","","spr_word","137","1b_2a","a","11","1b_2a-11","0","that","7","19","false","","",""
"215","<div class=""spr-display"">The assistant mentioned who the lovely bride that the ------- ------ ----------- ------------ --- --------- ---- --- ----- ---</div>"," ","html-keyboard-response","1167","404404","0.0-1167.0","5d537c0cecc84200153075e9","6a04f72bb0f4a868caeeb473","6a05526634fbb9d50ec646a9","2bomnjjb","","","","spr_word","137","1b_2a","a","11","1b_2a-11","0","the","8","19","false","","",""
"231","<div class=""spr-display"">The assistant mentioned who the lovely bride that the skilled ------ ----------- ------------ --- --------- ---- --- ----- ---</div>"," ","html-keyboard-response","1168","404636","0.0-1168.0","5d537c0cecc84200153075e9","6a04f72bb0f4a868caeeb473","6a05526634fbb9d50ec646a9","2bomnjjb","","","","spr_word","137","1b_2a","a","11","1b_2a-11","0","skilled","9","19","false","","",""
"221","<div class=""spr-display"">The assistant mentioned who the lovely bride that the skilled tailor ----------- ------------ --- --------- ---- --- ----- ---</div>"," ","html-keyboard-response","1169","404858","0.0-1169.0","5d537c0cecc84200153075e9","6a04f72bb0f4a868caeeb473","6a05526634fbb9d50ec646a9","2bomnjjb","","","","spr_word","137","1b_2a","a","11","1b_2a-11","0","tailor","10","19","false","","",""
"223","<div class=""spr-display"">The assistant mentioned who the lovely bride that the skilled tailor intimidated ------------ --- --------- ---- --- ----- ---</div>"," ","html-keyboard-response","1170","405081","0.0-1170.0","5d537c0cecc84200153075e9","6a04f72bb0f4a868caeeb473","6a05526634fbb9d50ec646a9","2bomnjjb","","","","spr_word","137","1b_2a","a","11","1b_2a-11","0","intimidated","11","19","false","","",""
"214","<div class=""spr-display"">The assistant mentioned who the lovely bride that the skilled tailor intimidated purposefully --- --------- ---- --- ----- ---</div>"," ","html-keyboard-response","1171","405296","0.0-1171.0","5d537c0cecc84200153075e9","6a04f72bb0f4a868caeeb473","6a05526634fbb9d50ec646a9","2bomnjjb","","","","spr_word","137","1b_2a","a","11","1b_2a-11","0","purposefully","12","19","false","","",""
"217","<div class=""spr-display"">The assistant mentioned who the lovely bride that the skilled tailor intimidated purposefully and --------- ---- --- ----- ---</div>"," ","html-keyboard-response","1172","405514","0.0-1172.0","5d537c0cecc84200153075e9","6a04f72bb0f4a868caeeb473","6a05526634fbb9d50ec646a9","2bomnjjb","","","","spr_word","137","1b_2a","a","11","1b_2a-11","0","and","13","19","false","","",""
"220","<div class=""spr-display"">The assistant mentioned who the lovely bride that the skilled tailor intimidated purposefully and obviously ---- --- ----- ---</div>"," ","html-keyboard-response","1173","405735","0.0-1173.0","5d537c0cecc84200153075e9","6a04f72bb0f4a868caeeb473","6a05526634fbb9d50ec646a9","2bomnjjb","","","","spr_word","137","1b_2a","a","11","1b_2a-11","0","obviously","14","19","false","","",""
"220","<div class=""spr-display"">The assistant mentioned who the lovely bride that the skilled tailor intimidated purposefully and obviously sold --- ----- ---</div>"," ","html-keyboard-response","1174","405955","0.0-1174.0","5d537c0cecc84200153075e9","6a04f72bb0f4a868caeeb473","6a05526634fbb9d50ec646a9","2bomnjjb","","","","spr_word","137","1b_2a","a","11","1b_2a-11","0","sold","15","19","false","","",""
"209","<div class=""spr-display"">The assistant mentioned who the lovely bride that the skilled tailor intimidated purposefully and obviously sold the ----- ---</div>"," ","html-keyboard-response","1175","406165","0.0-1175.0","5d537c0cecc84200153075e9","6a04f72bb0f4a868caeeb473","6a05526634fbb9d50ec646a9","2bomnjjb","","","","spr_word","137","1b_2a","a","11","1b_2a-11","0","the","16","19","false","","",""
"213","<div class=""spr-display"">The assistant mentioned who the lovely bride that the skilled tailor intimidated purposefully and obviously sold the dress ---</div>"," ","html-keyboard-response","1176","406379","0.0-1176.0","5d537c0cecc84200153075e9","6a04f72bb0f4a868caeeb473","6a05526634fbb9d50ec646a9","2bomnjjb","","","","spr_word","137","1b_2a","a","11","1b_2a-11","0","dress","17","19","false","","",""
"223","<div class=""spr-display"">The assistant mentioned who the lovely bride that the skilled tailor intimidated purposefully and obviously sold the dress to.</div>"," ","html-keyboard-response","1177","406603","0.0-1177.0","5d537c0cecc84200153075e9","6a04f72bb0f4a868caeeb473","6a05526634fbb9d50ec646a9","2bomnjjb","","","","spr_word","137","1b_2a","a","11","1b_2a-11","0","to.","18","19","false","","",""
"502","<div class=""comprehension-box"">
                    <p>undefined</p>
                    <p>Press <span class=""key-label"">F</span> for <strong>Yes</strong> &nbsp;|&nbsp;
                    Press <span class=""key-label"">J</span> for <strong>No</strong></p>
                </div>","f","html-keyboard-response","1178","407106","0.0-1178.0","5d537c0cecc84200153075e9","6a04f72bb0f4a868caeeb473","6a05526634fbb9d50ec646a9","2bomnjjb","","","","comprehension","137","1b_2a","a","11","1b_2a-11","0","","","","","","Yes","false"
"500","<div class=""comprehension-box"">
                    <p class=""feedback-incorrect"">Incorrect</p>
                    <p style=""font-size:18px;"">The correct answer was <strong>No</strong>.</p>
                    <p style=""margin-top:20px; font-size:16px; color:#555;"">
                    Press <span class=""key-label"">SPACE</span> to continue.
                    </p>
                </div>"," ","html-keyboard-response","1179","407607","0.0-1179.0","5d537c0cecc84200153075e9","6a04f72bb0f4a868caeeb473","6a05526634fbb9d50ec646a9","2bomnjjb","","","","feedback","137","1b_2a","a","11","1b_2a-11","0","","","","","","",""
"null","<span class=""fixation"">+</span>","null","html-keyboard-response","1180","408113","0.0-1180.0","5d537c0cecc84200153075e9","6a04f72bb0f4a868caeeb473","6a05526634fbb9d50ec646a9","2bomnjjb","","","","fixation","149","1b_2a","a","14","1b_2a-14","0","","","","","","",""
"154","<div class=""spr-display"">--- ------ --------- --- --- ---------- ------- ---- --- ------ ----------- ------ ------------- --- --------- ------- -- ------- -----"," ","html-keyboard-response","1181","408269","0.0-1181.0","5d537c0cecc84200153075e9","6a04f72bb0f4a868caeeb473","6a05526634fbb9d50ec646a9","2bomnjjb","","","","prompt","149","1b_2a","a","14","1b_2a-14","0","","","","","","",""
"215","<div class=""spr-display"">The ------ --------- --- --- ---------- ------- ---- --- ------ ----------- ------ ------------- --- --------- ------- -- ------- -----</div>"," ","html-keyboard-response","1182","408485","0.0-1182.0","5d537c0cecc84200153075e9","6a04f72bb0f4a868caeeb473","6a05526634fbb9d50ec646a9","2bomnjjb","","","","spr_word","149","1b_2a","a","14","1b_2a-14","0","The","0","19","false","","",""
"224","<div class=""spr-display"">The farmer --------- --- --- ---------- ------- ---- --- ------ ----------- ------ ------------- --- --------- ------- -- ------- -----</div>"," ","html-keyboard-response","1183","408709","0.0-1183.0","5d537c0cecc84200153075e9","6a04f72bb0f4a868caeeb473","6a05526634fbb9d50ec646a9","2bomnjjb","","","","spr_word","149","1b_2a","a","14","1b_2a-14","0","farmer","1","19","false","","",""
"225","<div class=""spr-display"">The farmer disclosed --- --- ---------- ------- ---- --- ------ ----------- ------ ------------- --- --------- ------- -- ------- -----</div>"," ","html-keyboard-response","1184","408935","0.0-1184.0","5d537c0cecc84200153075e9","6a04f72bb0f4a868caeeb473","6a05526634fbb9d50ec646a9","2bomnjjb","","","","spr_word","149","1b_2a","a","14","1b_2a-14","0","disclosed","2","19","false","","",""
"196","<div class=""spr-display"">The farmer disclosed who --- ---------- ------- ---- --- ------ ----------- ------ ------------- --- --------- ------- -- ------- -----</div>"," ","html-keyboard-response","1185","409131","0.0-1185.0","5d537c0cecc84200153075e9","6a04f72bb0f4a868caeeb473","6a05526634fbb9d50ec646a9","2bomnjjb","","","","spr_word","149","1b_2a","a","14","1b_2a-14","0","who","3","19","false","","",""
"221","<div class=""spr-display"">The farmer disclosed who the ---------- ------- ---- --- ------ ----------- ------ ------------- --- --------- ------- -- ------- -----</div>"," ","html-keyboard-response","1186","409353","0.0-1186.0","5d537c0cecc84200153075e9","6a04f72bb0f4a868caeeb473","6a05526634fbb9d50ec646a9","2bomnjjb","","","","spr_word","149","1b_2a","a","14","1b_2a-14","0","the","4","19","false","","",""
"220","<div class=""spr-display"">The farmer disclosed who the passionate ------- ---- --- ------ ----------- ------ ------------- --- --------- ------- -- ------- -----</div>"," ","html-keyboard-response","1187","409575","0.0-1187.0","5d537c0cecc84200153075e9","6a04f72bb0f4a868caeeb473","6a05526634fbb9d50ec646a9","2bomnjjb","","","","spr_word","149","1b_2a","a","14","1b_2a-14","0","passionate","5","19","false","","",""
"231","<div class=""spr-display"">The farmer disclosed who the passionate rancher ---- --- ------ ----------- ------ ------------- --- --------- ------- -- ------- -----</div>"," ","html-keyboard-response","1188","409806","0.0-1188.0","5d537c0cecc84200153075e9","6a04f72bb0f4a868caeeb473","6a05526634fbb9d50ec646a9","2bomnjjb","","","","spr_word","149","1b_2a","a","14","1b_2a-14","0","rancher","6","19","false","","",""
"222","<div class=""spr-display"">The farmer disclosed who the passionate rancher that --- ------ ----------- ------ ------------- --- --------- ------- -- ------- -----</div>"," ","html-keyboard-response","1189","410028","0.0-1189.0","5d537c0cecc84200153075e9","6a04f72bb0f4a868caeeb473","6a05526634fbb9d50ec646a9","2bomnjjb","","","","spr_word","149","1b_2a","a","14","1b_2a-14","0","that","7","19","false","","",""
"220","<div class=""spr-display"">The farmer disclosed who the passionate rancher that the ------ ----------- ------ ------------- --- --------- ------- -- ------- -----</div>"," ","html-keyboard-response","1190","410249","0.0-1190.0","5d537c0cecc84200153075e9","6a04f72bb0f4a868caeeb473","6a05526634fbb9d50ec646a9","2bomnjjb","","","","spr_word","149","1b_2a","a","14","1b_2a-14","0","the","8","19","false","","",""
"216","<div class=""spr-display"">The farmer disclosed who the passionate rancher that the boring ----------- ------ ------------- --- --------- ------- -- ------- -----</div>"," ","html-keyboard-response","1191","410466","0.0-1191.0","5d537c0cecc84200153075e9","6a04f72bb0f4a868caeeb473","6a05526634fbb9d50ec646a9","2bomnjjb","","","","spr_word","149","1b_2a","a","14","1b_2a-14","0","boring","9","19","false","","",""
"221","<div class=""spr-display"">The farmer disclosed who the passionate rancher that the boring businessman ------ ------------- --- --------- ------- -- ------- -----</div>"," ","html-keyboard-response","1192","410688","0.0-1192.0","5d537c0cecc84200153075e9","6a04f72bb0f4a868caeeb473","6a05526634fbb9d50ec646a9","2bomnjjb","","","","spr_word","149","1b_2a","a","14","1b_2a-14","0","businessman","10","19","false","","",""
"218","<div class=""spr-display"">The farmer disclosed who the passionate rancher that the boring businessman judged ------------- --- --------- ------- -- ------- -----</div>"," ","html-keyboard-response","1193","410906","0.0-1193.0","5d537c0cecc84200153075e9","6a04f72bb0f4a868caeeb473","6a05526634fbb9d50ec646a9","2bomnjjb","","","","spr_word","149","1b_2a","a","14","1b_2a-14","0","judged","11","19","false","","",""
"210","<div class=""spr-display"">The farmer disclosed who the passionate rancher that the boring businessman judged unnecessarily --- --------- ------- -- ------- -----</div>"," ","html-keyboard-response","1194","411116","0.0-1194.0","5d537c0cecc84200153075e9","6a04f72bb0f4a868caeeb473","6a05526634fbb9d50ec646a9","2bomnjjb","","","","spr_word","149","1b_2a","a","14","1b_2a-14","0","unnecessarily","12","19","false","","",""
"226","<div class=""spr-display"">The farmer disclosed who the passionate rancher that the boring businessman judged unnecessarily and --------- ------- -- ------- -----</div>"," ","html-keyboard-response","1195","411343","0.0-1195.0","5d537c0cecc84200153075e9","6a04f72bb0f4a868caeeb473","6a05526634fbb9d50ec646a9","2bomnjjb","","","","spr_word","149","1b_2a","a","14","1b_2a-14","0","and","13","19","false","","",""
"192","<div class=""spr-display"">The farmer disclosed who the passionate rancher that the boring businessman judged unnecessarily and intensely ------- -- ------- -----</div>"," ","html-keyboard-response","1196","411536","0.0-1196.0","5d537c0cecc84200153075e9","6a04f72bb0f4a868caeeb473","6a05526634fbb9d50ec646a9","2bomnjjb","","","","spr_word","149","1b_2a","a","14","1b_2a-14","0","intensely","14","19","false","","",""
"201","<div class=""spr-display"">The farmer disclosed who the passionate rancher that the boring businessman judged unnecessarily and intensely studied -- ------- -----</div>"," ","html-keyboard-response","1197","411738","0.0-1197.0","5d537c0cecc84200153075e9","6a04f72bb0f4a868caeeb473","6a05526634fbb9d50ec646a9","2bomnjjb","","","","spr_word","149","1b_2a","a","14","1b_2a-14","0","studied","15","19","false","","",""
"212","<div class=""spr-display"">The farmer disclosed who the passionate rancher that the boring businessman judged unnecessarily and intensely studied in ------- -----</div>"," ","html-keyboard-response","1198","411950","0.0-1198.0","5d537c0cecc84200153075e9","6a04f72bb0f4a868caeeb473","6a05526634fbb9d50ec646a9","2bomnjjb","","","","spr_word","149","1b_2a","a","14","1b_2a-14","0","in","16","19","false","","",""
"209","<div class=""spr-display"">The farmer disclosed who the passionate rancher that the boring businessman judged unnecessarily and intensely studied in college -----</div>"," ","html-keyboard-response","1199","412160","0.0-1199.0","5d537c0cecc84200153075e9","6a04f72bb0f4a868caeeb473","6a05526634fbb9d50ec646a9","2bomnjjb","","","","spr_word","149","1b_2a","a","14","1b_2a-14","0","college","17","19","false","","",""
"186","<div class=""spr-display"">The farmer disclosed who the passionate rancher that the boring businessman judged unnecessarily and intensely studied in college with.</div>"," ","html-keyboard-response","1200","412347","0.0-1200.0","5d537c0cecc84200153075e9","6a04f72bb0f4a868caeeb473","6a05526634fbb9d50ec646a9","2bomnjjb","","","","spr_word","149","1b_2a","a","14","1b_2a-14","0","with.","18","19","false","","",""
"452","<div class=""comprehension-box"">
                    <p>undefined</p>
                    <p>Press <span class=""key-label"">F</span> for <strong>Yes</strong> &nbsp;|&nbsp;
                    Press <span class=""key-label"">J</span> for <strong>No</strong></p>
                </div>","j","html-keyboard-response","1201","412800","0.0-1201.0","5d537c0cecc84200153075e9","6a04f72bb0f4a868caeeb473","6a05526634fbb9d50ec646a9","2bomnjjb","","","","comprehension","149","1b_2a","a","14","1b_2a-14","0","","","","","","No","false"
"480","<div class=""comprehension-box"">
                    <p class=""feedback-incorrect"">Incorrect</p>
                    <p style=""font-size:18px;"">The correct answer was <strong>No</strong>.</p>
                    <p style=""margin-top:20px; font-size:16px; color:#555;"">
                    Press <span class=""key-label"">SPACE</span> to continue.
                    </p>
                </div>"," ","html-keyboard-response","1202","413282","0.0-1202.0","5d537c0cecc84200153075e9","6a04f72bb0f4a868caeeb473","6a05526634fbb9d50ec646a9","2bomnjjb","","","","feedback","149","1b_2a","a","14","1b_2a-14","0","","","","","","",""
"null","<span class=""fixation"">+</span>","null","html-keyboard-response","1203","413786","0.0-1203.0","5d537c0cecc84200153075e9","6a04f72bb0f4a868caeeb473","6a05526634fbb9d50ec646a9","2bomnjjb","","","","fixation","102","1b_2a","b","2","1b_2a-2","0","","","","","","",""
"156","<div class=""spr-display"">--- ------- ------- --- --- ----- ----- ---- --- ------- ------- ------- --------- --- ------------- ---- ---- --------- -- --- ------------"," ","html-keyboard-response","1204","413943","0.0-1204.0","5d537c0cecc84200153075e9","6a04f72bb0f4a868caeeb473","6a05526634fbb9d50ec646a9","2bomnjjb","","","","prompt","102","1b_2a","b","2","1b_2a-2","0","","","","","","",""
"222","<div class=""spr-display"">The ------- ------- --- --- ----- ----- ---- --- ------- ------- ------- --------- --- ------------- ---- ---- --------- -- --- ------------</div>"," ","html-keyboard-response","1205","414165","0.0-1205.0","5d537c0cecc84200153075e9","6a04f72bb0f4a868caeeb473","6a05526634fbb9d50ec646a9","2bomnjjb","","","","spr_word","102","1b_2a","b","2","1b_2a-2","0","The","0","21","false","","",""
"223","<div class=""spr-display"">The student ------- --- --- ----- ----- ---- --- ------- ------- ------- --------- --- ------------- ---- ---- --------- -- --- ------------</div>"," ","html-keyboard-response","1206","414388","0.0-1206.0","5d537c0cecc84200153075e9","6a04f72bb0f4a868caeeb473","6a05526634fbb9d50ec646a9","2bomnjjb","","","","spr_word","102","1b_2a","b","2","1b_2a-2","0","student","1","21","false","","",""
"208","<div class=""spr-display"">The student noticed --- --- ----- ----- ---- --- ------- ------- ------- --------- --- ------------- ---- ---- --------- -- --- ------------</div>"," ","html-keyboard-response","1207","414597","0.0-1207.0","5d537c0cecc84200153075e9","6a04f72bb0f4a868caeeb473","6a05526634fbb9d50ec646a9","2bomnjjb","","","","spr_word","102","1b_2a","b","2","1b_2a-2","0","noticed","2","21","false","","",""
"212","<div class=""spr-display"">The student noticed how --- ----- ----- ---- --- ------- ------- ------- --------- --- ------------- ---- ---- --------- -- --- ------------</div>"," ","html-keyboard-response","1208","414810","0.0-1208.0","5d537c0cecc84200153075e9","6a04f72bb0f4a868caeeb473","6a05526634fbb9d50ec646a9","2bomnjjb","","","","spr_word","102","1b_2a","b","2","1b_2a-2","0","how","3","21","false","","",""
"221","<div class=""spr-display"">The student noticed how the ----- ----- ---- --- ------- ------- ------- --------- --- ------------- ---- ---- --------- -- --- ------------</div>"," ","html-keyboard-response","1209","415032","0.0-1209.0","5d537c0cecc84200153075e9","6a04f72bb0f4a868caeeb473","6a05526634fbb9d50ec646a9","2bomnjjb","","","","spr_word","102","1b_2a","b","2","1b_2a-2","0","the","4","21","false","","",""
"209","<div class=""spr-display"">The student noticed how the tough ----- ---- --- ------- ------- ------- --------- --- ------------- ---- ---- --------- -- --- ------------</div>"," ","html-keyboard-response","1210","415242","0.0-1210.0","5d537c0cecc84200153075e9","6a04f72bb0f4a868caeeb473","6a05526634fbb9d50ec646a9","2bomnjjb","","","","spr_word","102","1b_2a","b","2","1b_2a-2","0","tough","5","21","false","","",""
"218","<div class=""spr-display"">The student noticed how the tough coach ---- --- ------- ------- ------- --------- --- ------------- ---- ---- --------- -- --- ------------</div>"," ","html-keyboard-response","1211","415460","0.0-1211.0","5d537c0cecc84200153075e9","6a04f72bb0f4a868caeeb473","6a05526634fbb9d50ec646a9","2bomnjjb","","","","spr_word","102","1b_2a","b","2","1b_2a-2","0","coach","6","21","false","","",""
"225","<div class=""spr-display"">The student noticed how the tough coach that --- ------- ------- ------- --------- --- ------------- ---- ---- --------- -- --- ------------</div>"," ","html-keyboard-response","1212","415686","0.0-1212.0","5d537c0cecc84200153075e9","6a04f72bb0f4a868caeeb473","6a05526634fbb9d50ec646a9","2bomnjjb","","","","spr_word","102","1b_2a","b","2","1b_2a-2","0","that","7","21","false","","",""
"210","<div class=""spr-display"">The student noticed how the tough coach that the ------- ------- ------- --------- --- ------------- ---- ---- --------- -- --- ------------</div>"," ","html-keyboard-response","1213","415897","0.0-1213.0","5d537c0cecc84200153075e9","6a04f72bb0f4a868caeeb473","6a05526634fbb9d50ec646a9","2bomnjjb","","","","spr_word","102","1b_2a","b","2","1b_2a-2","0","the","8","21","false","","",""
"221","<div class=""spr-display"">The student noticed how the tough coach that the popular ------- ------- --------- --- ------------- ---- ---- --------- -- --- ------------</div>"," ","html-keyboard-response","1214","416119","0.0-1214.0","5d537c0cecc84200153075e9","6a04f72bb0f4a868caeeb473","6a05526634fbb9d50ec646a9","2bomnjjb","","","","spr_word","102","1b_2a","b","2","1b_2a-2","0","popular","9","21","false","","",""
"208","<div class=""spr-display"">The student noticed how the tough coach that the popular athlete ------- --------- --- ------------- ---- ---- --------- -- --- ------------</div>"," ","html-keyboard-response","1215","416328","0.0-1215.0","5d537c0cecc84200153075e9","6a04f72bb0f4a868caeeb473","6a05526634fbb9d50ec646a9","2bomnjjb","","","","spr_word","102","1b_2a","b","2","1b_2a-2","0","athlete","10","21","false","","",""
"221","<div class=""spr-display"">The student noticed how the tough coach that the popular athlete admired --------- --- ------------- ---- ---- --------- -- --- ------------</div>"," ","html-keyboard-response","1216","416550","0.0-1216.0","5d537c0cecc84200153075e9","6a04f72bb0f4a868caeeb473","6a05526634fbb9d50ec646a9","2bomnjjb","","","","spr_word","102","1b_2a","b","2","1b_2a-2","0","admired","11","21","false","","",""
"214","<div class=""spr-display"">The student noticed how the tough coach that the popular athlete admired obviously --- ------------- ---- ---- --------- -- --- ------------</div>"," ","html-keyboard-response","1217","416765","0.0-1217.0","5d537c0cecc84200153075e9","6a04f72bb0f4a868caeeb473","6a05526634fbb9d50ec646a9","2bomnjjb","","","","spr_word","102","1b_2a","b","2","1b_2a-2","0","obviously","12","21","false","","",""
"221","<div class=""spr-display"">The student noticed how the tough coach that the popular athlete admired obviously and ------------- ---- ---- --------- -- --- ------------</div>"," ","html-keyboard-response","1218","416986","0.0-1218.0","5d537c0cecc84200153075e9","6a04f72bb0f4a868caeeb473","6a05526634fbb9d50ec646a9","2bomnjjb","","","","spr_word","102","1b_2a","b","2","1b_2a-2","0","and","13","21","false","","",""
"215","<div class=""spr-display"">The student noticed how the tough coach that the popular athlete admired obviously and unnecessarily ---- ---- --------- -- --- ------------</div>"," ","html-keyboard-response","1219","417202","0.0-1219.0","5d537c0cecc84200153075e9","6a04f72bb0f4a868caeeb473","6a05526634fbb9d50ec646a9","2bomnjjb","","","","spr_word","102","1b_2a","b","2","1b_2a-2","0","unnecessarily","14","21","false","","",""
"217","<div class=""spr-display"">The student noticed how the tough coach that the popular athlete admired obviously and unnecessarily paid ---- --------- -- --- ------------</div>"," ","html-keyboard-response","1220","417420","0.0-1220.0","5d537c0cecc84200153075e9","6a04f72bb0f4a868caeeb473","6a05526634fbb9d50ec646a9","2bomnjjb","","","","spr_word","102","1b_2a","b","2","1b_2a-2","0","paid","15","21","false","","",""
"216","<div class=""spr-display"">The student noticed how the tough coach that the popular athlete admired obviously and unnecessarily paid more --------- -- --- ------------</div>"," ","html-keyboard-response","1221","417637","0.0-1221.0","5d537c0cecc84200153075e9","6a04f72bb0f4a868caeeb473","6a05526634fbb9d50ec646a9","2bomnjjb","","","","spr_word","102","1b_2a","b","2","1b_2a-2","0","more","16","21","false","","",""
"216","<div class=""spr-display"">The student noticed how the tough coach that the popular athlete admired obviously and unnecessarily paid more attention -- --- ------------</div>"," ","html-keyboard-response","1222","417854","0.0-1222.0","5d537c0cecc84200153075e9","6a04f72bb0f4a868caeeb473","6a05526634fbb9d50ec646a9","2bomnjjb","","","","spr_word","102","1b_2a","b","2","1b_2a-2","0","attention","17","21","false","","",""
"209","<div class=""spr-display"">The student noticed how the tough coach that the popular athlete admired obviously and unnecessarily paid more attention to --- ------------</div>"," ","html-keyboard-response","1223","418064","0.0-1223.0","5d537c0cecc84200153075e9","6a04f72bb0f4a868caeeb473","6a05526634fbb9d50ec646a9","2bomnjjb","","","","spr_word","102","1b_2a","b","2","1b_2a-2","0","to","18","21","false","","",""
"208","<div class=""spr-display"">The student noticed how the tough coach that the popular athlete admired obviously and unnecessarily paid more attention to the ------------</div>"," ","html-keyboard-response","1224","418272","0.0-1224.0","5d537c0cecc84200153075e9","6a04f72bb0f4a868caeeb473","6a05526634fbb9d50ec646a9","2bomnjjb","","","","spr_word","102","1b_2a","b","2","1b_2a-2","0","the","19","21","false","","",""
"231","<div class=""spr-display"">The student noticed how the tough coach that the popular athlete admired obviously and unnecessarily paid more attention to the quarterback.</div>"," ","html-keyboard-response","1225","418504","0.0-1225.0","5d537c0cecc84200153075e9","6a04f72bb0f4a868caeeb473","6a05526634fbb9d50ec646a9","2bomnjjb","","","","spr_word","102","1b_2a","b","2","1b_2a-2","0","quarterback.","20","21","false","","",""
"506","<div class=""comprehension-box"">
                    <p>undefined</p>
                    <p>Press <span class=""key-label"">F</span> for <strong>Yes</strong> &nbsp;|&nbsp;
                    Press <span class=""key-label"">J</span> for <strong>No</strong></p>
                </div>","j","html-keyboard-response","1226","419011","0.0-1226.0","5d537c0cecc84200153075e9","6a04f72bb0f4a868caeeb473","6a05526634fbb9d50ec646a9","2bomnjjb","","","","comprehension","102","1b_2a","b","2","1b_2a-2","0","","","","","","No","false"
"404","<div class=""comprehension-box"">
                    <p class=""feedback-incorrect"">Incorrect</p>
                    <p style=""font-size:18px;"">The correct answer was <strong>No</strong>.</p>
                    <p style=""margin-top:20px; font-size:16px; color:#555;"">
                    Press <span class=""key-label"">SPACE</span> to continue.
                    </p>
                </div>"," ","html-keyboard-response","1227","419415","0.0-1227.0","5d537c0cecc84200153075e9","6a04f72bb0f4a868caeeb473","6a05526634fbb9d50ec646a9","2bomnjjb","","","","feedback","102","1b_2a","b","2","1b_2a-2","0","","","","","","",""
"null","<span class=""fixation"">+</span>","null","html-keyboard-response","1228","419927","0.0-1228.0","5d537c0cecc84200153075e9","6a04f72bb0f4a868caeeb473","6a05526634fbb9d50ec646a9","2bomnjjb","","","","fixation","101","1b_2a","a","2","1b_2a-2","0","","","","","","",""
"144","<div class=""spr-display"">--- ------- ------- --- --- ----- ----- ---- --- ------- ------- ------- --------- --- ------------- ---- ---- --------- ---"," ","html-keyboard-response","1229","420072","0.0-1229.0","5d537c0cecc84200153075e9","6a04f72bb0f4a868caeeb473","6a05526634fbb9d50ec646a9","2bomnjjb","","","","prompt","101","1b_2a","a","2","1b_2a-2","0","","","","","","",""
"219","<div class=""spr-display"">The ------- ------- --- --- ----- ----- ---- --- ------- ------- ------- --------- --- ------------- ---- ---- --------- ---</div>"," ","html-keyboard-response","1230","420292","0.0-1230.0","5d537c0cecc84200153075e9","6a04f72bb0f4a868caeeb473","6a05526634fbb9d50ec646a9","2bomnjjb","","","","spr_word","101","1b_2a","a","2","1b_2a-2","0","The","0","19","false","","",""
"221","<div class=""spr-display"">The student ------- --- --- ----- ----- ---- --- ------- ------- ------- --------- --- ------------- ---- ---- --------- ---</div>"," ","html-keyboard-response","1231","420513","0.0-1231.0","5d537c0cecc84200153075e9","6a04f72bb0f4a868caeeb473","6a05526634fbb9d50ec646a9","2bomnjjb","","","","spr_word","101","1b_2a","a","2","1b_2a-2","0","student","1","19","false","","",""
"221","<div class=""spr-display"">The student noticed --- --- ----- ----- ---- --- ------- ------- ------- --------- --- ------------- ---- ---- --------- ---</div>"," ","html-keyboard-response","1232","420735","0.0-1232.0","5d537c0cecc84200153075e9","6a04f72bb0f4a868caeeb473","6a05526634fbb9d50ec646a9","2bomnjjb","","","","spr_word","101","1b_2a","a","2","1b_2a-2","0","noticed","2","19","false","","",""
"216","<div class=""spr-display"">The student noticed who --- ----- ----- ---- --- ------- ------- ------- --------- --- ------------- ---- ---- --------- ---</div>"," ","html-keyboard-response","1233","420951","0.0-1233.0","5d537c0cecc84200153075e9","6a04f72bb0f4a868caeeb473","6a05526634fbb9d50ec646a9","2bomnjjb","","","","spr_word","101","1b_2a","a","2","1b_2a-2","0","who","3","19","false","","",""
"224","<div class=""spr-display"">The student noticed who the ----- ----- ---- --- ------- ------- ------- --------- --- ------------- ---- ---- --------- ---</div>"," ","html-keyboard-response","1234","421176","0.0-1234.0","5d537c0cecc84200153075e9","6a04f72bb0f4a868caeeb473","6a05526634fbb9d50ec646a9","2bomnjjb","","","","spr_word","101","1b_2a","a","2","1b_2a-2","0","the","4","19","false","","",""
"208","<div class=""spr-display"">The student noticed who the tough ----- ---- --- ------- ------- ------- --------- --- ------------- ---- ---- --------- ---</div>"," ","html-keyboard-response","1235","421385","0.0-1235.0","5d537c0cecc84200153075e9","6a04f72bb0f4a868caeeb473","6a05526634fbb9d50ec646a9","2bomnjjb","","","","spr_word","101","1b_2a","a","2","1b_2a-2","0","tough","5","19","false","","",""
"215","<div class=""spr-display"">The student noticed who the tough coach ---- --- ------- ------- ------- --------- --- ------------- ---- ---- --------- ---</div>"," ","html-keyboard-response","1236","421601","0.0-1236.0","5d537c0cecc84200153075e9","6a04f72bb0f4a868caeeb473","6a05526634fbb9d50ec646a9","2bomnjjb","","","","spr_word","101","1b_2a","a","2","1b_2a-2","0","coach","6","19","false","","",""
"217","<div class=""spr-display"">The student noticed who the tough coach that --- ------- ------- ------- --------- --- ------------- ---- ---- --------- ---</div>"," ","html-keyboard-response","1237","421819","0.0-1237.0","5d537c0cecc84200153075e9","6a04f72bb0f4a868caeeb473","6a05526634fbb9d50ec646a9","2bomnjjb","","","","spr_word","101","1b_2a","a","2","1b_2a-2","0","that","7","19","false","","",""
"216","<div class=""spr-display"">The student noticed who the tough coach that the ------- ------- ------- --------- --- ------------- ---- ---- --------- ---</div>"," ","html-keyboard-response","1238","422036","0.0-1238.0","5d537c0cecc84200153075e9","6a04f72bb0f4a868caeeb473","6a05526634fbb9d50ec646a9","2bomnjjb","","","","spr_word","101","1b_2a","a","2","1b_2a-2","0","the","8","19","false","","",""
"218","<div class=""spr-display"">The student noticed who the tough coach that the popular ------- ------- --------- --- ------------- ---- ---- --------- ---</div>"," ","html-keyboard-response","1239","422255","0.0-1239.0","5d537c0cecc84200153075e9","6a04f72bb0f4a868caeeb473","6a05526634fbb9d50ec646a9","2bomnjjb","","","","spr_word","101","1b_2a","a","2","1b_2a-2","0","popular","9","19","false","","",""
"218","<div class=""spr-display"">The student noticed who the tough coach that the popular athlete ------- --------- --- ------------- ---- ---- --------- ---</div>"," ","html-keyboard-response","1240","422474","0.0-1240.0","5d537c0cecc84200153075e9","6a04f72bb0f4a868caeeb473","6a05526634fbb9d50ec646a9","2bomnjjb","","","","spr_word","101","1b_2a","a","2","1b_2a-2","0","athlete","10","19","false","","",""
"223","<div class=""spr-display"">The student noticed who the tough coach that the popular athlete admired --------- --- ------------- ---- ---- --------- ---</div>"," ","html-keyboard-response","1241","422697","0.0-1241.0","5d537c0cecc84200153075e9","6a04f72bb0f4a868caeeb473","6a05526634fbb9d50ec646a9","2bomnjjb","","","","spr_word","101","1b_2a","a","2","1b_2a-2","0","admired","11","19","false","","",""
"224","<div class=""spr-display"">The student noticed who the tough coach that the popular athlete admired obviously --- ------------- ---- ---- --------- ---</div>"," ","html-keyboard-response","1242","422921","0.0-1242.0","5d537c0cecc84200153075e9","6a04f72bb0f4a868caeeb473","6a05526634fbb9d50ec646a9","2bomnjjb","","","","spr_word","101","1b_2a","a","2","1b_2a-2","0","obviously","12","19","false","","",""
"217","<div class=""spr-display"">The student noticed who the tough coach that the popular athlete admired obviously and ------------- ---- ---- --------- ---</div>"," ","html-keyboard-response","1243","423140","0.0-1243.0","5d537c0cecc84200153075e9","6a04f72bb0f4a868caeeb473","6a05526634fbb9d50ec646a9","2bomnjjb","","","","spr_word","101","1b_2a","a","2","1b_2a-2","0","and","13","19","false","","",""
"234","<div class=""spr-display"">The student noticed who the tough coach that the popular athlete admired obviously and unnecessarily ---- ---- --------- ---</div>"," ","html-keyboard-response","1244","423374","0.0-1244.0","5d537c0cecc84200153075e9","6a04f72bb0f4a868caeeb473","6a05526634fbb9d50ec646a9","2bomnjjb","","","","spr_word","101","1b_2a","a","2","1b_2a-2","0","unnecessarily","14","19","false","","",""
"206","<div class=""spr-display"">The student noticed who the tough coach that the popular athlete admired obviously and unnecessarily paid ---- --------- ---</div>"," ","html-keyboard-response","1245","423580","0.0-1245.0","5d537c0cecc84200153075e9","6a04f72bb0f4a868caeeb473","6a05526634fbb9d50ec646a9","2bomnjjb","","","","spr_word","101","1b_2a","a","2","1b_2a-2","0","paid","15","19","false","","",""
"202","<div class=""spr-display"">The student noticed who the tough coach that the popular athlete admired obviously and unnecessarily paid more --------- ---</div>"," ","html-keyboard-response","1246","423783","0.0-1246.0","5d537c0cecc84200153075e9","6a04f72bb0f4a868caeeb473","6a05526634fbb9d50ec646a9","2bomnjjb","","","","spr_word","101","1b_2a","a","2","1b_2a-2","0","more","16","19","false","","",""
"210","<div class=""spr-display"">The student noticed who the tough coach that the popular athlete admired obviously and unnecessarily paid more attention ---</div>"," ","html-keyboard-response","1247","423994","0.0-1247.0","5d537c0cecc84200153075e9","6a04f72bb0f4a868caeeb473","6a05526634fbb9d50ec646a9","2bomnjjb","","","","spr_word","101","1b_2a","a","2","1b_2a-2","0","attention","17","19","false","","",""
"372","<div class=""spr-display"">The student noticed who the tough coach that the popular athlete admired obviously and unnecessarily paid more attention to.</div>"," ","html-keyboard-response","1248","424367","0.0-1248.0","5d537c0cecc84200153075e9","6a04f72bb0f4a868caeeb473","6a05526634fbb9d50ec646a9","2bomnjjb","","","","spr_word","101","1b_2a","a","2","1b_2a-2","0","to.","18","19","false","","",""
"470","<div class=""comprehension-box"">
                    <p>undefined</p>
                    <p>Press <span class=""key-label"">F</span> for <strong>Yes</strong> &nbsp;|&nbsp;
                    Press <span class=""key-label"">J</span> for <strong>No</strong></p>
                </div>","j","html-keyboard-response","1249","424838","0.0-1249.0","5d537c0cecc84200153075e9","6a04f72bb0f4a868caeeb473","6a05526634fbb9d50ec646a9","2bomnjjb","","","","comprehension","101","1b_2a","a","2","1b_2a-2","0","","","","","","No","false"
"693","<div class=""comprehension-box"">
                    <p class=""feedback-incorrect"">Incorrect</p>
                    <p style=""font-size:18px;"">The correct answer was <strong>No</strong>.</p>
                    <p style=""margin-top:20px; font-size:16px; color:#555;"">
                    Press <span class=""key-label"">SPACE</span> to continue.
                    </p>
                </div>"," ","html-keyboard-response","1250","425531","0.0-1250.0","5d537c0cecc84200153075e9","6a04f72bb0f4a868caeeb473","6a05526634fbb9d50ec646a9","2bomnjjb","","","","feedback","101","1b_2a","a","2","1b_2a-2","0","","","","","","",""
"null","<span class=""fixation"">+</span>","null","html-keyboard-response","1251","426036","0.0-1251.0","5d537c0cecc84200153075e9","6a04f72bb0f4a868caeeb473","6a05526634fbb9d50ec646a9","2bomnjjb","","","","fixation","140","1b_2a","d","11","1b_2a-11","0","","","","","","",""
"150","<div class=""spr-display"">--- --------- --------- --- --- ------ ----- ---- --- ------- ------ ----------- ------------ --- --------- ---- --- ----- -- - ----------"," ","html-keyboard-response","1252","426187","0.0-1252.0","5d537c0cecc84200153075e9","6a04f72bb0f4a868caeeb473","6a05526634fbb9d50ec646a9","2bomnjjb","","","","prompt","140","1b_2a","d","11","1b_2a-11","0","","","","","","",""
"227","<div class=""spr-display"">The --------- --------- --- --- ------ ----- ---- --- ------- ------ ----------- ------------ --- --------- ---- --- ----- -- - ----------</div>"," ","html-keyboard-response","1253","426414","0.0-1253.0","5d537c0cecc84200153075e9","6a04f72bb0f4a868caeeb473","6a05526634fbb9d50ec646a9","2bomnjjb","","","","spr_word","140","1b_2a","d","11","1b_2a-11","0","The","0","21","false","","",""
"216","<div class=""spr-display"">The assistant --------- --- --- ------ ----- ---- --- ------- ------ ----------- ------------ --- --------- ---- --- ----- -- - ----------</div>"," ","html-keyboard-response","1254","426632","0.0-1254.0","5d537c0cecc84200153075e9","6a04f72bb0f4a868caeeb473","6a05526634fbb9d50ec646a9","2bomnjjb","","","","spr_word","140","1b_2a","d","11","1b_2a-11","0","assistant","1","21","false","","",""
"214","<div class=""spr-display"">The assistant mentioned --- --- ------ ----- ---- --- ------- ------ ----------- ------------ --- --------- ---- --- ----- -- - ----------</div>"," ","html-keyboard-response","1255","426847","0.0-1255.0","5d537c0cecc84200153075e9","6a04f72bb0f4a868caeeb473","6a05526634fbb9d50ec646a9","2bomnjjb","","","","spr_word","140","1b_2a","d","11","1b_2a-11","0","mentioned","2","21","false","","",""
"215","<div class=""spr-display"">The assistant mentioned why --- ------ ----- ---- --- ------- ------ ----------- ------------ --- --------- ---- --- ----- -- - ----------</div>"," ","html-keyboard-response","1256","427063","0.0-1256.0","5d537c0cecc84200153075e9","6a04f72bb0f4a868caeeb473","6a05526634fbb9d50ec646a9","2bomnjjb","","","","spr_word","140","1b_2a","d","11","1b_2a-11","0","why","3","21","false","","",""
"217","<div class=""spr-display"">The assistant mentioned why the ------ ----- ---- --- ------- ------ ----------- ------------ --- --------- ---- --- ----- -- - ----------</div>"," ","html-keyboard-response","1257","427281","0.0-1257.0","5d537c0cecc84200153075e9","6a04f72bb0f4a868caeeb473","6a05526634fbb9d50ec646a9","2bomnjjb","","","","spr_word","140","1b_2a","d","11","1b_2a-11","0","the","4","21","false","","",""
"210","<div class=""spr-display"">The assistant mentioned why the lovely ----- ---- --- ------- ------ ----------- ------------ --- --------- ---- --- ----- -- - ----------</div>"," ","html-keyboard-response","1258","427493","0.0-1258.0","5d537c0cecc84200153075e9","6a04f72bb0f4a868caeeb473","6a05526634fbb9d50ec646a9","2bomnjjb","","","","spr_word","140","1b_2a","d","11","1b_2a-11","0","lovely","5","21","false","","",""
"215","<div class=""spr-display"">The assistant mentioned why the lovely bride ---- --- ------- ------ ----------- ------------ --- --------- ---- --- ----- -- - ----------</div>"," ","html-keyboard-response","1259","427709","0.0-1259.0","5d537c0cecc84200153075e9","6a04f72bb0f4a868caeeb473","6a05526634fbb9d50ec646a9","2bomnjjb","","","","spr_word","140","1b_2a","d","11","1b_2a-11","0","bride","6","21","false","","",""
"216","<div class=""spr-display"">The assistant mentioned why the lovely bride that --- ------- ------ ----------- ------------ --- --------- ---- --- ----- -- - ----------</div>"," ","html-keyboard-response","1260","427926","0.0-1260.0","5d537c0cecc84200153075e9","6a04f72bb0f4a868caeeb473","6a05526634fbb9d50ec646a9","2bomnjjb","","","","spr_word","140","1b_2a","d","11","1b_2a-11","0","that","7","21","false","","",""
"218","<div class=""spr-display"">The assistant mentioned why the lovely bride that the ------- ------ ----------- ------------ --- --------- ---- --- ----- -- - ----------</div>"," ","html-keyboard-response","1261","428144","0.0-1261.0","5d537c0cecc84200153075e9","6a04f72bb0f4a868caeeb473","6a05526634fbb9d50ec646a9","2bomnjjb","","","","spr_word","140","1b_2a","d","11","1b_2a-11","0","the","8","21","false","","",""
"213","<div class=""spr-display"">The assistant mentioned why the lovely bride that the skilled ------ ----------- ------------ --- --------- ---- --- ----- -- - ----------</div>"," ","html-keyboard-response","1262","428358","0.0-1262.0","5d537c0cecc84200153075e9","6a04f72bb0f4a868caeeb473","6a05526634fbb9d50ec646a9","2bomnjjb","","","","spr_word","140","1b_2a","d","11","1b_2a-11","0","skilled","9","21","false","","",""
"221","<div class=""spr-display"">The assistant mentioned why the lovely bride that the skilled tailor ----------- ------------ --- --------- ---- --- ----- -- - ----------</div>"," ","html-keyboard-response","1263","428580","0.0-1263.0","5d537c0cecc84200153075e9","6a04f72bb0f4a868caeeb473","6a05526634fbb9d50ec646a9","2bomnjjb","","","","spr_word","140","1b_2a","d","11","1b_2a-11","0","tailor","10","21","false","","",""
"221","<div class=""spr-display"">The assistant mentioned why the lovely bride that the skilled tailor intimidated ------------ --- --------- ---- --- ----- -- - ----------</div>"," ","html-keyboard-response","1264","428802","0.0-1264.0","5d537c0cecc84200153075e9","6a04f72bb0f4a868caeeb473","6a05526634fbb9d50ec646a9","2bomnjjb","","","","spr_word","140","1b_2a","d","11","1b_2a-11","0","intimidated","11","21","false","","",""
"215","<div class=""spr-display"">The assistant mentioned why the lovely bride that the skilled tailor intimidated purposefully --- --------- ---- --- ----- -- - ----------</div>"," ","html-keyboard-response","1265","429018","0.0-1265.0","5d537c0cecc84200153075e9","6a04f72bb0f4a868caeeb473","6a05526634fbb9d50ec646a9","2bomnjjb","","","","spr_word","140","1b_2a","d","11","1b_2a-11","0","purposefully","12","21","false","","",""
"223","<div class=""spr-display"">The assistant mentioned why the lovely bride that the skilled tailor intimidated purposefully and --------- ---- --- ----- -- - ----------</div>"," ","html-keyboard-response","1266","429242","0.0-1266.0","5d537c0cecc84200153075e9","6a04f72bb0f4a868caeeb473","6a05526634fbb9d50ec646a9","2bomnjjb","","","","spr_word","140","1b_2a","d","11","1b_2a-11","0","and","13","21","false","","",""
"209","<div class=""spr-display"">The assistant mentioned why the lovely bride that the skilled tailor intimidated purposefully and obviously ---- --- ----- -- - ----------</div>"," ","html-keyboard-response","1267","429451","0.0-1267.0","5d537c0cecc84200153075e9","6a04f72bb0f4a868caeeb473","6a05526634fbb9d50ec646a9","2bomnjjb","","","","spr_word","140","1b_2a","d","11","1b_2a-11","0","obviously","14","21","false","","",""
"201","<div class=""spr-display"">The assistant mentioned why the lovely bride that the skilled tailor intimidated purposefully and obviously sold --- ----- -- - ----------</div>"," ","html-keyboard-response","1268","429653","0.0-1268.0","5d537c0cecc84200153075e9","6a04f72bb0f4a868caeeb473","6a05526634fbb9d50ec646a9","2bomnjjb","","","","spr_word","140","1b_2a","d","11","1b_2a-11","0","sold","15","21","false","","",""
"215","<div class=""spr-display"">The assistant mentioned why the lovely bride that the skilled tailor intimidated purposefully and obviously sold the ----- -- - ----------</div>"," ","html-keyboard-response","1269","429870","0.0-1269.0","5d537c0cecc84200153075e9","6a04f72bb0f4a868caeeb473","6a05526634fbb9d50ec646a9","2bomnjjb","","","","spr_word","140","1b_2a","d","11","1b_2a-11","0","the","16","21","false","","",""
"201","<div class=""spr-display"">The assistant mentioned why the lovely bride that the skilled tailor intimidated purposefully and obviously sold the dress -- - ----------</div>"," ","html-keyboard-response","1270","430072","0.0-1270.0","5d537c0cecc84200153075e9","6a04f72bb0f4a868caeeb473","6a05526634fbb9d50ec646a9","2bomnjjb","","","","spr_word","140","1b_2a","d","11","1b_2a-11","0","dress","17","21","false","","",""
"322","<div class=""spr-display"">The assistant mentioned why the lovely bride that the skilled tailor intimidated purposefully and obviously sold the dress to - ----------</div>"," ","html-keyboard-response","1271","430394","0.0-1271.0","5d537c0cecc84200153075e9","6a04f72bb0f4a868caeeb473","6a05526634fbb9d50ec646a9","2bomnjjb","","","","spr_word","140","1b_2a","d","11","1b_2a-11","0","to","18","21","false","","",""
"265","<div class=""spr-display"">The assistant mentioned why the lovely bride that the skilled tailor intimidated purposefully and obviously sold the dress to a ----------</div>"," ","html-keyboard-response","1272","430660","0.0-1272.0","5d537c0cecc84200153075e9","6a04f72bb0f4a868caeeb473","6a05526634fbb9d50ec646a9","2bomnjjb","","","","spr_word","140","1b_2a","d","11","1b_2a-11","0","a","19","21","false","","",""
"1008","<div class=""spr-display"">The assistant mentioned why the lovely bride that the skilled tailor intimidated purposefully and obviously sold the dress to a celebrity.</div>"," ","html-keyboard-response","1273","431668","0.0-1273.0","5d537c0cecc84200153075e9","6a04f72bb0f4a868caeeb473","6a05526634fbb9d50ec646a9","2bomnjjb","","","","spr_word","140","1b_2a","d","11","1b_2a-11","0","celebrity.","20","21","false","","",""
"589","<div class=""comprehension-box"">
                    <p>undefined</p>
                    <p>Press <span class=""key-label"">F</span> for <strong>Yes</strong> &nbsp;|&nbsp;
                    Press <span class=""key-label"">J</span> for <strong>No</strong></p>
                </div>","j","html-keyboard-response","1274","432259","0.0-1274.0","5d537c0cecc84200153075e9","6a04f72bb0f4a868caeeb473","6a05526634fbb9d50ec646a9","2bomnjjb","","","","comprehension","140","1b_2a","d","11","1b_2a-11","0","","","","","","No","false"
"1704","<div class=""comprehension-box"">
                    <p class=""feedback-incorrect"">Incorrect</p>
                    <p style=""font-size:18px;"">The correct answer was <strong>No</strong>.</p>
                    <p style=""margin-top:20px; font-size:16px; color:#555;"">
                    Press <span class=""key-label"">SPACE</span> to continue.
                    </p>
                </div>"," ","html-keyboard-response","1275","433963","0.0-1275.0","5d537c0cecc84200153075e9","6a04f72bb0f4a868caeeb473","6a05526634fbb9d50ec646a9","2bomnjjb","","","","feedback","140","1b_2a","d","11","1b_2a-11","0","","","","","","",""
"null","<span class=""fixation"">+</span>","null","html-keyboard-response","1276","434478","0.0-1276.0","5d537c0cecc84200153075e9","6a04f72bb0f4a868caeeb473","6a05526634fbb9d50ec646a9","2bomnjjb","","","","fixation","133","1b_2a","a","10","1b_2a-10","0","","","","","","",""
"455","<div class=""spr-display"">--- ------ --------- --- --- -------- ---- ---- --- -------- ------- ----- ---------- --- ---------- ------ --- --------- ---"," ","html-keyboard-response","1277","434934","0.0-1277.0","5d537c0cecc84200153075e9","6a04f72bb0f4a868caeeb473","6a05526634fbb9d50ec646a9","2bomnjjb","","","","prompt","133","1b_2a","a","10","1b_2a-10","0","","","","","","",""
"198","<div class=""spr-display"">The ------ --------- --- --- -------- ---- ---- --- -------- ------- ----- ---------- --- ---------- ------ --- --------- ---</div>"," ","html-keyboard-response","1278","435133","0.0-1278.0","5d537c0cecc84200153075e9","6a04f72bb0f4a868caeeb473","6a05526634fbb9d50ec646a9","2bomnjjb","","","","spr_word","133","1b_2a","a","10","1b_2a-10","0","The","0","19","false","","",""
"192","<div class=""spr-display"">The critic --------- --- --- -------- ---- ---- --- -------- ------- ----- ---------- --- ---------- ------ --- --------- ---</div>"," ","html-keyboard-response","1279","435326","0.0-1279.0","5d537c0cecc84200153075e9","6a04f72bb0f4a868caeeb473","6a05526634fbb9d50ec646a9","2bomnjjb","","","","spr_word","133","1b_2a","a","10","1b_2a-10","0","critic","1","19","false","","",""
"201","<div class=""spr-display"">The critic mentioned --- --- -------- ---- ---- --- -------- ------- ----- ---------- --- ---------- ------ --- --------- ---</div>"," ","html-keyboard-response","1280","435528","0.0-1280.0","5d537c0cecc84200153075e9","6a04f72bb0f4a868caeeb473","6a05526634fbb9d50ec646a9","2bomnjjb","","","","spr_word","133","1b_2a","a","10","1b_2a-10","0","mentioned","2","19","false","","",""
"206","<div class=""spr-display"">The critic mentioned who --- -------- ---- ---- --- -------- ------- ----- ---------- --- ---------- ------ --- --------- ---</div>"," ","html-keyboard-response","1281","435735","0.0-1281.0","5d537c0cecc84200153075e9","6a04f72bb0f4a868caeeb473","6a05526634fbb9d50ec646a9","2bomnjjb","","","","spr_word","133","1b_2a","a","10","1b_2a-10","0","who","3","19","false","","",""
"201","<div class=""spr-display"">The critic mentioned who the -------- ---- ---- --- -------- ------- ----- ---------- --- ---------- ------ --- --------- ---</div>"," ","html-keyboard-response","1282","435937","0.0-1282.0","5d537c0cecc84200153075e9","6a04f72bb0f4a868caeeb473","6a05526634fbb9d50ec646a9","2bomnjjb","","","","spr_word","133","1b_2a","a","10","1b_2a-10","0","the","4","19","false","","",""
"213","<div class=""spr-display"">The critic mentioned who the renowned ---- ---- --- -------- ------- ----- ---------- --- ---------- ------ --- --------- ---</div>"," ","html-keyboard-response","1283","436151","0.0-1283.0","5d537c0cecc84200153075e9","6a04f72bb0f4a868caeeb473","6a05526634fbb9d50ec646a9","2bomnjjb","","","","spr_word","133","1b_2a","a","10","1b_2a-10","0","renowned","5","19","false","","",""
"209","<div class=""spr-display"">The critic mentioned who the renowned chef ---- --- -------- ------- ----- ---------- --- ---------- ------ --- --------- ---</div>"," ","html-keyboard-response","1284","436360","0.0-1284.0","5d537c0cecc84200153075e9","6a04f72bb0f4a868caeeb473","6a05526634fbb9d50ec646a9","2bomnjjb","","","","spr_word","133","1b_2a","a","10","1b_2a-10","0","chef","6","19","false","","",""
"201","<div class=""spr-display"">The critic mentioned who the renowned chef that --- -------- ------- ----- ---------- --- ---------- ------ --- --------- ---</div>"," ","html-keyboard-response","1285","436563","0.0-1285.0","5d537c0cecc84200153075e9","6a04f72bb0f4a868caeeb473","6a05526634fbb9d50ec646a9","2bomnjjb","","","","spr_word","133","1b_2a","a","10","1b_2a-10","0","that","7","19","false","","",""
"216","<div class=""spr-display"">The critic mentioned who the renowned chef that the -------- ------- ----- ---------- --- ---------- ------ --- --------- ---</div>"," ","html-keyboard-response","1286","436780","0.0-1286.0","5d537c0cecc84200153075e9","6a04f72bb0f4a868caeeb473","6a05526634fbb9d50ec646a9","2bomnjjb","","","","spr_word","133","1b_2a","a","10","1b_2a-10","0","the","8","19","false","","",""
"210","<div class=""spr-display"">The critic mentioned who the renowned chef that the friendly ------- ----- ---------- --- ---------- ------ --- --------- ---</div>"," ","html-keyboard-response","1287","436991","0.0-1287.0","5d537c0cecc84200153075e9","6a04f72bb0f4a868caeeb473","6a05526634fbb9d50ec646a9","2bomnjjb","","","","spr_word","133","1b_2a","a","10","1b_2a-10","0","friendly","9","19","false","","",""
"202","<div class=""spr-display"">The critic mentioned who the renowned chef that the friendly hostess ----- ---------- --- ---------- ------ --- --------- ---</div>"," ","html-keyboard-response","1288","437194","0.0-1288.0","5d537c0cecc84200153075e9","6a04f72bb0f4a868caeeb473","6a05526634fbb9d50ec646a9","2bomnjjb","","","","spr_word","133","1b_2a","a","10","1b_2a-10","0","hostess","10","19","false","","",""
"216","<div class=""spr-display"">The critic mentioned who the renowned chef that the friendly hostess liked ---------- --- ---------- ------ --- --------- ---</div>"," ","html-keyboard-response","1289","437410","0.0-1289.0","5d537c0cecc84200153075e9","6a04f72bb0f4a868caeeb473","6a05526634fbb9d50ec646a9","2bomnjjb","","","","spr_word","133","1b_2a","a","10","1b_2a-10","0","liked","11","19","false","","",""
"200","<div class=""spr-display"">The critic mentioned who the renowned chef that the friendly hostess liked frequently --- ---------- ------ --- --------- ---</div>"," ","html-keyboard-response","1290","437612","0.0-1290.0","5d537c0cecc84200153075e9","6a04f72bb0f4a868caeeb473","6a05526634fbb9d50ec646a9","2bomnjjb","","","","spr_word","133","1b_2a","a","10","1b_2a-10","0","frequently","12","19","false","","",""
"213","<div class=""spr-display"">The critic mentioned who the renowned chef that the friendly hostess liked frequently and ---------- ------ --- --------- ---</div>"," ","html-keyboard-response","1291","437826","0.0-1291.0","5d537c0cecc84200153075e9","6a04f72bb0f4a868caeeb473","6a05526634fbb9d50ec646a9","2bomnjjb","","","","spr_word","133","1b_2a","a","10","1b_2a-10","0","and","13","19","false","","",""
"206","<div class=""spr-display"">The critic mentioned who the renowned chef that the friendly hostess liked frequently and cheerfully ------ --- --------- ---</div>"," ","html-keyboard-response","1292","438032","0.0-1292.0","5d537c0cecc84200153075e9","6a04f72bb0f4a868caeeb473","6a05526634fbb9d50ec646a9","2bomnjjb","","","","spr_word","133","1b_2a","a","10","1b_2a-10","0","cheerfully","14","19","false","","",""
"203","<div class=""spr-display"">The critic mentioned who the renowned chef that the friendly hostess liked frequently and cheerfully served --- --------- ---</div>"," ","html-keyboard-response","1293","438236","0.0-1293.0","5d537c0cecc84200153075e9","6a04f72bb0f4a868caeeb473","6a05526634fbb9d50ec646a9","2bomnjjb","","","","spr_word","133","1b_2a","a","10","1b_2a-10","0","served","15","19","false","","",""
"205","<div class=""spr-display"">The critic mentioned who the renowned chef that the friendly hostess liked frequently and cheerfully served the --------- ---</div>"," ","html-keyboard-response","1294","438442","0.0-1294.0","5d537c0cecc84200153075e9","6a04f72bb0f4a868caeeb473","6a05526634fbb9d50ec646a9","2bomnjjb","","","","spr_word","133","1b_2a","a","10","1b_2a-10","0","the","16","19","false","","",""
"206","<div class=""spr-display"">The critic mentioned who the renowned chef that the friendly hostess liked frequently and cheerfully served the appetizer ---</div>"," ","html-keyboard-response","1295","438650","0.0-1295.0","5d537c0cecc84200153075e9","6a04f72bb0f4a868caeeb473","6a05526634fbb9d50ec646a9","2bomnjjb","","","","spr_word","133","1b_2a","a","10","1b_2a-10","0","appetizer","17","19","false","","",""
"193","<div class=""spr-display"">The critic mentioned who the renowned chef that the friendly hostess liked frequently and cheerfully served the appetizer to.</div>"," ","html-keyboard-response","1296","438843","0.0-1296.0","5d537c0cecc84200153075e9","6a04f72bb0f4a868caeeb473","6a05526634fbb9d50ec646a9","2bomnjjb","","","","spr_word","133","1b_2a","a","10","1b_2a-10","0","to.","18","19","false","","",""
"581","<div class=""comprehension-box"">
                    <p>undefined</p>
                    <p>Press <span class=""key-label"">F</span> for <strong>Yes</strong> &nbsp;|&nbsp;
                    Press <span class=""key-label"">J</span> for <strong>No</strong></p>
                </div>","j","html-keyboard-response","1297","439425","0.0-1297.0","5d537c0cecc84200153075e9","6a04f72bb0f4a868caeeb473","6a05526634fbb9d50ec646a9","2bomnjjb","","","","comprehension","133","1b_2a","a","10","1b_2a-10","0","","","","","","No","false"
"588","<div class=""comprehension-box"">
                    <p class=""feedback-incorrect"">Incorrect</p>
                    <p style=""font-size:18px;"">The correct answer was <strong>No</strong>.</p>
                    <p style=""margin-top:20px; font-size:16px; color:#555;"">
                    Press <span class=""key-label"">SPACE</span> to continue.
                    </p>
                </div>"," ","html-keyboard-response","1298","440013","0.0-1298.0","5d537c0cecc84200153075e9","6a04f72bb0f4a868caeeb473","6a05526634fbb9d50ec646a9","2bomnjjb","","","","feedback","133","1b_2a","a","10","1b_2a-10","0","","","","","","",""
"null","<span class=""fixation"">+</span>","null","html-keyboard-response","1299","440523","0.0-1299.0","5d537c0cecc84200153075e9","6a04f72bb0f4a868caeeb473","6a05526634fbb9d50ec646a9","2bomnjjb","","","","fixation","143","1b_2a","c","12","1b_2a-12","0","","","","","","",""
"153","<div class=""spr-display"">--- ----- --------- ---- --- ----- ------ ---- --- ----- ----- ------ --------- --- ----------- ------ --- ---- --- --- -------"," ","html-keyboard-response","1300","440677","0.0-1300.0","5d537c0cecc84200153075e9","6a04f72bb0f4a868caeeb473","6a05526634fbb9d50ec646a9","2bomnjjb","","","","prompt","143","1b_2a","c","12","1b_2a-12","0","","","","","","",""
"217","<div class=""spr-display"">The ----- --------- ---- --- ----- ------ ---- --- ----- ----- ------ --------- --- ----------- ------ --- ---- --- --- -------</div>"," ","html-keyboard-response","1301","440894","0.0-1301.0","5d537c0cecc84200153075e9","6a04f72bb0f4a868caeeb473","6a05526634fbb9d50ec646a9","2bomnjjb","","","","spr_word","143","1b_2a","c","12","1b_2a-12","0","The","0","21","false","","",""
"225","<div class=""spr-display"">The baker --------- ---- --- ----- ------ ---- --- ----- ----- ------ --------- --- ----------- ------ --- ---- --- --- -------</div>"," ","html-keyboard-response","1302","441121","0.0-1302.0","5d537c0cecc84200153075e9","6a04f72bb0f4a868caeeb473","6a05526634fbb9d50ec646a9","2bomnjjb","","","","spr_word","143","1b_2a","c","12","1b_2a-12","0","baker","1","21","false","","",""
"216","<div class=""spr-display"">The baker mentioned ---- --- ----- ------ ---- --- ----- ----- ------ --------- --- ----------- ------ --- ---- --- --- -------</div>"," ","html-keyboard-response","1303","441337","0.0-1303.0","5d537c0cecc84200153075e9","6a04f72bb0f4a868caeeb473","6a05526634fbb9d50ec646a9","2bomnjjb","","","","spr_word","143","1b_2a","c","12","1b_2a-12","0","mentioned","2","21","false","","",""
"210","<div class=""spr-display"">The baker mentioned that --- ----- ------ ---- --- ----- ----- ------ --------- --- ----------- ------ --- ---- --- --- -------</div>"," ","html-keyboard-response","1304","441548","0.0-1304.0","5d537c0cecc84200153075e9","6a04f72bb0f4a868caeeb473","6a05526634fbb9d50ec646a9","2bomnjjb","","","","spr_word","143","1b_2a","c","12","1b_2a-12","0","that","3","21","false","","",""
"208","<div class=""spr-display"">The baker mentioned that the ----- ------ ---- --- ----- ----- ------ --------- --- ----------- ------ --- ---- --- --- -------</div>"," ","html-keyboard-response","1305","441757","0.0-1305.0","5d537c0cecc84200153075e9","6a04f72bb0f4a868caeeb473","6a05526634fbb9d50ec646a9","2bomnjjb","","","","spr_word","143","1b_2a","c","12","1b_2a-12","0","the","4","21","false","","",""
"211","<div class=""spr-display"">The baker mentioned that the young ------ ---- --- ----- ----- ------ --------- --- ----------- ------ --- ---- --- --- -------</div>"," ","html-keyboard-response","1306","441969","0.0-1306.0","5d537c0cecc84200153075e9","6a04f72bb0f4a868caeeb473","6a05526634fbb9d50ec646a9","2bomnjjb","","","","spr_word","143","1b_2a","c","12","1b_2a-12","0","young","5","21","false","","",""
"215","<div class=""spr-display"">The baker mentioned that the young mother ---- --- ----- ----- ------ --------- --- ----------- ------ --- ---- --- --- -------</div>"," ","html-keyboard-response","1307","442186","0.0-1307.0","5d537c0cecc84200153075e9","6a04f72bb0f4a868caeeb473","6a05526634fbb9d50ec646a9","2bomnjjb","","","","spr_word","143","1b_2a","c","12","1b_2a-12","0","mother","6","21","false","","",""
"221","<div class=""spr-display"">The baker mentioned that the young mother that --- ----- ----- ------ --------- --- ----------- ------ --- ---- --- --- -------</div>"," ","html-keyboard-response","1308","442407","0.0-1308.0","5d537c0cecc84200153075e9","6a04f72bb0f4a868caeeb473","6a05526634fbb9d50ec646a9","2bomnjjb","","","","spr_word","143","1b_2a","c","12","1b_2a-12","0","that","7","21","false","","",""
"202","<div class=""spr-display"">The baker mentioned that the young mother that the ----- ----- ------ --------- --- ----------- ------ --- ---- --- --- -------</div>"," ","html-keyboard-response","1309","442609","0.0-1309.0","5d537c0cecc84200153075e9","6a04f72bb0f4a868caeeb473","6a05526634fbb9d50ec646a9","2bomnjjb","","","","spr_word","143","1b_2a","c","12","1b_2a-12","0","the","8","21","false","","",""
"211","<div class=""spr-display"">The baker mentioned that the young mother that the sweet ----- ------ --------- --- ----------- ------ --- ---- --- --- -------</div>"," ","html-keyboard-response","1310","442821","0.0-1310.0","5d537c0cecc84200153075e9","6a04f72bb0f4a868caeeb473","6a05526634fbb9d50ec646a9","2bomnjjb","","","","spr_word","143","1b_2a","c","12","1b_2a-12","0","sweet","9","21","false","","",""
"216","<div class=""spr-display"">The baker mentioned that the young mother that the sweet child ------ --------- --- ----------- ------ --- ---- --- --- -------</div>"," ","html-keyboard-response","1311","443038","0.0-1311.0","5d537c0cecc84200153075e9","6a04f72bb0f4a868caeeb473","6a05526634fbb9d50ec646a9","2bomnjjb","","","","spr_word","143","1b_2a","c","12","1b_2a-12","0","child","10","21","false","","",""
"218","<div class=""spr-display"">The baker mentioned that the young mother that the sweet child hugged --------- --- ----------- ------ --- ---- --- --- -------</div>"," ","html-keyboard-response","1312","443257","0.0-1312.0","5d537c0cecc84200153075e9","6a04f72bb0f4a868caeeb473","6a05526634fbb9d50ec646a9","2bomnjjb","","","","spr_word","143","1b_2a","c","12","1b_2a-12","0","hugged","11","21","false","","",""
"208","<div class=""spr-display"">The baker mentioned that the young mother that the sweet child hugged hurriedly --- ----------- ------ --- ---- --- --- -------</div>"," ","html-keyboard-response","1313","443466","0.0-1313.0","5d537c0cecc84200153075e9","6a04f72bb0f4a868caeeb473","6a05526634fbb9d50ec646a9","2bomnjjb","","","","spr_word","143","1b_2a","c","12","1b_2a-12","0","hurriedly","12","21","false","","",""
"214","<div class=""spr-display"">The baker mentioned that the young mother that the sweet child hugged hurriedly and ----------- ------ --- ---- --- --- -------</div>"," ","html-keyboard-response","1314","443681","0.0-1314.0","5d537c0cecc84200153075e9","6a04f72bb0f4a868caeeb473","6a05526634fbb9d50ec646a9","2bomnjjb","","","","spr_word","143","1b_2a","c","12","1b_2a-12","0","and","13","21","false","","",""
"220","<div class=""spr-display"">The baker mentioned that the young mother that the sweet child hugged hurriedly and frantically ------ --- ---- --- --- -------</div>"," ","html-keyboard-response","1315","443902","0.0-1315.0","5d537c0cecc84200153075e9","6a04f72bb0f4a868caeeb473","6a05526634fbb9d50ec646a9","2bomnjjb","","","","spr_word","143","1b_2a","c","12","1b_2a-12","0","frantically","14","21","false","","",""
"220","<div class=""spr-display"">The baker mentioned that the young mother that the sweet child hugged hurriedly and frantically bought --- ---- --- --- -------</div>"," ","html-keyboard-response","1316","444123","0.0-1316.0","5d537c0cecc84200153075e9","6a04f72bb0f4a868caeeb473","6a05526634fbb9d50ec646a9","2bomnjjb","","","","spr_word","143","1b_2a","c","12","1b_2a-12","0","bought","15","21","false","","",""
"212","<div class=""spr-display"">The baker mentioned that the young mother that the sweet child hugged hurriedly and frantically bought the ---- --- --- -------</div>"," ","html-keyboard-response","1317","444336","0.0-1317.0","5d537c0cecc84200153075e9","6a04f72bb0f4a868caeeb473","6a05526634fbb9d50ec646a9","2bomnjjb","","","","spr_word","143","1b_2a","c","12","1b_2a-12","0","the","16","21","false","","",""
"211","<div class=""spr-display"">The baker mentioned that the young mother that the sweet child hugged hurriedly and frantically bought the cake --- --- -------</div>"," ","html-keyboard-response","1318","444547","0.0-1318.0","5d537c0cecc84200153075e9","6a04f72bb0f4a868caeeb473","6a05526634fbb9d50ec646a9","2bomnjjb","","","","spr_word","143","1b_2a","c","12","1b_2a-12","0","cake","17","21","false","","",""
"212","<div class=""spr-display"">The baker mentioned that the young mother that the sweet child hugged hurriedly and frantically bought the cake for --- -------</div>"," ","html-keyboard-response","1319","444760","0.0-1319.0","5d537c0cecc84200153075e9","6a04f72bb0f4a868caeeb473","6a05526634fbb9d50ec646a9","2bomnjjb","","","","spr_word","143","1b_2a","c","12","1b_2a-12","0","for","18","21","false","","",""
"205","<div class=""spr-display"">The baker mentioned that the young mother that the sweet child hugged hurriedly and frantically bought the cake for her -------</div>"," ","html-keyboard-response","1320","444966","0.0-1320.0","5d537c0cecc84200153075e9","6a04f72bb0f4a868caeeb473","6a05526634fbb9d50ec646a9","2bomnjjb","","","","spr_word","143","1b_2a","c","12","1b_2a-12","0","her","19","21","false","","",""
"200","<div class=""spr-display"">The baker mentioned that the young mother that the sweet child hugged hurriedly and frantically bought the cake for her sister.</div>"," ","html-keyboard-response","1321","445167","0.0-1321.0","5d537c0cecc84200153075e9","6a04f72bb0f4a868caeeb473","6a05526634fbb9d50ec646a9","2bomnjjb","","","","spr_word","143","1b_2a","c","12","1b_2a-12","0","sister.","20","21","false","","",""
"463","<div class=""comprehension-box"">
                    <p>undefined</p>
                    <p>Press <span class=""key-label"">F</span> for <strong>Yes</strong> &nbsp;|&nbsp;
                    Press <span class=""key-label"">J</span> for <strong>No</strong></p>
                </div>","j","html-keyboard-response","1322","445630","0.0-1322.0","5d537c0cecc84200153075e9","6a04f72bb0f4a868caeeb473","6a05526634fbb9d50ec646a9","2bomnjjb","","","","comprehension","143","1b_2a","c","12","1b_2a-12","0","","","","","","No","false"
"1115","<div class=""comprehension-box"">
                    <p class=""feedback-incorrect"">Incorrect</p>
                    <p style=""font-size:18px;"">The correct answer was <strong>No</strong>.</p>
                    <p style=""margin-top:20px; font-size:16px; color:#555;"">
                    Press <span class=""key-label"">SPACE</span> to continue.
                    </p>
                </div>"," ","html-keyboard-response","1323","446746","0.0-1323.0","5d537c0cecc84200153075e9","6a04f72bb0f4a868caeeb473","6a05526634fbb9d50ec646a9","2bomnjjb","","","","feedback","143","1b_2a","c","12","1b_2a-12","0","","","","","","",""
"null","<span class=""fixation"">+</span>","null","html-keyboard-response","1324","447255","0.0-1324.0","5d537c0cecc84200153075e9","6a04f72bb0f4a868caeeb473","6a05526634fbb9d50ec646a9","2bomnjjb","","","","fixation","125","1b_2a","a","8","1b_2a-8","0","","","","","","",""
"376","<div class=""spr-display"">--- ------- -------- --- --- ------ --------- ---- --- ---- -------- -------- ------------ --- -------- -------- - ------ -----"," ","html-keyboard-response","1325","447632","0.0-1325.0","5d537c0cecc84200153075e9","6a04f72bb0f4a868caeeb473","6a05526634fbb9d50ec646a9","2bomnjjb","","","","prompt","125","1b_2a","a","8","1b_2a-8","0","","","","","","",""
"181","<div class=""spr-display"">The ------- -------- --- --- ------ --------- ---- --- ---- -------- -------- ------------ --- -------- -------- - ------ -----</div>"," ","html-keyboard-response","1326","447814","0.0-1326.0","5d537c0cecc84200153075e9","6a04f72bb0f4a868caeeb473","6a05526634fbb9d50ec646a9","2bomnjjb","","","","spr_word","125","1b_2a","a","8","1b_2a-8","0","The","0","19","false","","",""
"196","<div class=""spr-display"">The mailman -------- --- --- ------ --------- ---- --- ---- -------- -------- ------------ --- -------- -------- - ------ -----</div>"," ","html-keyboard-response","1327","448010","0.0-1327.0","5d537c0cecc84200153075e9","6a04f72bb0f4a868caeeb473","6a05526634fbb9d50ec646a9","2bomnjjb","","","","spr_word","125","1b_2a","a","8","1b_2a-8","0","mailman","1","19","false","","",""
"190","<div class=""spr-display"">The mailman revealed --- --- ------ --------- ---- --- ---- -------- -------- ------------ --- -------- -------- - ------ -----</div>"," ","html-keyboard-response","1328","448201","0.0-1328.0","5d537c0cecc84200153075e9","6a04f72bb0f4a868caeeb473","6a05526634fbb9d50ec646a9","2bomnjjb","","","","spr_word","125","1b_2a","a","8","1b_2a-8","0","revealed","2","19","false","","",""
"187","<div class=""spr-display"">The mailman revealed who --- ------ --------- ---- --- ---- -------- -------- ------------ --- -------- -------- - ------ -----</div>"," ","html-keyboard-response","1329","448389","0.0-1329.0","5d537c0cecc84200153075e9","6a04f72bb0f4a868caeeb473","6a05526634fbb9d50ec646a9","2bomnjjb","","","","spr_word","125","1b_2a","a","8","1b_2a-8","0","who","3","19","false","","",""
"211","<div class=""spr-display"">The mailman revealed who the ------ --------- ---- --- ---- -------- -------- ------------ --- -------- -------- - ------ -----</div>"," ","html-keyboard-response","1330","448601","0.0-1330.0","5d537c0cecc84200153075e9","6a04f72bb0f4a868caeeb473","6a05526634fbb9d50ec646a9","2bomnjjb","","","","spr_word","125","1b_2a","a","8","1b_2a-8","0","the","4","19","false","","",""
"200","<div class=""spr-display"">The mailman revealed who the recent --------- ---- --- ---- -------- -------- ------------ --- -------- -------- - ------ -----</div>"," ","html-keyboard-response","1331","448801","0.0-1331.0","5d537c0cecc84200153075e9","6a04f72bb0f4a868caeeb473","6a05526634fbb9d50ec646a9","2bomnjjb","","","","spr_word","125","1b_2a","a","8","1b_2a-8","0","recent","5","19","false","","",""
"212","<div class=""spr-display"">The mailman revealed who the recent homeowner ---- --- ---- -------- -------- ------------ --- -------- -------- - ------ -----</div>"," ","html-keyboard-response","1332","449014","0.0-1332.0","5d537c0cecc84200153075e9","6a04f72bb0f4a868caeeb473","6a05526634fbb9d50ec646a9","2bomnjjb","","","","spr_word","125","1b_2a","a","8","1b_2a-8","0","homeowner","6","19","false","","",""
"218","<div class=""spr-display"">The mailman revealed who the recent homeowner that --- ---- -------- -------- ------------ --- -------- -------- - ------ -----</div>"," ","html-keyboard-response","1333","449233","0.0-1333.0","5d537c0cecc84200153075e9","6a04f72bb0f4a868caeeb473","6a05526634fbb9d50ec646a9","2bomnjjb","","","","spr_word","125","1b_2a","a","8","1b_2a-8","0","that","7","19","false","","",""
"191","<div class=""spr-display"">The mailman revealed who the recent homeowner that the ---- -------- -------- ------------ --- -------- -------- - ------ -----</div>"," ","html-keyboard-response","1334","449425","0.0-1334.0","5d537c0cecc84200153075e9","6a04f72bb0f4a868caeeb473","6a05526634fbb9d50ec646a9","2bomnjjb","","","","spr_word","125","1b_2a","a","8","1b_2a-8","0","the","8","19","false","","",""
"210","<div class=""spr-display"">The mailman revealed who the recent homeowner that the nosy -------- -------- ------------ --- -------- -------- - ------ -----</div>"," ","html-keyboard-response","1335","449636","0.0-1335.0","5d537c0cecc84200153075e9","6a04f72bb0f4a868caeeb473","6a05526634fbb9d50ec646a9","2bomnjjb","","","","spr_word","125","1b_2a","a","8","1b_2a-8","0","nosy","9","19","false","","",""
"195","<div class=""spr-display"">The mailman revealed who the recent homeowner that the nosy neighbor -------- ------------ --- -------- -------- - ------ -----</div>"," ","html-keyboard-response","1336","449832","0.0-1336.0","5d537c0cecc84200153075e9","6a04f72bb0f4a868caeeb473","6a05526634fbb9d50ec646a9","2bomnjjb","","","","spr_word","125","1b_2a","a","8","1b_2a-8","0","neighbor","10","19","false","","",""
"220","<div class=""spr-display"">The mailman revealed who the recent homeowner that the nosy neighbor followed ------------ --- -------- -------- - ------ -----</div>"," ","html-keyboard-response","1337","450053","0.0-1337.0","5d537c0cecc84200153075e9","6a04f72bb0f4a868caeeb473","6a05526634fbb9d50ec646a9","2bomnjjb","","","","spr_word","125","1b_2a","a","8","1b_2a-8","0","followed","11","19","false","","",""
"203","<div class=""spr-display"">The mailman revealed who the recent homeowner that the nosy neighbor followed suspiciously --- -------- -------- - ------ -----</div>"," ","html-keyboard-response","1338","450256","0.0-1338.0","5d537c0cecc84200153075e9","6a04f72bb0f4a868caeeb473","6a05526634fbb9d50ec646a9","2bomnjjb","","","","spr_word","125","1b_2a","a","8","1b_2a-8","0","suspiciously","12","19","false","","",""
"220","<div class=""spr-display"">The mailman revealed who the recent homeowner that the nosy neighbor followed suspiciously and -------- -------- - ------ -----</div>"," ","html-keyboard-response","1339","450477","0.0-1339.0","5d537c0cecc84200153075e9","6a04f72bb0f4a868caeeb473","6a05526634fbb9d50ec646a9","2bomnjjb","","","","spr_word","125","1b_2a","a","8","1b_2a-8","0","and","13","19","false","","",""
"202","<div class=""spr-display"">The mailman revealed who the recent homeowner that the nosy neighbor followed suspiciously and randomly -------- - ------ -----</div>"," ","html-keyboard-response","1340","450679","0.0-1340.0","5d537c0cecc84200153075e9","6a04f72bb0f4a868caeeb473","6a05526634fbb9d50ec646a9","2bomnjjb","","","","spr_word","125","1b_2a","a","8","1b_2a-8","0","randomly","14","19","false","","",""
"203","<div class=""spr-display"">The mailman revealed who the recent homeowner that the nosy neighbor followed suspiciously and randomly received - ------ -----</div>"," ","html-keyboard-response","1341","450883","0.0-1341.0","5d537c0cecc84200153075e9","6a04f72bb0f4a868caeeb473","6a05526634fbb9d50ec646a9","2bomnjjb","","","","spr_word","125","1b_2a","a","8","1b_2a-8","0","received","15","19","false","","",""
"215","<div class=""spr-display"">The mailman revealed who the recent homeowner that the nosy neighbor followed suspiciously and randomly received a ------ -----</div>"," ","html-keyboard-response","1342","451099","0.0-1342.0","5d537c0cecc84200153075e9","6a04f72bb0f4a868caeeb473","6a05526634fbb9d50ec646a9","2bomnjjb","","","","spr_word","125","1b_2a","a","8","1b_2a-8","0","a","16","19","false","","",""
"203","<div class=""spr-display"">The mailman revealed who the recent homeowner that the nosy neighbor followed suspiciously and randomly received a letter -----</div>"," ","html-keyboard-response","1343","451302","0.0-1343.0","5d537c0cecc84200153075e9","6a04f72bb0f4a868caeeb473","6a05526634fbb9d50ec646a9","2bomnjjb","","","","spr_word","125","1b_2a","a","8","1b_2a-8","0","letter","17","19","false","","",""
"451","<div class=""spr-display"">The mailman revealed who the recent homeowner that the nosy neighbor followed suspiciously and randomly received a letter from.</div>"," ","html-keyboard-response","1344","451755","0.0-1344.0","5d537c0cecc84200153075e9","6a04f72bb0f4a868caeeb473","6a05526634fbb9d50ec646a9","2bomnjjb","","","","spr_word","125","1b_2a","a","8","1b_2a-8","0","from.","18","19","false","","",""
"518","<div class=""comprehension-box"">
                    <p>undefined</p>
                    <p>Press <span class=""key-label"">F</span> for <strong>Yes</strong> &nbsp;|&nbsp;
                    Press <span class=""key-label"">J</span> for <strong>No</strong></p>
                </div>","f","html-keyboard-response","1345","452274","0.0-1345.0","5d537c0cecc84200153075e9","6a04f72bb0f4a868caeeb473","6a05526634fbb9d50ec646a9","2bomnjjb","","","","comprehension","125","1b_2a","a","8","1b_2a-8","0","","","","","","Yes","false"
"748","<div class=""comprehension-box"">
                    <p class=""feedback-incorrect"">Incorrect</p>
                    <p style=""font-size:18px;"">The correct answer was <strong>No</strong>.</p>
                    <p style=""margin-top:20px; font-size:16px; color:#555;"">
                    Press <span class=""key-label"">SPACE</span> to continue.
                    </p>
                </div>"," ","html-keyboard-response","1346","453023","0.0-1346.0","5d537c0cecc84200153075e9","6a04f72bb0f4a868caeeb473","6a05526634fbb9d50ec646a9","2bomnjjb","","","","feedback","125","1b_2a","a","8","1b_2a-8","0","","","","","","",""
"null","<span class=""fixation"">+</span>","null","html-keyboard-response","1347","453524","0.0-1347.0","5d537c0cecc84200153075e9","6a04f72bb0f4a868caeeb473","6a05526634fbb9d50ec646a9","2bomnjjb","","","","fixation","136","1b_2a","d","10","1b_2a-10","0","","","","","","",""
"403","<div class=""spr-display"">--- ------ --------- --- --- -------- ---- ---- --- -------- ------- ----- ---------- --- ---------- ------ --- --------- -- --- -------"," ","html-keyboard-response","1348","453928","0.0-1348.0","5d537c0cecc84200153075e9","6a04f72bb0f4a868caeeb473","6a05526634fbb9d50ec646a9","2bomnjjb","","","","prompt","136","1b_2a","d","10","1b_2a-10","0","","","","","","",""
"202","<div class=""spr-display"">The ------ --------- --- --- -------- ---- ---- --- -------- ------- ----- ---------- --- ---------- ------ --- --------- -- --- -------</div>"," ","html-keyboard-response","1349","454131","0.0-1349.0","5d537c0cecc84200153075e9","6a04f72bb0f4a868caeeb473","6a05526634fbb9d50ec646a9","2bomnjjb","","","","spr_word","136","1b_2a","d","10","1b_2a-10","0","The","0","21","false","","",""
"205","<div class=""spr-display"">The critic --------- --- --- -------- ---- ---- --- -------- ------- ----- ---------- --- ---------- ------ --- --------- -- --- -------</div>"," ","html-keyboard-response","1350","454337","0.0-1350.0","5d537c0cecc84200153075e9","6a04f72bb0f4a868caeeb473","6a05526634fbb9d50ec646a9","2bomnjjb","","","","spr_word","136","1b_2a","d","10","1b_2a-10","0","critic","1","21","false","","",""
"207","<div class=""spr-display"">The critic mentioned --- --- -------- ---- ---- --- -------- ------- ----- ---------- --- ---------- ------ --- --------- -- --- -------</div>"," ","html-keyboard-response","1351","454545","0.0-1351.0","5d537c0cecc84200153075e9","6a04f72bb0f4a868caeeb473","6a05526634fbb9d50ec646a9","2bomnjjb","","","","spr_word","136","1b_2a","d","10","1b_2a-10","0","mentioned","2","21","false","","",""
"195","<div class=""spr-display"">The critic mentioned why --- -------- ---- ---- --- -------- ------- ----- ---------- --- ---------- ------ --- --------- -- --- -------</div>"," ","html-keyboard-response","1352","454740","0.0-1352.0","5d537c0cecc84200153075e9","6a04f72bb0f4a868caeeb473","6a05526634fbb9d50ec646a9","2bomnjjb","","","","spr_word","136","1b_2a","d","10","1b_2a-10","0","why","3","21","false","","",""
"213","<div class=""spr-display"">The critic mentioned why the -------- ---- ---- --- -------- ------- ----- ---------- --- ---------- ------ --- --------- -- --- -------</div>"," ","html-keyboard-response","1353","454954","0.0-1353.0","5d537c0cecc84200153075e9","6a04f72bb0f4a868caeeb473","6a05526634fbb9d50ec646a9","2bomnjjb","","","","spr_word","136","1b_2a","d","10","1b_2a-10","0","the","4","21","false","","",""
"213","<div class=""spr-display"">The critic mentioned why the renowned ---- ---- --- -------- ------- ----- ---------- --- ---------- ------ --- --------- -- --- -------</div>"," ","html-keyboard-response","1354","455168","0.0-1354.0","5d537c0cecc84200153075e9","6a04f72bb0f4a868caeeb473","6a05526634fbb9d50ec646a9","2bomnjjb","","","","spr_word","136","1b_2a","d","10","1b_2a-10","0","renowned","5","21","false","","",""
"207","<div class=""spr-display"">The critic mentioned why the renowned chef ---- --- -------- ------- ----- ---------- --- ---------- ------ --- --------- -- --- -------</div>"," ","html-keyboard-response","1355","455376","0.0-1355.0","5d537c0cecc84200153075e9","6a04f72bb0f4a868caeeb473","6a05526634fbb9d50ec646a9","2bomnjjb","","","","spr_word","136","1b_2a","d","10","1b_2a-10","0","chef","6","21","false","","",""
"220","<div class=""spr-display"">The critic mentioned why the renowned chef that --- -------- ------- ----- ---------- --- ---------- ------ --- --------- -- --- -------</div>"," ","html-keyboard-response","1356","455597","0.0-1356.0","5d537c0cecc84200153075e9","6a04f72bb0f4a868caeeb473","6a05526634fbb9d50ec646a9","2bomnjjb","","","","spr_word","136","1b_2a","d","10","1b_2a-10","0","that","7","21","false","","",""
"201","<div class=""spr-display"">The critic mentioned why the renowned chef that the -------- ------- ----- ---------- --- ---------- ------ --- --------- -- --- -------</div>"," ","html-keyboard-response","1357","455798","0.0-1357.0","5d537c0cecc84200153075e9","6a04f72bb0f4a868caeeb473","6a05526634fbb9d50ec646a9","2bomnjjb","","","","spr_word","136","1b_2a","d","10","1b_2a-10","0","the","8","21","false","","",""
"180","<div class=""spr-display"">The critic mentioned why the renowned chef that the friendly ------- ----- ---------- --- ---------- ------ --- --------- -- --- -------</div>"," ","html-keyboard-response","1358","455980","0.0-1358.0","5d537c0cecc84200153075e9","6a04f72bb0f4a868caeeb473","6a05526634fbb9d50ec646a9","2bomnjjb","","","","spr_word","136","1b_2a","d","10","1b_2a-10","0","friendly","9","21","false","","",""
"201","<div class=""spr-display"">The critic mentioned why the renowned chef that the friendly hostess ----- ---------- --- ---------- ------ --- --------- -- --- -------</div>"," ","html-keyboard-response","1359","456182","0.0-1359.0","5d537c0cecc84200153075e9","6a04f72bb0f4a868caeeb473","6a05526634fbb9d50ec646a9","2bomnjjb","","","","spr_word","136","1b_2a","d","10","1b_2a-10","0","hostess","10","21","false","","",""
"196","<div class=""spr-display"">The critic mentioned why the renowned chef that the friendly hostess liked ---------- --- ---------- ------ --- --------- -- --- -------</div>"," ","html-keyboard-response","1360","456378","0.0-1360.0","5d537c0cecc84200153075e9","6a04f72bb0f4a868caeeb473","6a05526634fbb9d50ec646a9","2bomnjjb","","","","spr_word","136","1b_2a","d","10","1b_2a-10","0","liked","11","21","false","","",""
"211","<div class=""spr-display"">The critic mentioned why the renowned chef that the friendly hostess liked frequently --- ---------- ------ --- --------- -- --- -------</div>"," ","html-keyboard-response","1361","456590","0.0-1361.0","5d537c0cecc84200153075e9","6a04f72bb0f4a868caeeb473","6a05526634fbb9d50ec646a9","2bomnjjb","","","","spr_word","136","1b_2a","d","10","1b_2a-10","0","frequently","12","21","false","","",""
"212","<div class=""spr-display"">The critic mentioned why the renowned chef that the friendly hostess liked frequently and ---------- ------ --- --------- -- --- -------</div>"," ","html-keyboard-response","1362","456802","0.0-1362.0","5d537c0cecc84200153075e9","6a04f72bb0f4a868caeeb473","6a05526634fbb9d50ec646a9","2bomnjjb","","","","spr_word","136","1b_2a","d","10","1b_2a-10","0","and","13","21","false","","",""
"216","<div class=""spr-display"">The critic mentioned why the renowned chef that the friendly hostess liked frequently and cheerfully ------ --- --------- -- --- -------</div>"," ","html-keyboard-response","1363","457019","0.0-1363.0","5d537c0cecc84200153075e9","6a04f72bb0f4a868caeeb473","6a05526634fbb9d50ec646a9","2bomnjjb","","","","spr_word","136","1b_2a","d","10","1b_2a-10","0","cheerfully","14","21","false","","",""
"200","<div class=""spr-display"">The critic mentioned why the renowned chef that the friendly hostess liked frequently and cheerfully served --- --------- -- --- -------</div>"," ","html-keyboard-response","1364","457220","0.0-1364.0","5d537c0cecc84200153075e9","6a04f72bb0f4a868caeeb473","6a05526634fbb9d50ec646a9","2bomnjjb","","","","spr_word","136","1b_2a","d","10","1b_2a-10","0","served","15","21","false","","",""
"200","<div class=""spr-display"">The critic mentioned why the renowned chef that the friendly hostess liked frequently and cheerfully served the --------- -- --- -------</div>"," ","html-keyboard-response","1365","457421","0.0-1365.0","5d537c0cecc84200153075e9","6a04f72bb0f4a868caeeb473","6a05526634fbb9d50ec646a9","2bomnjjb","","","","spr_word","136","1b_2a","d","10","1b_2a-10","0","the","16","21","false","","",""
"217","<div class=""spr-display"">The critic mentioned why the renowned chef that the friendly hostess liked frequently and cheerfully served the appetizer -- --- -------</div>"," ","html-keyboard-response","1366","457639","0.0-1366.0","5d537c0cecc84200153075e9","6a04f72bb0f4a868caeeb473","6a05526634fbb9d50ec646a9","2bomnjjb","","","","spr_word","136","1b_2a","d","10","1b_2a-10","0","appetizer","17","21","false","","",""
"206","<div class=""spr-display"">The critic mentioned why the renowned chef that the friendly hostess liked frequently and cheerfully served the appetizer to --- -------</div>"," ","html-keyboard-response","1367","457846","0.0-1367.0","5d537c0cecc84200153075e9","6a04f72bb0f4a868caeeb473","6a05526634fbb9d50ec646a9","2bomnjjb","","","","spr_word","136","1b_2a","d","10","1b_2a-10","0","to","18","21","false","","",""
"232","<div class=""spr-display"">The critic mentioned why the renowned chef that the friendly hostess liked frequently and cheerfully served the appetizer to the -------</div>"," ","html-keyboard-response","1368","458079","0.0-1368.0","5d537c0cecc84200153075e9","6a04f72bb0f4a868caeeb473","6a05526634fbb9d50ec646a9","2bomnjjb","","","","spr_word","136","1b_2a","d","10","1b_2a-10","0","the","19","21","false","","",""
"587","<div class=""spr-display"">The critic mentioned why the renowned chef that the friendly hostess liked frequently and cheerfully served the appetizer to the patron.</div>"," ","html-keyboard-response","1369","458667","0.0-1369.0","5d537c0cecc84200153075e9","6a04f72bb0f4a868caeeb473","6a05526634fbb9d50ec646a9","2bomnjjb","","","","spr_word","136","1b_2a","d","10","1b_2a-10","0","patron.","20","21","false","","",""
"1511","<div class=""comprehension-box"">
                    <p>undefined</p>
                    <p>Press <span class=""key-label"">F</span> for <strong>Yes</strong> &nbsp;|&nbsp;
                    Press <span class=""key-label"">J</span> for <strong>No</strong></p>
                </div>","j","html-keyboard-response","1370","460179","0.0-1370.0","5d537c0cecc84200153075e9","6a04f72bb0f4a868caeeb473","6a05526634fbb9d50ec646a9","2bomnjjb","","","","comprehension","136","1b_2a","d","10","1b_2a-10","0","","","","","","No","false"
"986","<div class=""comprehension-box"">
                    <p class=""feedback-incorrect"">Incorrect</p>
                    <p style=""font-size:18px;"">The correct answer was <strong>No</strong>.</p>
                    <p style=""margin-top:20px; font-size:16px; color:#555;"">
                    Press <span class=""key-label"">SPACE</span> to continue.
                    </p>
                </div>"," ","html-keyboard-response","1371","461165","0.0-1371.0","5d537c0cecc84200153075e9","6a04f72bb0f4a868caeeb473","6a05526634fbb9d50ec646a9","2bomnjjb","","","","feedback","136","1b_2a","d","10","1b_2a-10","0","","","","","","",""
"null","<span class=""fixation"">+</span>","null","html-keyboard-response","1372","461677","0.0-1372.0","5d537c0cecc84200153075e9","6a04f72bb0f4a868caeeb473","6a05526634fbb9d50ec646a9","2bomnjjb","","","","fixation","118","1b_2a","b","6","1b_2a-6","0","","","","","","",""
"162196","<div class=""spr-display"">--- ----- ---------- --- --- ---- ------ ---- --- --- ------- ---------- ---------- --- ---------- ------ - ----- --- --- ------"," ","html-keyboard-response","1373","623874","0.0-1373.0","5d537c0cecc84200153075e9","6a04f72bb0f4a868caeeb473","6a05526634fbb9d50ec646a9","2bomnjjb","","","","prompt","118","1b_2a","b","6","1b_2a-6","0","","","","","","",""
"250","<div class=""spr-display"">The ----- ---------- --- --- ---- ------ ---- --- --- ------- ---------- ---------- --- ---------- ------ - ----- --- --- ------</div>"," ","html-keyboard-response","1374","624125","0.0-1374.0","5d537c0cecc84200153075e9","6a04f72bb0f4a868caeeb473","6a05526634fbb9d50ec646a9","2bomnjjb","","","","spr_word","118","1b_2a","b","6","1b_2a-6","0","The","0","21","false","","",""
"183","<div class=""spr-display"">The clerk ---------- --- --- ---- ------ ---- --- --- ------- ---------- ---------- --- ---------- ------ - ----- --- --- ------</div>"," ","html-keyboard-response","1375","624308","0.0-1375.0","5d537c0cecc84200153075e9","6a04f72bb0f4a868caeeb473","6a05526634fbb9d50ec646a9","2bomnjjb","","","","spr_word","118","1b_2a","b","6","1b_2a-6","0","clerk","1","21","false","","",""
"165","<div class=""spr-display"">The clerk remembered --- --- ---- ------ ---- --- --- ------- ---------- ---------- --- ---------- ------ - ----- --- --- ------</div>"," ","html-keyboard-response","1376","624474","0.0-1376.0","5d537c0cecc84200153075e9","6a04f72bb0f4a868caeeb473","6a05526634fbb9d50ec646a9","2bomnjjb","","","","spr_word","118","1b_2a","b","6","1b_2a-6","0","remembered","2","21","false","","",""
"169","<div class=""spr-display"">The clerk remembered how --- ---- ------ ---- --- --- ------- ---------- ---------- --- ---------- ------ - ----- --- --- ------</div>"," ","html-keyboard-response","1377","624643","0.0-1377.0","5d537c0cecc84200153075e9","6a04f72bb0f4a868caeeb473","6a05526634fbb9d50ec646a9","2bomnjjb","","","","spr_word","118","1b_2a","b","6","1b_2a-6","0","how","3","21","false","","",""
"165","<div class=""spr-display"">The clerk remembered how the ---- ------ ---- --- --- ------- ---------- ---------- --- ---------- ------ - ----- --- --- ------</div>"," ","html-keyboard-response","1378","624808","0.0-1378.0","5d537c0cecc84200153075e9","6a04f72bb0f4a868caeeb473","6a05526634fbb9d50ec646a9","2bomnjjb","","","","spr_word","118","1b_2a","b","6","1b_2a-6","0","the","4","21","false","","",""
"163","<div class=""spr-display"">The clerk remembered how the rich ------ ---- --- --- ------- ---------- ---------- --- ---------- ------ - ----- --- --- ------</div>"," ","html-keyboard-response","1379","624972","0.0-1379.0","5d537c0cecc84200153075e9","6a04f72bb0f4a868caeeb473","6a05526634fbb9d50ec646a9","2bomnjjb","","","","spr_word","118","1b_2a","b","6","1b_2a-6","0","rich","5","21","false","","",""
"158","<div class=""spr-display"">The clerk remembered how the rich banker ---- --- --- ------- ---------- ---------- --- ---------- ------ - ----- --- --- ------</div>"," ","html-keyboard-response","1380","625131","0.0-1380.0","5d537c0cecc84200153075e9","6a04f72bb0f4a868caeeb473","6a05526634fbb9d50ec646a9","2bomnjjb","","","","spr_word","118","1b_2a","b","6","1b_2a-6","0","banker","6","21","false","","",""
"172","<div class=""spr-display"">The clerk remembered how the rich banker that --- --- ------- ---------- ---------- --- ---------- ------ - ----- --- --- ------</div>"," ","html-keyboard-response","1381","625303","0.0-1381.0","5d537c0cecc84200153075e9","6a04f72bb0f4a868caeeb473","6a05526634fbb9d50ec646a9","2bomnjjb","","","","spr_word","118","1b_2a","b","6","1b_2a-6","0","that","7","21","false","","",""
"160","<div class=""spr-display"">The clerk remembered how the rich banker that the --- ------- ---------- ---------- --- ---------- ------ - ----- --- --- ------</div>"," ","html-keyboard-response","1382","625464","0.0-1382.0","5d537c0cecc84200153075e9","6a04f72bb0f4a868caeeb473","6a05526634fbb9d50ec646a9","2bomnjjb","","","","spr_word","118","1b_2a","b","6","1b_2a-6","0","the","8","21","false","","",""
"165","<div class=""spr-display"">The clerk remembered how the rich banker that the new ------- ---------- ---------- --- ---------- ------ - ----- --- --- ------</div>"," ","html-keyboard-response","1383","625629","0.0-1383.0","5d537c0cecc84200153075e9","6a04f72bb0f4a868caeeb473","6a05526634fbb9d50ec646a9","2bomnjjb","","","","spr_word","118","1b_2a","b","6","1b_2a-6","0","new","9","21","false","","",""
"165","<div class=""spr-display"">The clerk remembered how the rich banker that the new manager ---------- ---------- --- ---------- ------ - ----- --- --- ------</div>"," ","html-keyboard-response","1384","625795","0.0-1384.0","5d537c0cecc84200153075e9","6a04f72bb0f4a868caeeb473","6a05526634fbb9d50ec646a9","2bomnjjb","","","","spr_word","118","1b_2a","b","6","1b_2a-6","0","manager","10","21","false","","",""
"171","<div class=""spr-display"">The clerk remembered how the rich banker that the new manager distrusted ---------- --- ---------- ------ - ----- --- --- ------</div>"," ","html-keyboard-response","1385","625967","0.0-1385.0","5d537c0cecc84200153075e9","6a04f72bb0f4a868caeeb473","6a05526634fbb9d50ec646a9","2bomnjjb","","","","spr_word","118","1b_2a","b","6","1b_2a-6","0","distrusted","11","21","false","","",""
"173","<div class=""spr-display"">The clerk remembered how the rich banker that the new manager distrusted cautiously --- ---------- ------ - ----- --- --- ------</div>"," ","html-keyboard-response","1386","626141","0.0-1386.0","5d537c0cecc84200153075e9","6a04f72bb0f4a868caeeb473","6a05526634fbb9d50ec646a9","2bomnjjb","","","","spr_word","118","1b_2a","b","6","1b_2a-6","0","cautiously","12","21","false","","",""
"168","<div class=""spr-display"">The clerk remembered how the rich banker that the new manager distrusted cautiously and ---------- ------ - ----- --- --- ------</div>"," ","html-keyboard-response","1387","626310","0.0-1387.0","5d537c0cecc84200153075e9","6a04f72bb0f4a868caeeb473","6a05526634fbb9d50ec646a9","2bomnjjb","","","","spr_word","118","1b_2a","b","6","1b_2a-6","0","and","13","21","false","","",""
"180","<div class=""spr-display"">The clerk remembered how the rich banker that the new manager distrusted cautiously and wrongfully ------ - ----- --- --- ------</div>"," ","html-keyboard-response","1388","626491","0.0-1388.0","5d537c0cecc84200153075e9","6a04f72bb0f4a868caeeb473","6a05526634fbb9d50ec646a9","2bomnjjb","","","","spr_word","118","1b_2a","b","6","1b_2a-6","0","wrongfully","14","21","false","","",""
"161","<div class=""spr-display"">The clerk remembered how the rich banker that the new manager distrusted cautiously and wrongfully cashed - ----- --- --- ------</div>"," ","html-keyboard-response","1389","626653","0.0-1389.0","5d537c0cecc84200153075e9","6a04f72bb0f4a868caeeb473","6a05526634fbb9d50ec646a9","2bomnjjb","","","","spr_word","118","1b_2a","b","6","1b_2a-6","0","cashed","15","21","false","","",""
"171","<div class=""spr-display"">The clerk remembered how the rich banker that the new manager distrusted cautiously and wrongfully cashed a ----- --- --- ------</div>"," ","html-keyboard-response","1390","626825","0.0-1390.0","5d537c0cecc84200153075e9","6a04f72bb0f4a868caeeb473","6a05526634fbb9d50ec646a9","2bomnjjb","","","","spr_word","118","1b_2a","b","6","1b_2a-6","0","a","16","21","false","","",""
"185","<div class=""spr-display"">The clerk remembered how the rich banker that the new manager distrusted cautiously and wrongfully cashed a check --- --- ------</div>"," ","html-keyboard-response","1391","627010","0.0-1391.0","5d537c0cecc84200153075e9","6a04f72bb0f4a868caeeb473","6a05526634fbb9d50ec646a9","2bomnjjb","","","","spr_word","118","1b_2a","b","6","1b_2a-6","0","check","17","21","false","","",""
"174","<div class=""spr-display"">The clerk remembered how the rich banker that the new manager distrusted cautiously and wrongfully cashed a check for --- ------</div>"," ","html-keyboard-response","1392","627185","0.0-1392.0","5d537c0cecc84200153075e9","6a04f72bb0f4a868caeeb473","6a05526634fbb9d50ec646a9","2bomnjjb","","","","spr_word","118","1b_2a","b","6","1b_2a-6","0","for","18","21","false","","",""
"168","<div class=""spr-display"">The clerk remembered how the rich banker that the new manager distrusted cautiously and wrongfully cashed a check for the ------</div>"," ","html-keyboard-response","1393","627354","0.0-1393.0","5d537c0cecc84200153075e9","6a04f72bb0f4a868caeeb473","6a05526634fbb9d50ec646a9","2bomnjjb","","","","spr_word","118","1b_2a","b","6","1b_2a-6","0","the","19","21","false","","",""
"174","<div class=""spr-display"">The clerk remembered how the rich banker that the new manager distrusted cautiously and wrongfully cashed a check for the agent.</div>"," ","html-keyboard-response","1394","627528","0.0-1394.0","5d537c0cecc84200153075e9","6a04f72bb0f4a868caeeb473","6a05526634fbb9d50ec646a9","2bomnjjb","","","","spr_word","118","1b_2a","b","6","1b_2a-6","0","agent.","20","21","false","","",""
"1193","<div class=""comprehension-box"">
                    <p>undefined</p>
                    <p>Press <span class=""key-label"">F</span> for <strong>Yes</strong> &nbsp;|&nbsp;
                    Press <span class=""key-label"">J</span> for <strong>No</strong></p>
                </div>","f","html-keyboard-response","1395","628722","0.0-1395.0","5d537c0cecc84200153075e9","6a04f72bb0f4a868caeeb473","6a05526634fbb9d50ec646a9","2bomnjjb","","","","comprehension","118","1b_2a","b","6","1b_2a-6","0","","","","","","Yes","false"
"2311","<div class=""comprehension-box"">
                    <p class=""feedback-incorrect"">Incorrect</p>
                    <p style=""font-size:18px;"">The correct answer was <strong>No</strong>.</p>
                    <p style=""margin-top:20px; font-size:16px; color:#555;"">
                    Press <span class=""key-label"">SPACE</span> to continue.
                    </p>
                </div>"," ","html-keyboard-response","1396","631034","0.0-1396.0","5d537c0cecc84200153075e9","6a04f72bb0f4a868caeeb473","6a05526634fbb9d50ec646a9","2bomnjjb","","","","feedback","118","1b_2a","b","6","1b_2a-6","0","","","","","","",""
"null","<span class=""fixation"">+</span>","null","html-keyboard-response","1397","631535","0.0-1397.0","5d537c0cecc84200153075e9","6a04f72bb0f4a868caeeb473","6a05526634fbb9d50ec646a9","2bomnjjb","","","","fixation","98","1b_2a","b","1","1b_2a-1","0","","","","","","",""
"570","<div class=""spr-display"">--- ---- ------- --- --- -------- ------- ---- --- --------- ---- -------- ---------- --- ------- ---- --- ----- -- --- --------"," ","html-keyboard-response","1398","632106","0.0-1398.0","5d537c0cecc84200153075e9","6a04f72bb0f4a868caeeb473","6a05526634fbb9d50ec646a9","2bomnjjb","","","","prompt","98","1b_2a","b","1","1b_2a-1","0","","","","","","",""
"200","<div class=""spr-display"">The ---- ------- --- --- -------- ------- ---- --- --------- ---- -------- ---------- --- ------- ---- --- ----- -- --- --------</div>"," ","html-keyboard-response","1399","632306","0.0-1399.0","5d537c0cecc84200153075e9","6a04f72bb0f4a868caeeb473","6a05526634fbb9d50ec646a9","2bomnjjb","","","","spr_word","98","1b_2a","b","1","1b_2a-1","0","The","0","21","false","","",""
"186","<div class=""spr-display"">The aide ------- --- --- -------- ------- ---- --- --------- ---- -------- ---------- --- ------- ---- --- ----- -- --- --------</div>"," ","html-keyboard-response","1400","632493","0.0-1400.0","5d537c0cecc84200153075e9","6a04f72bb0f4a868caeeb473","6a05526634fbb9d50ec646a9","2bomnjjb","","","","spr_word","98","1b_2a","b","1","1b_2a-1","0","aide","1","21","false","","",""
"154","<div class=""spr-display"">The aide noticed --- --- -------- ------- ---- --- --------- ---- -------- ---------- --- ------- ---- --- ----- -- --- --------</div>"," ","html-keyboard-response","1401","632649","0.0-1401.0","5d537c0cecc84200153075e9","6a04f72bb0f4a868caeeb473","6a05526634fbb9d50ec646a9","2bomnjjb","","","","spr_word","98","1b_2a","b","1","1b_2a-1","0","noticed","2","21","false","","",""
"185","<div class=""spr-display"">The aide noticed how --- -------- ------- ---- --- --------- ---- -------- ---------- --- ------- ---- --- ----- -- --- --------</div>"," ","html-keyboard-response","1402","632835","0.0-1402.0","5d537c0cecc84200153075e9","6a04f72bb0f4a868caeeb473","6a05526634fbb9d50ec646a9","2bomnjjb","","","","spr_word","98","1b_2a","b","1","1b_2a-1","0","how","3","21","false","","",""
"177","<div class=""spr-display"">The aide noticed how the -------- ------- ---- --- --------- ---- -------- ---------- --- ------- ---- --- ----- -- --- --------</div>"," ","html-keyboard-response","1403","633013","0.0-1403.0","5d537c0cecc84200153075e9","6a04f72bb0f4a868caeeb473","6a05526634fbb9d50ec646a9","2bomnjjb","","","","spr_word","98","1b_2a","b","1","1b_2a-1","0","the","4","21","false","","",""
"181","<div class=""spr-display"">The aide noticed how the generous ------- ---- --- --------- ---- -------- ---------- --- ------- ---- --- ----- -- --- --------</div>"," ","html-keyboard-response","1404","633195","0.0-1404.0","5d537c0cecc84200153075e9","6a04f72bb0f4a868caeeb473","6a05526634fbb9d50ec646a9","2bomnjjb","","","","spr_word","98","1b_2a","b","1","1b_2a-1","0","generous","5","21","false","","",""
"170","<div class=""spr-display"">The aide noticed how the generous teacher ---- --- --------- ---- -------- ---------- --- ------- ---- --- ----- -- --- --------</div>"," ","html-keyboard-response","1405","633365","0.0-1405.0","5d537c0cecc84200153075e9","6a04f72bb0f4a868caeeb473","6a05526634fbb9d50ec646a9","2bomnjjb","","","","spr_word","98","1b_2a","b","1","1b_2a-1","0","teacher","6","21","false","","",""
"197","<div class=""spr-display"">The aide noticed how the generous teacher that --- --------- ---- -------- ---------- --- ------- ---- --- ----- -- --- --------</div>"," ","html-keyboard-response","1406","633563","0.0-1406.0","5d537c0cecc84200153075e9","6a04f72bb0f4a868caeeb473","6a05526634fbb9d50ec646a9","2bomnjjb","","","","spr_word","98","1b_2a","b","1","1b_2a-1","0","that","7","21","false","","",""
"180","<div class=""spr-display"">The aide noticed how the generous teacher that the --------- ---- -------- ---------- --- ------- ---- --- ----- -- --- --------</div>"," ","html-keyboard-response","1407","633744","0.0-1407.0","5d537c0cecc84200153075e9","6a04f72bb0f4a868caeeb473","6a05526634fbb9d50ec646a9","2bomnjjb","","","","spr_word","98","1b_2a","b","1","1b_2a-1","0","the","8","21","false","","",""
"177","<div class=""spr-display"">The aide noticed how the generous teacher that the exemplary ---- -------- ---------- --- ------- ---- --- ----- -- --- --------</div>"," ","html-keyboard-response","1408","633922","0.0-1408.0","5d537c0cecc84200153075e9","6a04f72bb0f4a868caeeb473","6a05526634fbb9d50ec646a9","2bomnjjb","","","","spr_word","98","1b_2a","b","1","1b_2a-1","0","exemplary","9","21","false","","",""
"179","<div class=""spr-display"">The aide noticed how the generous teacher that the exemplary dean -------- ---------- --- ------- ---- --- ----- -- --- --------</div>"," ","html-keyboard-response","1409","634102","0.0-1409.0","5d537c0cecc84200153075e9","6a04f72bb0f4a868caeeb473","6a05526634fbb9d50ec646a9","2bomnjjb","","","","spr_word","98","1b_2a","b","1","1b_2a-1","0","dean","10","21","false","","",""
"185","<div class=""spr-display"">The aide noticed how the generous teacher that the exemplary dean employed ---------- --- ------- ---- --- ----- -- --- --------</div>"," ","html-keyboard-response","1410","634288","0.0-1410.0","5d537c0cecc84200153075e9","6a04f72bb0f4a868caeeb473","6a05526634fbb9d50ec646a9","2bomnjjb","","","","spr_word","98","1b_2a","b","1","1b_2a-1","0","employed","11","21","false","","",""
"179","<div class=""spr-display"">The aide noticed how the generous teacher that the exemplary dean employed graciously --- ------- ---- --- ----- -- --- --------</div>"," ","html-keyboard-response","1411","634468","0.0-1411.0","5d537c0cecc84200153075e9","6a04f72bb0f4a868caeeb473","6a05526634fbb9d50ec646a9","2bomnjjb","","","","spr_word","98","1b_2a","b","1","1b_2a-1","0","graciously","12","21","false","","",""
"192","<div class=""spr-display"">The aide noticed how the generous teacher that the exemplary dean employed graciously and ------- ---- --- ----- -- --- --------</div>"," ","html-keyboard-response","1412","634661","0.0-1412.0","5d537c0cecc84200153075e9","6a04f72bb0f4a868caeeb473","6a05526634fbb9d50ec646a9","2bomnjjb","","","","spr_word","98","1b_2a","b","1","1b_2a-1","0","and","13","21","false","","",""
"198","<div class=""spr-display"">The aide noticed how the generous teacher that the exemplary dean employed graciously and happily ---- --- ----- -- --- --------</div>"," ","html-keyboard-response","1413","634860","0.0-1413.0","5d537c0cecc84200153075e9","6a04f72bb0f4a868caeeb473","6a05526634fbb9d50ec646a9","2bomnjjb","","","","spr_word","98","1b_2a","b","1","1b_2a-1","0","happily","14","21","false","","",""
"183","<div class=""spr-display"">The aide noticed how the generous teacher that the exemplary dean employed graciously and happily gave --- ----- -- --- --------</div>"," ","html-keyboard-response","1414","635044","0.0-1414.0","5d537c0cecc84200153075e9","6a04f72bb0f4a868caeeb473","6a05526634fbb9d50ec646a9","2bomnjjb","","","","spr_word","98","1b_2a","b","1","1b_2a-1","0","gave","15","21","false","","",""
"178","<div class=""spr-display"">The aide noticed how the generous teacher that the exemplary dean employed graciously and happily gave the ----- -- --- --------</div>"," ","html-keyboard-response","1415","635223","0.0-1415.0","5d537c0cecc84200153075e9","6a04f72bb0f4a868caeeb473","6a05526634fbb9d50ec646a9","2bomnjjb","","","","spr_word","98","1b_2a","b","1","1b_2a-1","0","the","16","21","false","","",""
"198","<div class=""spr-display"">The aide noticed how the generous teacher that the exemplary dean employed graciously and happily gave the prize -- --- --------</div>"," ","html-keyboard-response","1416","635422","0.0-1416.0","5d537c0cecc84200153075e9","6a04f72bb0f4a868caeeb473","6a05526634fbb9d50ec646a9","2bomnjjb","","","","spr_word","98","1b_2a","b","1","1b_2a-1","0","prize","17","21","false","","",""
"179","<div class=""spr-display"">The aide noticed how the generous teacher that the exemplary dean employed graciously and happily gave the prize to --- --------</div>"," ","html-keyboard-response","1417","635602","0.0-1417.0","5d537c0cecc84200153075e9","6a04f72bb0f4a868caeeb473","6a05526634fbb9d50ec646a9","2bomnjjb","","","","spr_word","98","1b_2a","b","1","1b_2a-1","0","to","18","21","false","","",""
"202","<div class=""spr-display"">The aide noticed how the generous teacher that the exemplary dean employed graciously and happily gave the prize to the --------</div>"," ","html-keyboard-response","1418","635804","0.0-1418.0","5d537c0cecc84200153075e9","6a04f72bb0f4a868caeeb473","6a05526634fbb9d50ec646a9","2bomnjjb","","","","spr_word","98","1b_2a","b","1","1b_2a-1","0","the","19","21","false","","",""
"863","<div class=""spr-display"">The aide noticed how the generous teacher that the exemplary dean employed graciously and happily gave the prize to the student.</div>"," ","html-keyboard-response","1419","636668","0.0-1419.0","5d537c0cecc84200153075e9","6a04f72bb0f4a868caeeb473","6a05526634fbb9d50ec646a9","2bomnjjb","","","","spr_word","98","1b_2a","b","1","1b_2a-1","0","student.","20","21","false","","",""
"1426","<div class=""comprehension-box"">
                    <p>undefined</p>
                    <p>Press <span class=""key-label"">F</span> for <strong>Yes</strong> &nbsp;|&nbsp;
                    Press <span class=""key-label"">J</span> for <strong>No</strong></p>
                </div>","j","html-keyboard-response","1420","638094","0.0-1420.0","5d537c0cecc84200153075e9","6a04f72bb0f4a868caeeb473","6a05526634fbb9d50ec646a9","2bomnjjb","","","","comprehension","98","1b_2a","b","1","1b_2a-1","0","","","","","","No","false"
"1531","<div class=""comprehension-box"">
                    <p class=""feedback-incorrect"">Incorrect</p>
                    <p style=""font-size:18px;"">The correct answer was <strong>No</strong>.</p>
                    <p style=""margin-top:20px; font-size:16px; color:#555;"">
                    Press <span class=""key-label"">SPACE</span> to continue.
                    </p>
                </div>"," ","html-keyboard-response","1421","639626","0.0-1421.0","5d537c0cecc84200153075e9","6a04f72bb0f4a868caeeb473","6a05526634fbb9d50ec646a9","2bomnjjb","","","","feedback","98","1b_2a","b","1","1b_2a-1","0","","","","","","",""
"null","<span class=""fixation"">+</span>","null","html-keyboard-response","1422","640138","0.0-1422.0","5d537c0cecc84200153075e9","6a04f72bb0f4a868caeeb473","6a05526634fbb9d50ec646a9","2bomnjjb","","","","fixation","123","1b_2a","c","7","1b_2a-7","0","","","","","","",""
"396","<div class=""spr-display"">--- ------ -------- ---- --- ---- -------- ---- --- -------- ---- ----- ------- --- --------- ------ --- ---- -- --- -------"," ","html-keyboard-response","1423","640535","0.0-1423.0","5d537c0cecc84200153075e9","6a04f72bb0f4a868caeeb473","6a05526634fbb9d50ec646a9","2bomnjjb","","","","prompt","123","1b_2a","c","7","1b_2a-7","0","","","","","","",""
"202","<div class=""spr-display"">The ------ -------- ---- --- ---- -------- ---- --- -------- ---- ----- ------- --- --------- ------ --- ---- -- --- -------</div>"," ","html-keyboard-response","1424","640737","0.0-1424.0","5d537c0cecc84200153075e9","6a04f72bb0f4a868caeeb473","6a05526634fbb9d50ec646a9","2bomnjjb","","","","spr_word","123","1b_2a","c","7","1b_2a-7","0","The","0","21","false","","",""
"173","<div class=""spr-display"">The busboy -------- ---- --- ---- -------- ---- --- -------- ---- ----- ------- --- --------- ------ --- ---- -- --- -------</div>"," ","html-keyboard-response","1425","640912","0.0-1425.0","5d537c0cecc84200153075e9","6a04f72bb0f4a868caeeb473","6a05526634fbb9d50ec646a9","2bomnjjb","","","","spr_word","123","1b_2a","c","7","1b_2a-7","0","busboy","1","21","false","","",""
"181","<div class=""spr-display"">The busboy revealed ---- --- ---- -------- ---- --- -------- ---- ----- ------- --- --------- ------ --- ---- -- --- -------</div>"," ","html-keyboard-response","1426","641094","0.0-1426.0","5d537c0cecc84200153075e9","6a04f72bb0f4a868caeeb473","6a05526634fbb9d50ec646a9","2bomnjjb","","","","spr_word","123","1b_2a","c","7","1b_2a-7","0","revealed","2","21","false","","",""
"181","<div class=""spr-display"">The busboy revealed that --- ---- -------- ---- --- -------- ---- ----- ------- --- --------- ------ --- ---- -- --- -------</div>"," ","html-keyboard-response","1427","641275","0.0-1427.0","5d537c0cecc84200153075e9","6a04f72bb0f4a868caeeb473","6a05526634fbb9d50ec646a9","2bomnjjb","","","","spr_word","123","1b_2a","c","7","1b_2a-7","0","that","3","21","false","","",""
"179","<div class=""spr-display"">The busboy revealed that the ---- -------- ---- --- -------- ---- ----- ------- --- --------- ------ --- ---- -- --- -------</div>"," ","html-keyboard-response","1428","641456","0.0-1428.0","5d537c0cecc84200153075e9","6a04f72bb0f4a868caeeb473","6a05526634fbb9d50ec646a9","2bomnjjb","","","","spr_word","123","1b_2a","c","7","1b_2a-7","0","the","4","21","false","","",""
"171","<div class=""spr-display"">The busboy revealed that the busy -------- ---- --- -------- ---- ----- ------- --- --------- ------ --- ---- -- --- -------</div>"," ","html-keyboard-response","1429","641628","0.0-1429.0","5d537c0cecc84200153075e9","6a04f72bb0f4a868caeeb473","6a05526634fbb9d50ec646a9","2bomnjjb","","","","spr_word","123","1b_2a","c","7","1b_2a-7","0","busy","5","21","false","","",""
"183","<div class=""spr-display"">The busboy revealed that the busy waitress ---- --- -------- ---- ----- ------- --- --------- ------ --- ---- -- --- -------</div>"," ","html-keyboard-response","1430","641811","0.0-1430.0","5d537c0cecc84200153075e9","6a04f72bb0f4a868caeeb473","6a05526634fbb9d50ec646a9","2bomnjjb","","","","spr_word","123","1b_2a","c","7","1b_2a-7","0","waitress","6","21","false","","",""
"153","<div class=""spr-display"">The busboy revealed that the busy waitress that --- -------- ---- ----- ------- --- --------- ------ --- ---- -- --- -------</div>"," ","html-keyboard-response","1431","641965","0.0-1431.0","5d537c0cecc84200153075e9","6a04f72bb0f4a868caeeb473","6a05526634fbb9d50ec646a9","2bomnjjb","","","","spr_word","123","1b_2a","c","7","1b_2a-7","0","that","7","21","false","","",""
"206","<div class=""spr-display"">The busboy revealed that the busy waitress that the -------- ---- ----- ------- --- --------- ------ --- ---- -- --- -------</div>"," ","html-keyboard-response","1432","642172","0.0-1432.0","5d537c0cecc84200153075e9","6a04f72bb0f4a868caeeb473","6a05526634fbb9d50ec646a9","2bomnjjb","","","","spr_word","123","1b_2a","c","7","1b_2a-7","0","the","8","21","false","","",""
"200","<div class=""spr-display"">The busboy revealed that the busy waitress that the talented ---- ----- ------- --- --------- ------ --- ---- -- --- -------</div>"," ","html-keyboard-response","1433","642373","0.0-1433.0","5d537c0cecc84200153075e9","6a04f72bb0f4a868caeeb473","6a05526634fbb9d50ec646a9","2bomnjjb","","","","spr_word","123","1b_2a","c","7","1b_2a-7","0","talented","9","21","false","","",""
"191","<div class=""spr-display"">The busboy revealed that the busy waitress that the talented cook ----- ------- --- --------- ------ --- ---- -- --- -------</div>"," ","html-keyboard-response","1434","642565","0.0-1434.0","5d537c0cecc84200153075e9","6a04f72bb0f4a868caeeb473","6a05526634fbb9d50ec646a9","2bomnjjb","","","","spr_word","123","1b_2a","c","7","1b_2a-7","0","cook","10","21","false","","",""
"182","<div class=""spr-display"">The busboy revealed that the busy waitress that the talented cook hated ------- --- --------- ------ --- ---- -- --- -------</div>"," ","html-keyboard-response","1435","642748","0.0-1435.0","5d537c0cecc84200153075e9","6a04f72bb0f4a868caeeb473","6a05526634fbb9d50ec646a9","2bomnjjb","","","","spr_word","123","1b_2a","c","7","1b_2a-7","0","hated","11","21","false","","",""
"191","<div class=""spr-display"">The busboy revealed that the busy waitress that the talented cook hated happily --- --------- ------ --- ---- -- --- -------</div>"," ","html-keyboard-response","1436","642939","0.0-1436.0","5d537c0cecc84200153075e9","6a04f72bb0f4a868caeeb473","6a05526634fbb9d50ec646a9","2bomnjjb","","","","spr_word","123","1b_2a","c","7","1b_2a-7","0","happily","12","21","false","","",""
"183","<div class=""spr-display"">The busboy revealed that the busy waitress that the talented cook hated happily and --------- ------ --- ---- -- --- -------</div>"," ","html-keyboard-response","1437","643123","0.0-1437.0","5d537c0cecc84200153075e9","6a04f72bb0f4a868caeeb473","6a05526634fbb9d50ec646a9","2bomnjjb","","","","spr_word","123","1b_2a","c","7","1b_2a-7","0","and","13","21","false","","",""
"198","<div class=""spr-display"">The busboy revealed that the busy waitress that the talented cook hated happily and leisurely ------ --- ---- -- --- -------</div>"," ","html-keyboard-response","1438","643322","0.0-1438.0","5d537c0cecc84200153075e9","6a04f72bb0f4a868caeeb473","6a05526634fbb9d50ec646a9","2bomnjjb","","","","spr_word","123","1b_2a","c","7","1b_2a-7","0","leisurely","14","21","false","","",""
"190","<div class=""spr-display"">The busboy revealed that the busy waitress that the talented cook hated happily and leisurely served --- ---- -- --- -------</div>"," ","html-keyboard-response","1439","643512","0.0-1439.0","5d537c0cecc84200153075e9","6a04f72bb0f4a868caeeb473","6a05526634fbb9d50ec646a9","2bomnjjb","","","","spr_word","123","1b_2a","c","7","1b_2a-7","0","served","15","21","false","","",""
"202","<div class=""spr-display"">The busboy revealed that the busy waitress that the talented cook hated happily and leisurely served the ---- -- --- -------</div>"," ","html-keyboard-response","1440","643715","0.0-1440.0","5d537c0cecc84200153075e9","6a04f72bb0f4a868caeeb473","6a05526634fbb9d50ec646a9","2bomnjjb","","","","spr_word","123","1b_2a","c","7","1b_2a-7","0","the","16","21","false","","",""
"184","<div class=""spr-display"">The busboy revealed that the busy waitress that the talented cook hated happily and leisurely served the meal -- --- -------</div>"," ","html-keyboard-response","1441","643901","0.0-1441.0","5d537c0cecc84200153075e9","6a04f72bb0f4a868caeeb473","6a05526634fbb9d50ec646a9","2bomnjjb","","","","spr_word","123","1b_2a","c","7","1b_2a-7","0","meal","17","21","false","","",""
"203","<div class=""spr-display"">The busboy revealed that the busy waitress that the talented cook hated happily and leisurely served the meal to --- -------</div>"," ","html-keyboard-response","1442","644104","0.0-1442.0","5d537c0cecc84200153075e9","6a04f72bb0f4a868caeeb473","6a05526634fbb9d50ec646a9","2bomnjjb","","","","spr_word","123","1b_2a","c","7","1b_2a-7","0","to","18","21","false","","",""
"188","<div class=""spr-display"">The busboy revealed that the busy waitress that the talented cook hated happily and leisurely served the meal to the -------</div>"," ","html-keyboard-response","1443","644294","0.0-1443.0","5d537c0cecc84200153075e9","6a04f72bb0f4a868caeeb473","6a05526634fbb9d50ec646a9","2bomnjjb","","","","spr_word","123","1b_2a","c","7","1b_2a-7","0","the","19","21","false","","",""
"190","<div class=""spr-display"">The busboy revealed that the busy waitress that the talented cook hated happily and leisurely served the meal to the family.</div>"," ","html-keyboard-response","1444","644485","0.0-1444.0","5d537c0cecc84200153075e9","6a04f72bb0f4a868caeeb473","6a05526634fbb9d50ec646a9","2bomnjjb","","","","spr_word","123","1b_2a","c","7","1b_2a-7","0","family.","20","21","false","","",""
"1612","<div class=""comprehension-box"">
                    <p>undefined</p>
                    <p>Press <span class=""key-label"">F</span> for <strong>Yes</strong> &nbsp;|&nbsp;
                    Press <span class=""key-label"">J</span> for <strong>No</strong></p>
                </div>","j","html-keyboard-response","1445","646098","0.0-1445.0","5d537c0cecc84200153075e9","6a04f72bb0f4a868caeeb473","6a05526634fbb9d50ec646a9","2bomnjjb","","","","comprehension","123","1b_2a","c","7","1b_2a-7","0","","","","","","No","false"
"649","<div class=""comprehension-box"">
                    <p class=""feedback-incorrect"">Incorrect</p>
                    <p style=""font-size:18px;"">The correct answer was <strong>No</strong>.</p>
                    <p style=""margin-top:20px; font-size:16px; color:#555;"">
                    Press <span class=""key-label"">SPACE</span> to continue.
                    </p>
                </div>"," ","html-keyboard-response","1446","646747","0.0-1446.0","5d537c0cecc84200153075e9","6a04f72bb0f4a868caeeb473","6a05526634fbb9d50ec646a9","2bomnjjb","","","","feedback","123","1b_2a","c","7","1b_2a-7","0","","","","","","",""
